id,first_name,last_name,email,signup_date,last_login,amount_spent,is_active,plan
1,Jordan,Lopez,jordan.lopez.1@example.com,2023-03-14,2023-10-20 14:48:35,6857.74,true,Pro
2,Taylor,Kim,taylor.kim.2@example.com,2023-05-07,2023-09-29 22:34:02,2417.69,true,Team
3,Casey,Smith,casey.smith.3@example.com,2025-12-15,2026-01-13 01:31:18,633.28,true,Enterprise
4,Morgan,Singh,morgan.singh.4@example.com,2024-01-26,2024-03-12 08:22:47,8567.19,true,Free
5,Riley,Müller,riley.müller.5@example.com,2025-04-08,2026-02-04 02:24:11,4960.31,true,Pro
6,Avery,Patel,avery.patel.6@example.com,2026-04-12,2027-03-10 15:52:14,9817.96,true,Team
7,Quinn,Brown,quinn.brown.7@example.com,2025-04-20,2026-02-19 13:47:00,6465.03,false,Enterprise
8,Sasha,Johnson,sasha.johnson.8@example.com,2024-02-25,2024-05-11 11:01:21,4336.69,true,Free
9,Drew,Garcia,drew.garcia.9@example.com,2024-04-19,2024-05-12 11:50:19,6047.14,true,Pro
10,Alex,Nguyen,alex.nguyen.10@example.com,2025-09-20,2026-03-28 07:58:33,2889.25,false,Team
11,Jordan,Lopez,jordan.lopez.11@example.com,2024-10-15,2025-03-28 11:45:39,3458.18,true,Enterprise
12,Taylor,Kim,taylor.kim.12@example.com,2023-07-06,2023-08-09 06:31:16,6696.91,true,Free
13,Casey,Smith,casey.smith.13@example.com,2025-08-29,2025-10-21 02:09:49,4728.05,true,Pro
14,Morgan,Singh,morgan.singh.14@example.com,2025-03-29,2026-01-29 20:14:38,9433.68,true,Team
15,Riley,Müller,riley.müller.15@example.com,2023-08-29,2024-03-04 02:55:56,7317.94,true,Enterprise
16,Avery,Patel,avery.patel.16@example.com,2024-04-25,2024-10-08 05:46:20,7307.14,true,Free
17,Quinn,Brown,quinn.brown.17@example.com,2024-06-21,2025-03-27 07:02:30,5213.09,true,Pro
18,Sasha,Johnson,sasha.johnson.18@example.com,2023-10-22,2023-12-22 01:51:55,8138.63,false,Team
19,Drew,Garcia,drew.garcia.19@example.com,2023-01-06,2023-04-03 09:47:59,4243.32,true,Enterprise
20,Alex,Nguyen,alex.nguyen.20@example.com,2023-09-07,2024-08-24 17:56:18,552.79,true,Free
21,Jordan,Lopez,jordan.lopez.21@example.com,2024-12-14,2025-07-14 03:41:17,6025.31,false,Pro
22,Taylor,Kim,taylor.kim.22@example.com,2026-01-12,2026-09-09 01:07:07,3406.46,true,Team
23,Casey,Smith,casey.smith.23@example.com,2025-05-04,2026-04-17 08:32:45,6594.80,true,Enterprise
24,Morgan,Singh,morgan.singh.24@example.com,2024-03-02,2024-03-22 07:07:25,1123.97,true,Free
25,Riley,Müller,riley.müller.25@example.com,2024-03-03,2024-11-08 09:43:55,7047.71,false,Pro
26,Avery,Patel,avery.patel.26@example.com,2023-04-21,2023-07-25 17:10:11,3443.27,false,Team
27,Quinn,Brown,quinn.brown.27@example.com,2025-05-19,2025-08-25 19:41:24,3228.35,true,Enterprise
28,Sasha,Johnson,sasha.johnson.28@example.com,2023-07-03,2023-12-06 22:33:34,8288.03,true,Free
29,Drew,Garcia,drew.garcia.29@example.com,2026-01-17,2026-11-27 16:59:19,2906.89,true,Pro
30,Alex,Nguyen,alex.nguyen.30@example.com,2025-10-04,2026-09-15 15:49:36,8373.09,true,Team
31,Jordan,Lopez,jordan.lopez.31@example.com,2024-09-08,2024-10-20 17:54:57,5440.60,false,Enterprise
32,Taylor,Kim,taylor.kim.32@example.com,2025-06-25,2025-07-21 18:22:11,7874.49,true,Free
33,Casey,Smith,casey.smith.33@example.com,2023-11-08,2023-11-18 03:37:28,936.99,true,Pro
34,Morgan,Singh,morgan.singh.34@example.com,2025-06-22,2026-01-10 20:54:04,7446.19,false,Team
35,Riley,Müller,riley.müller.35@example.com,2026-02-01,2026-07-12 06:17:58,6938.29,true,Enterprise
36,Avery,Patel,avery.patel.36@example.com,2024-09-19,2024-12-28 15:22:12,4039.99,true,Free
37,Quinn,Brown,quinn.brown.37@example.com,2024-11-14,2025-01-19 07:27:20,2682.20,true,Pro
38,Sasha,Johnson,sasha.johnson.38@example.com,2024-05-19,2024-10-29 19:35:37,8927.72,true,Team
39,Drew,Garcia,drew.garcia.39@example.com,2024-12-10,2025-04-04 21:36:32,9303.44,true,Enterprise
40,Alex,Nguyen,alex.nguyen.40@example.com,2024-09-09,2025-06-14 12:24:33,5432.68,true,Free
41,Jordan,Lopez,jordan.lopez.41@example.com,2024-08-07,2025-07-08 09:07:18,2801.98,false,Pro
42,Taylor,Kim,taylor.kim.42@example.com,2023-12-12,2023-12-20 13:34:50,1545.38,true,Team
43,Casey,Smith,casey.smith.43@example.com,2025-07-28,2026-04-01 13:57:47,637.80,true,Enterprise
44,Morgan,Singh,morgan.singh.44@example.com,2023-08-29,2024-01-09 22:01:55,8400.63,true,Free
45,Riley,Müller,riley.müller.45@example.com,2023-04-19,2023-07-01 23:59:29,8820.60,false,Pro
46,Avery,Patel,avery.patel.46@example.com,2024-03-16,2024-07-14 10:10:47,6423.09,true,Team
47,Quinn,Brown,quinn.brown.47@example.com,2024-03-03,2025-01-31 17:22:38,888.83,false,Enterprise
48,Sasha,Johnson,sasha.johnson.48@example.com,2024-06-14,2025-01-23 02:48:19,2395.76,true,Free
49,Drew,Garcia,drew.garcia.49@example.com,2023-08-01,2023-08-05 23:29:39,3632.49,true,Pro
50,Alex,Nguyen,alex.nguyen.50@example.com,2024-01-01,2024-12-30 05:28:49,6394.53,true,Team
51,Jordan,Lopez,jordan.lopez.51@example.com,2023-08-03,2024-03-23 03:01:04,1146.33,false,Enterprise
52,Taylor,Kim,taylor.kim.52@example.com,2023-05-08,2023-05-14 11:33:20,7137.42,true,Free
53,Casey,Smith,casey.smith.53@example.com,2025-09-14,2025-10-01 14:09:07,533.80,false,Pro
54,Morgan,Singh,morgan.singh.54@example.com,2023-08-14,2023-11-04 21:07:20,626.19,true,Team
55,Riley,Müller,riley.müller.55@example.com,2024-12-02,2025-05-23 13:38:36,6853.07,false,Enterprise
56,Avery,Patel,avery.patel.56@example.com,2026-01-26,2026-07-21 15:25:29,4085.13,true,Free
57,Quinn,Brown,quinn.brown.57@example.com,2024-04-08,2024-12-29 03:35:20,9368.50,true,Pro
58,Sasha,Johnson,sasha.johnson.58@example.com,2023-08-12,2024-07-15 20:00:11,7581.28,true,Team
59,Drew,Garcia,drew.garcia.59@example.com,2023-10-07,2023-12-21 13:25:32,2995.71,true,Enterprise
60,Alex,Nguyen,alex.nguyen.60@example.com,2024-06-22,2025-01-29 01:00:14,9341.47,false,Free
61,Jordan,Lopez,jordan.lopez.61@example.com,2025-05-11,2026-01-30 17:14:11,3778.18,false,Pro
62,Taylor,Kim,taylor.kim.62@example.com,2026-01-25,2026-03-26 03:10:30,9118.38,true,Team
63,Casey,Smith,casey.smith.63@example.com,2025-02-15,2025-09-14 12:17:19,689.34,true,Enterprise
64,Morgan,Singh,morgan.singh.64@example.com,2023-07-07,2024-01-18 06:40:11,4988.31,true,Free
65,Riley,Müller,riley.müller.65@example.com,2025-12-25,2026-10-31 16:39:29,7765.34,false,Pro
66,Avery,Patel,avery.patel.66@example.com,2024-05-02,2024-12-14 22:55:41,113.15,true,Team
67,Quinn,Brown,quinn.brown.67@example.com,2025-09-13,2026-01-26 02:25:28,7183.90,true,Enterprise
68,Sasha,Johnson,sasha.johnson.68@example.com,2025-12-29,2026-08-13 04:43:37,9711.02,false,Free
69,Drew,Garcia,drew.garcia.69@example.com,2023-08-14,2023-11-29 12:33:16,5402.55,false,Pro
70,Alex,Nguyen,alex.nguyen.70@example.com,2025-04-13,2025-08-11 17:24:01,366.38,false,Team
71,Jordan,Lopez,jordan.lopez.71@example.com,2025-03-10,2025-04-19 19:03:26,7579.33,true,Enterprise
72,Taylor,Kim,taylor.kim.72@example.com,2023-08-06,2024-01-25 03:32:43,7159.24,true,Free
73,Casey,Smith,casey.smith.73@example.com,2025-10-12,2026-05-11 18:34:29,2673.75,true,Pro
74,Morgan,Singh,morgan.singh.74@example.com,2023-06-26,2023-07-03 02:09:12,1630.02,true,Team
75,Riley,Müller,riley.müller.75@example.com,2023-05-26,2023-10-15 03:55:25,5870.38,true,Enterprise
76,Avery,Patel,avery.patel.76@example.com,2023-06-22,2024-03-08 22:39:31,6776.93,true,Free
77,Quinn,Brown,quinn.brown.77@example.com,2025-12-14,2026-04-06 19:39:50,8883.42,true,Pro
78,Sasha,Johnson,sasha.johnson.78@example.com,2025-12-08,2026-05-05 17:44:04,1312.51,true,Team
79,Drew,Garcia,drew.garcia.79@example.com,2025-02-11,2025-05-29 08:26:09,5005.74,true,Enterprise
80,Alex,Nguyen,alex.nguyen.80@example.com,2026-03-15,2026-04-07 03:05:18,4270.28,true,Free
81,Jordan,Lopez,jordan.lopez.81@example.com,2023-09-04,2024-08-15 00:32:30,1985.06,true,Pro
82,Taylor,Kim,taylor.kim.82@example.com,2025-04-19,2025-08-14 03:40:35,2053.46,true,Team
83,Casey,Smith,casey.smith.83@example.com,2024-06-26,2024-11-24 10:29:54,9125.86,true,Enterprise
84,Morgan,Singh,morgan.singh.84@example.com,2023-01-24,2023-09-19 18:29:22,4166.84,true,Free
85,Riley,Müller,riley.müller.85@example.com,2024-12-25,2025-07-27 03:21:59,2175.02,true,Pro
86,Avery,Patel,avery.patel.86@example.com,2024-12-31,2025-12-09 13:02:44,3947.46,true,Team
87,Quinn,Brown,quinn.brown.87@example.com,2024-08-03,2025-05-06 10:16:25,4844.16,false,Enterprise
88,Sasha,Johnson,sasha.johnson.88@example.com,2024-08-22,2025-04-21 17:46:27,7694.51,true,Free
89,Drew,Garcia,drew.garcia.89@example.com,2026-01-01,2026-03-18 03:41:45,8154.10,true,Pro
90,Alex,Nguyen,alex.nguyen.90@example.com,2024-07-10,2025-05-15 16:40:55,855.81,false,Team
91,Jordan,Lopez,jordan.lopez.91@example.com,2025-07-18,2026-04-22 23:09:33,642.45,true,Enterprise
92,Taylor,Kim,taylor.kim.92@example.com,2024-01-14,2024-01-14 23:13:36,5468.36,true,Free
93,Casey,Smith,casey.smith.93@example.com,2026-02-11,2026-11-26 22:28:37,7849.23,true,Pro
94,Morgan,Singh,morgan.singh.94@example.com,2023-09-24,2024-01-02 00:14:26,3238.83,true,Team
95,Riley,Müller,riley.müller.95@example.com,2025-09-12,2026-09-09 10:44:00,9153.33,true,Enterprise
96,Avery,Patel,avery.patel.96@example.com,2026-01-17,2026-04-09 06:43:57,7864.26,true,Free
97,Quinn,Brown,quinn.brown.97@example.com,2025-02-11,2026-02-06 08:03:01,7617.02,false,Pro
98,Sasha,Johnson,sasha.johnson.98@example.com,2025-10-28,2026-06-23 04:43:39,6373.92,true,Team
99,Drew,Garcia,drew.garcia.99@example.com,2024-11-26,2025-10-08 13:01:37,3724.82,true,Enterprise
100,Alex,Nguyen,alex.nguyen.100@example.com,2023-07-05,2024-02-01 21:09:30,9852.25,false,Free
101,Jordan,Lopez,jordan.lopez.101@example.com,2023-08-13,2024-01-18 11:42:33,8792.67,true,Pro
102,Taylor,Kim,taylor.kim.102@example.com,2024-05-16,2025-01-25 14:34:05,790.97,false,Team
103,Casey,Smith,casey.smith.103@example.com,2025-05-11,2025-12-05 07:04:52,823.70,false,Enterprise
104,Morgan,Singh,morgan.singh.104@example.com,2024-09-15,2024-12-01 20:23:45,6024.65,true,Free
105,Riley,Müller,riley.müller.105@example.com,2024-03-29,2025-02-06 18:11:37,3450.76,true,Pro
106,Avery,Patel,avery.patel.106@example.com,2025-09-12,2026-01-30 14:50:11,3694.23,false,Team
107,Quinn,Brown,quinn.brown.107@example.com,2026-02-28,2026-04-08 08:18:17,9244.67,true,Enterprise
108,Sasha,Johnson,sasha.johnson.108@example.com,2024-09-12,2025-05-08 15:36:26,1737.91,false,Free
109,Drew,Garcia,drew.garcia.109@example.com,2023-09-08,2023-11-29 01:08:41,6684.38,true,Pro
110,Alex,Nguyen,alex.nguyen.110@example.com,2024-09-06,2025-06-27 18:35:17,9358.15,false,Team
111,Jordan,Lopez,jordan.lopez.111@example.com,2024-12-01,2025-10-28 14:31:13,9376.44,true,Enterprise
112,Taylor,Kim,taylor.kim.112@example.com,2025-07-29,2026-01-07 08:04:25,3847.87,true,Free
113,Casey,Smith,casey.smith.113@example.com,2025-12-05,2026-06-24 06:20:07,4472.92,true,Pro
114,Morgan,Singh,morgan.singh.114@example.com,2026-02-23,2026-07-03 00:01:59,9978.60,true,Team
115,Riley,Müller,riley.müller.115@example.com,2026-04-06,2026-07-02 22:20:18,3081.45,false,Enterprise
116,Avery,Patel,avery.patel.116@example.com,2023-05-17,2024-05-16 01:40:46,1471.60,true,Free
117,Quinn,Brown,quinn.brown.117@example.com,2024-12-03,2025-03-07 02:46:20,3801.26,true,Pro
118,Sasha,Johnson,sasha.johnson.118@example.com,2024-02-24,2024-07-23 12:06:44,4849.02,true,Team
119,Drew,Garcia,drew.garcia.119@example.com,2024-07-23,2025-05-18 14:53:41,9844.40,true,Enterprise
120,Alex,Nguyen,alex.nguyen.120@example.com,2025-02-12,2025-12-08 15:06:53,8478.77,true,Free
121,Jordan,Lopez,jordan.lopez.121@example.com,2025-12-11,2026-07-14 22:36:10,4098.38,false,Pro
122,Taylor,Kim,taylor.kim.122@example.com,2023-02-01,2023-09-29 09:20:03,4432.68,true,Team
123,Casey,Smith,casey.smith.123@example.com,2024-04-18,2024-12-06 04:14:26,116.48,false,Enterprise
124,Morgan,Singh,morgan.singh.124@example.com,2024-10-09,2025-05-22 20:25:31,1094.94,true,Free
125,Riley,Müller,riley.müller.125@example.com,2024-11-19,2024-11-20 22:34:08,2786.28,true,Pro
126,Avery,Patel,avery.patel.126@example.com,2024-09-14,2025-01-18 20:10:07,2973.42,true,Team
127,Quinn,Brown,quinn.brown.127@example.com,2025-11-25,2026-07-13 18:45:05,8092.78,false,Enterprise
128,Sasha,Johnson,sasha.johnson.128@example.com,2023-01-30,2023-04-30 14:31:53,3280.10,true,Free
129,Drew,Garcia,drew.garcia.129@example.com,2026-03-04,2026-07-17 07:42:50,8276.22,true,Pro
130,Alex,Nguyen,alex.nguyen.130@example.com,2025-05-27,2025-09-24 02:14:31,1048.68,true,Team
131,Jordan,Lopez,jordan.lopez.131@example.com,2024-10-02,2024-10-30 01:46:20,6521.80,true,Enterprise
132,Taylor,Kim,taylor.kim.132@example.com,2026-01-24,2027-01-03 22:02:22,6671.40,true,Free
133,Casey,Smith,casey.smith.133@example.com,2023-09-16,2023-10-06 17:54:17,462.78,true,Pro
134,Morgan,Singh,morgan.singh.134@example.com,2024-03-07,2024-04-08 05:21:52,4236.60,true,Team
135,Riley,Müller,riley.müller.135@example.com,2025-08-13,2026-02-20 02:34:01,3724.42,false,Enterprise
136,Avery,Patel,avery.patel.136@example.com,2023-06-21,2024-05-05 00:05:50,211.34,true,Free
137,Quinn,Brown,quinn.brown.137@example.com,2025-09-03,2026-07-20 02:30:59,7593.04,true,Pro
138,Sasha,Johnson,sasha.johnson.138@example.com,2025-09-18,2026-01-13 19:22:53,6203.47,true,Team
139,Drew,Garcia,drew.garcia.139@example.com,2024-01-05,2024-03-13 08:22:30,8087.97,true,Enterprise
140,Alex,Nguyen,alex.nguyen.140@example.com,2024-04-17,2024-11-23 05:36:40,6552.97,true,Free
141,Jordan,Lopez,jordan.lopez.141@example.com,2024-09-20,2024-10-06 11:42:11,4659.45,true,Pro
142,Taylor,Kim,taylor.kim.142@example.com,2025-09-15,2026-02-09 05:20:33,6780.97,true,Team
143,Casey,Smith,casey.smith.143@example.com,2025-04-02,2025-07-24 19:07:43,2440.55,false,Enterprise
144,Morgan,Singh,morgan.singh.144@example.com,2025-10-02,2026-03-27 02:30:02,2843.82,false,Free
145,Riley,Müller,riley.müller.145@example.com,2023-05-15,2023-09-16 16:29:00,3352.70,true,Pro
146,Avery,Patel,avery.patel.146@example.com,2024-07-18,2024-09-03 02:50:47,9141.54,true,Team
147,Quinn,Brown,quinn.brown.147@example.com,2023-02-08,2024-01-12 16:42:04,985.88,true,Enterprise
148,Sasha,Johnson,sasha.johnson.148@example.com,2026-01-20,2026-03-17 19:36:12,4090.92,true,Free
149,Drew,Garcia,drew.garcia.149@example.com,2023-12-31,2024-07-07 22:49:01,5136.47,false,Pro
150,Alex,Nguyen,alex.nguyen.150@example.com,2025-10-12,2026-03-26 21:50:27,5342.51,true,Team
151,Jordan,Lopez,jordan.lopez.151@example.com,2023-07-13,2024-04-11 22:32:10,4542.50,true,Enterprise
152,Taylor,Kim,taylor.kim.152@example.com,2023-06-09,2023-07-31 12:10:32,6017.13,false,Free
153,Casey,Smith,casey.smith.153@example.com,2024-12-29,2025-12-19 08:20:09,2425.02,true,Pro
154,Morgan,Singh,morgan.singh.154@example.com,2023-11-20,2023-12-25 09:29:29,1909.19,true,Team
155,Riley,Müller,riley.müller.155@example.com,2023-07-15,2023-07-27 04:42:24,3227.85,true,Enterprise
156,Avery,Patel,avery.patel.156@example.com,2025-10-25,2026-04-18 02:15:19,3336.08,true,Free
157,Quinn,Brown,quinn.brown.157@example.com,2024-11-02,2025-02-04 05:33:52,6134.56,true,Pro
158,Sasha,Johnson,sasha.johnson.158@example.com,2023-04-09,2024-01-24 16:20:11,147.87,true,Team
159,Drew,Garcia,drew.garcia.159@example.com,2024-06-04,2024-10-03 23:17:52,477.14,true,Enterprise
160,Alex,Nguyen,alex.nguyen.160@example.com,2024-06-12,2025-02-13 19:31:17,2381.62,false,Free
161,Jordan,Lopez,jordan.lopez.161@example.com,2025-09-12,2025-09-16 12:20:30,4627.95,true,Pro
162,Taylor,Kim,taylor.kim.162@example.com,2025-02-23,2026-02-09 04:32:29,6356.23,true,Team
163,Casey,Smith,casey.smith.163@example.com,2025-05-04,2025-10-18 02:58:36,3825.32,true,Enterprise
164,Morgan,Singh,morgan.singh.164@example.com,2025-02-07,2025-06-02 22:54:11,9347.05,true,Free
165,Riley,Müller,riley.müller.165@example.com,2023-03-17,2023-05-15 11:56:11,6967.87,true,Pro
166,Avery,Patel,avery.patel.166@example.com,2023-01-03,2023-06-17 09:01:29,5012.76,true,Team
167,Quinn,Brown,quinn.brown.167@example.com,2024-10-11,2024-11-21 03:04:22,6887.03,false,Enterprise
168,Sasha,Johnson,sasha.johnson.168@example.com,2025-01-06,2025-12-06 14:59:58,5765.02,true,Free
169,Drew,Garcia,drew.garcia.169@example.com,2025-05-02,2025-12-26 09:01:09,5904.76,true,Pro
170,Alex,Nguyen,alex.nguyen.170@example.com,2025-09-19,2025-10-10 17:49:48,4713.07,true,Team
171,Jordan,Lopez,jordan.lopez.171@example.com,2025-05-24,2026-01-31 11:26:44,9089.36,true,Enterprise
172,Taylor,Kim,taylor.kim.172@example.com,2023-03-09,2023-06-26 21:05:59,6935.53,true,Free
173,Casey,Smith,casey.smith.173@example.com,2025-12-28,2026-12-17 09:21:24,3156.91,true,Pro
174,Morgan,Singh,morgan.singh.174@example.com,2024-03-02,2024-04-05 12:29:41,127.43,true,Team
175,Riley,Müller,riley.müller.175@example.com,2025-07-07,2025-09-14 20:51:55,5104.62,false,Enterprise
176,Avery,Patel,avery.patel.176@example.com,2025-05-21,2026-04-08 16:44:01,9982.69,true,Free
177,Quinn,Brown,quinn.brown.177@example.com,2024-07-09,2024-09-22 23:00:20,3856.67,true,Pro
178,Sasha,Johnson,sasha.johnson.178@example.com,2023-12-12,2024-08-24 00:43:50,9271.72,true,Team
179,Drew,Garcia,drew.garcia.179@example.com,2026-02-21,2026-05-09 14:13:17,8017.36,true,Enterprise
180,Alex,Nguyen,alex.nguyen.180@example.com,2023-02-14,2023-12-29 13:19:59,1290.81,true,Free
181,Jordan,Lopez,jordan.lopez.181@example.com,2023-12-08,2024-04-17 05:03:03,8503.71,true,Pro
182,Taylor,Kim,taylor.kim.182@example.com,2025-09-23,2025-12-21 23:50:48,4961.73,false,Team
183,Casey,Smith,casey.smith.183@example.com,2025-12-02,2026-08-08 13:20:07,4394.85,true,Enterprise
184,Morgan,Singh,morgan.singh.184@example.com,2024-10-15,2024-11-13 20:17:56,9677.37,true,Free
185,Riley,Müller,riley.müller.185@example.com,2025-07-06,2026-05-27 09:41:53,131.87,true,Pro
186,Avery,Patel,avery.patel.186@example.com,2025-06-15,2026-02-20 03:31:52,6192.67,true,Team
187,Quinn,Brown,quinn.brown.187@example.com,2025-04-07,2025-08-13 15:02:44,3931.00,false,Enterprise
188,Sasha,Johnson,sasha.johnson.188@example.com,2024-07-11,2024-11-22 07:18:17,5204.12,true,Free
189,Drew,Garcia,drew.garcia.189@example.com,2023-01-06,2023-04-02 01:21:00,8083.86,true,Pro
190,Alex,Nguyen,alex.nguyen.190@example.com,2025-07-07,2026-05-31 19:52:08,4107.81,true,Team
191,Jordan,Lopez,jordan.lopez.191@example.com,2025-11-03,2026-09-22 09:33:07,6235.51,true,Enterprise
192,Taylor,Kim,taylor.kim.192@example.com,2025-07-08,2026-02-06 12:10:17,666.22,true,Free
193,Casey,Smith,casey.smith.193@example.com,2025-07-23,2026-06-14 02:06:22,7149.81,true,Pro
194,Morgan,Singh,morgan.singh.194@example.com,2026-01-01,2026-03-10 11:57:58,4664.68,true,Team
195,Riley,Müller,riley.müller.195@example.com,2024-04-08,2025-01-23 06:28:36,287.58,false,Enterprise
196,Avery,Patel,avery.patel.196@example.com,2024-05-13,2024-06-17 06:44:48,6541.84,true,Free
197,Quinn,Brown,quinn.brown.197@example.com,2025-09-10,2026-08-10 16:27:09,5969.75,true,Pro
198,Sasha,Johnson,sasha.johnson.198@example.com,2023-07-23,2024-04-13 01:12:49,4952.24,true,Team
199,Drew,Garcia,drew.garcia.199@example.com,2024-10-17,2025-03-01 18:29:13,6936.32,false,Enterprise
200,Alex,Nguyen,alex.nguyen.200@example.com,2025-08-28,2026-08-26 18:51:47,5577.70,true,Free
201,Jordan,Lopez,jordan.lopez.201@example.com,2025-03-30,2025-08-11 15:34:56,5749.78,true,Pro
202,Taylor,Kim,taylor.kim.202@example.com,2024-03-04,2024-10-22 17:38:31,6531.55,true,Team
203,Casey,Smith,casey.smith.203@example.com,2025-10-30,2026-03-17 21:27:54,1265.92,true,Enterprise
204,Morgan,Singh,morgan.singh.204@example.com,2023-04-14,2023-06-08 05:12:22,8411.21,false,Free
205,Riley,Müller,riley.müller.205@example.com,2023-10-02,2023-11-26 19:03:11,8930.48,true,Pro
206,Avery,Patel,avery.patel.206@example.com,2024-01-19,2024-10-26 08:23:15,5841.05,true,Team
207,Quinn,Brown,quinn.brown.207@example.com,2025-06-21,2025-06-29 16:24:05,6568.69,true,Enterprise
208,Sasha,Johnson,sasha.johnson.208@example.com,2024-03-02,2025-02-11 08:39:56,7705.26,true,Free
209,Drew,Garcia,drew.garcia.209@example.com,2024-04-12,2025-02-06 08:51:39,243.86,false,Pro
210,Alex,Nguyen,alex.nguyen.210@example.com,2023-05-24,2024-05-03 01:41:07,5782.14,true,Team
211,Jordan,Lopez,jordan.lopez.211@example.com,2024-11-26,2025-09-01 17:44:16,5698.63,true,Enterprise
212,Taylor,Kim,taylor.kim.212@example.com,2024-05-16,2025-02-14 23:16:56,1944.38,true,Free
213,Casey,Smith,casey.smith.213@example.com,2023-09-20,2024-04-23 13:55:13,465.23,false,Pro
214,Morgan,Singh,morgan.singh.214@example.com,2026-01-29,2026-06-03 09:05:37,2500.26,true,Team
215,Riley,Müller,riley.müller.215@example.com,2023-10-17,2024-05-03 02:43:59,5360.48,true,Enterprise
216,Avery,Patel,avery.patel.216@example.com,2025-12-07,2026-06-05 09:27:10,456.24,true,Free
217,Quinn,Brown,quinn.brown.217@example.com,2024-07-10,2024-10-07 16:55:22,1828.85,false,Pro
218,Sasha,Johnson,sasha.johnson.218@example.com,2023-10-22,2024-03-04 00:20:21,207.95,true,Team
219,Drew,Garcia,drew.garcia.219@example.com,2025-09-16,2026-07-07 18:45:07,5549.33,true,Enterprise
220,Alex,Nguyen,alex.nguyen.220@example.com,2025-05-14,2025-06-17 04:58:35,8319.55,true,Free
221,Jordan,Lopez,jordan.lopez.221@example.com,2025-05-31,2025-12-24 07:08:46,6715.79,false,Pro
222,Taylor,Kim,taylor.kim.222@example.com,2025-01-09,2025-04-24 19:34:30,9109.11,false,Team
223,Casey,Smith,casey.smith.223@example.com,2024-07-18,2024-12-13 10:10:00,8634.52,true,Enterprise
224,Morgan,Singh,morgan.singh.224@example.com,2025-09-15,2026-07-11 13:01:05,9013.70,true,Free
225,Riley,Müller,riley.müller.225@example.com,2024-05-21,2025-02-20 05:13:37,9920.74,false,Pro
226,Avery,Patel,avery.patel.226@example.com,2025-02-28,2025-07-03 12:18:21,7629.21,false,Team
227,Quinn,Brown,quinn.brown.227@example.com,2026-01-13,2026-07-03 13:39:04,6470.19,true,Enterprise
228,Sasha,Johnson,sasha.johnson.228@example.com,2025-03-25,2025-04-04 07:02:59,1128.67,true,Free
229,Drew,Garcia,drew.garcia.229@example.com,2026-01-06,2026-03-24 20:53:51,6486.15,true,Pro
230,Alex,Nguyen,alex.nguyen.230@example.com,2026-04-11,2026-12-30 08:47:35,5810.55,false,Team
231,Jordan,Lopez,jordan.lopez.231@example.com,2023-04-20,2023-10-01 01:11:05,493.23,true,Enterprise
232,Taylor,Kim,taylor.kim.232@example.com,2025-11-22,2026-04-08 10:10:05,9887.07,true,Free
233,Casey,Smith,casey.smith.233@example.com,2026-01-08,2026-04-12 18:16:22,5156.36,true,Pro
234,Morgan,Singh,morgan.singh.234@example.com,2025-07-25,2026-06-06 15:31:53,800.34,true,Team
235,Riley,Müller,riley.müller.235@example.com,2024-09-10,2024-12-25 00:21:26,4233.04,false,Enterprise
236,Avery,Patel,avery.patel.236@example.com,2026-02-04,2026-12-18 20:01:35,8871.81,false,Free
237,Quinn,Brown,quinn.brown.237@example.com,2024-07-08,2025-02-24 16:30:29,1614.30,true,Pro
238,Sasha,Johnson,sasha.johnson.238@example.com,2023-06-08,2024-05-13 11:01:55,4625.90,true,Team
239,Drew,Garcia,drew.garcia.239@example.com,2025-12-05,2026-09-15 18:41:42,245.52,false,Enterprise
240,Alex,Nguyen,alex.nguyen.240@example.com,2025-02-28,2025-06-09 20:45:45,7734.41,true,Free
241,Jordan,Lopez,jordan.lopez.241@example.com,2024-10-25,2025-05-29 01:22:01,3262.37,false,Pro
242,Taylor,Kim,taylor.kim.242@example.com,2025-03-14,2026-03-05 19:51:44,9070.66,true,Team
243,Casey,Smith,casey.smith.243@example.com,2025-06-15,2025-07-02 05:37:29,5480.35,true,Enterprise
244,Morgan,Singh,morgan.singh.244@example.com,2024-02-24,2024-11-10 03:12:47,7594.30,true,Free
245,Riley,Müller,riley.müller.245@example.com,2023-01-09,2023-08-22 21:29:42,6934.08,true,Pro
246,Avery,Patel,avery.patel.246@example.com,2024-07-07,2025-06-08 07:02:42,6286.53,true,Team
247,Quinn,Brown,quinn.brown.247@example.com,2024-12-12,2025-11-19 00:45:07,3558.00,false,Enterprise
248,Sasha,Johnson,sasha.johnson.248@example.com,2023-04-16,2023-07-10 13:51:02,6611.31,false,Free
249,Drew,Garcia,drew.garcia.249@example.com,2023-02-17,2023-12-26 21:21:47,36.48,true,Pro
250,Alex,Nguyen,alex.nguyen.250@example.com,2024-09-25,2025-07-13 04:33:58,7090.60,true,Team
251,Jordan,Lopez,jordan.lopez.251@example.com,2025-09-03,2026-05-22 18:43:34,2369.14,false,Enterprise
252,Taylor,Kim,taylor.kim.252@example.com,2023-07-16,2024-03-11 16:53:41,8802.70,false,Free
253,Casey,Smith,casey.smith.253@example.com,2024-01-09,2024-03-07 11:51:33,8174.67,true,Pro
254,Morgan,Singh,morgan.singh.254@example.com,2024-07-24,2024-08-02 10:25:23,984.02,true,Team
255,Riley,Müller,riley.müller.255@example.com,2024-03-04,2024-11-29 11:17:39,2202.47,true,Enterprise
256,Avery,Patel,avery.patel.256@example.com,2023-08-04,2023-12-17 06:54:32,398.54,true,Free
257,Quinn,Brown,quinn.brown.257@example.com,2023-07-02,2023-07-16 09:56:54,5735.15,true,Pro
258,Sasha,Johnson,sasha.johnson.258@example.com,2025-06-12,2026-06-06 03:10:54,4292.98,true,Team
259,Drew,Garcia,drew.garcia.259@example.com,2025-02-04,2025-09-18 11:36:22,6388.30,true,Enterprise
260,Alex,Nguyen,alex.nguyen.260@example.com,2025-08-29,2025-12-23 06:37:27,8386.51,false,Free
261,Jordan,Lopez,jordan.lopez.261@example.com,2026-02-15,2026-04-24 00:42:54,1903.15,true,Pro
262,Taylor,Kim,taylor.kim.262@example.com,2025-05-05,2026-04-14 11:24:05,5426.19,true,Team
263,Casey,Smith,casey.smith.263@example.com,2024-12-15,2025-10-11 00:39:20,9351.89,true,Enterprise
264,Morgan,Singh,morgan.singh.264@example.com,2024-02-06,2024-03-28 15:38:25,1489.27,true,Free
265,Riley,Müller,riley.müller.265@example.com,2023-11-23,2023-12-22 20:28:22,4528.64,false,Pro
266,Avery,Patel,avery.patel.266@example.com,2024-01-09,2024-04-30 13:21:38,4347.27,true,Team
267,Quinn,Brown,quinn.brown.267@example.com,2024-10-10,2025-04-01 03:58:04,6454.52,true,Enterprise
268,Sasha,Johnson,sasha.johnson.268@example.com,2023-11-20,2024-09-22 01:16:10,629.46,true,Free
269,Drew,Garcia,drew.garcia.269@example.com,2024-05-08,2024-11-17 05:49:03,3937.60,true,Pro
270,Alex,Nguyen,alex.nguyen.270@example.com,2024-02-09,2024-03-17 23:34:03,9203.08,true,Team
271,Jordan,Lopez,jordan.lopez.271@example.com,2024-05-19,2024-07-23 21:12:22,8035.15,true,Enterprise
272,Taylor,Kim,taylor.kim.272@example.com,2025-09-07,2026-02-21 04:12:25,4583.56,true,Free
273,Casey,Smith,casey.smith.273@example.com,2023-05-02,2023-10-29 02:48:34,1378.82,true,Pro
274,Morgan,Singh,morgan.singh.274@example.com,2025-12-28,2026-04-07 01:03:23,4651.77,true,Team
275,Riley,Müller,riley.müller.275@example.com,2024-07-27,2024-08-13 21:09:30,279.00,false,Enterprise
276,Avery,Patel,avery.patel.276@example.com,2023-07-24,2023-09-22 01:19:11,7018.28,true,Free
277,Quinn,Brown,quinn.brown.277@example.com,2026-01-18,2026-05-29 15:05:55,7573.25,false,Pro
278,Sasha,Johnson,sasha.johnson.278@example.com,2025-12-16,2026-03-05 21:37:49,8615.86,true,Team
279,Drew,Garcia,drew.garcia.279@example.com,2025-10-31,2025-12-31 15:30:25,4789.87,false,Enterprise
280,Alex,Nguyen,alex.nguyen.280@example.com,2023-07-22,2024-01-07 03:23:16,8825.37,true,Free
281,Jordan,Lopez,jordan.lopez.281@example.com,2024-10-16,2025-06-14 07:33:22,5750.55,true,Pro
282,Taylor,Kim,taylor.kim.282@example.com,2023-08-06,2023-11-26 03:41:14,2252.01,true,Team
283,Casey,Smith,casey.smith.283@example.com,2023-09-03,2024-08-21 23:14:33,8232.39,true,Enterprise
284,Morgan,Singh,morgan.singh.284@example.com,2025-02-09,2025-08-12 15:17:29,7276.76,true,Free
285,Riley,Müller,riley.müller.285@example.com,2023-08-11,2023-10-05 11:13:45,2891.45,true,Pro
286,Avery,Patel,avery.patel.286@example.com,2026-03-19,2026-10-09 09:56:09,8426.78,true,Team
287,Quinn,Brown,quinn.brown.287@example.com,2025-10-04,2026-05-15 04:35:01,7054.10,true,Enterprise
288,Sasha,Johnson,sasha.johnson.288@example.com,2023-08-13,2024-01-15 04:43:48,3233.19,false,Free
289,Drew,Garcia,drew.garcia.289@example.com,2024-12-22,2025-09-01 15:24:39,5533.04,false,Pro
290,Alex,Nguyen,alex.nguyen.290@example.com,2023-01-13,2023-03-02 19:18:56,9342.84,true,Team
291,Jordan,Lopez,jordan.lopez.291@example.com,2024-11-26,2024-12-07 14:22:48,4367.00,true,Enterprise
292,Taylor,Kim,taylor.kim.292@example.com,2023-03-16,2024-01-21 13:30:11,4475.81,true,Free
293,Casey,Smith,casey.smith.293@example.com,2026-03-16,2026-07-28 13:28:10,2259.20,true,Pro
294,Morgan,Singh,morgan.singh.294@example.com,2026-04-22,2026-10-25 08:45:12,2376.01,true,Team
295,Riley,Müller,riley.müller.295@example.com,2025-07-08,2025-12-03 20:54:28,4550.72,true,Enterprise
296,Avery,Patel,avery.patel.296@example.com,2023-04-30,2023-12-14 16:52:18,679.00,false,Free
297,Quinn,Brown,quinn.brown.297@example.com,2026-01-14,2026-11-12 02:39:06,2651.48,true,Pro
298,Sasha,Johnson,sasha.johnson.298@example.com,2026-03-11,2026-08-02 20:49:42,4595.41,true,Team
299,Drew,Garcia,drew.garcia.299@example.com,2024-11-16,2025-07-22 06:23:40,1262.09,true,Enterprise
300,Alex,Nguyen,alex.nguyen.300@example.com,2023-01-23,2023-05-15 03:22:17,6009.32,true,Free
301,Jordan,Lopez,jordan.lopez.301@example.com,2023-08-15,2024-02-04 05:13:24,1968.63,true,Pro
302,Taylor,Kim,taylor.kim.302@example.com,2025-12-22,2026-12-21 10:31:39,5132.03,false,Team
303,Casey,Smith,casey.smith.303@example.com,2023-09-05,2024-03-21 15:14:21,1794.72,false,Enterprise
304,Morgan,Singh,morgan.singh.304@example.com,2026-03-13,2026-07-29 02:18:51,755.44,true,Free
305,Riley,Müller,riley.müller.305@example.com,2025-09-11,2026-03-16 18:46:08,7896.32,true,Pro
306,Avery,Patel,avery.patel.306@example.com,2025-10-08,2026-01-06 12:42:42,7466.60,true,Team
307,Quinn,Brown,quinn.brown.307@example.com,2026-03-26,2026-12-22 13:05:32,9682.26,true,Enterprise
308,Sasha,Johnson,sasha.johnson.308@example.com,2025-04-04,2025-04-13 03:29:56,694.82,true,Free
309,Drew,Garcia,drew.garcia.309@example.com,2024-08-13,2025-03-06 20:26:22,6160.82,true,Pro
310,Alex,Nguyen,alex.nguyen.310@example.com,2023-11-23,2024-02-12 15:16:52,4203.72,true,Team
311,Jordan,Lopez,jordan.lopez.311@example.com,2025-05-28,2026-02-07 21:29:16,5876.83,false,Enterprise
312,Taylor,Kim,taylor.kim.312@example.com,2024-11-03,2025-05-21 08:53:56,4.26,true,Free
313,Casey,Smith,casey.smith.313@example.com,2025-04-22,2025-05-09 03:35:57,1337.59,true,Pro
314,Morgan,Singh,morgan.singh.314@example.com,2025-12-18,2026-06-08 01:19:57,6944.97,true,Team
315,Riley,Müller,riley.müller.315@example.com,2026-02-20,2026-10-19 04:52:19,6540.99,false,Enterprise
316,Avery,Patel,avery.patel.316@example.com,2023-05-08,2023-08-30 18:17:42,9398.14,true,Free
317,Quinn,Brown,quinn.brown.317@example.com,2025-05-03,2026-02-01 07:02:42,6656.10,false,Pro
318,Sasha,Johnson,sasha.johnson.318@example.com,2025-03-29,2025-07-13 08:59:55,4468.30,true,Team
319,Drew,Garcia,drew.garcia.319@example.com,2026-03-30,2026-04-22 03:59:45,5188.11,true,Enterprise
320,Alex,Nguyen,alex.nguyen.320@example.com,2025-06-09,2026-02-14 22:07:06,6003.33,true,Free
321,Jordan,Lopez,jordan.lopez.321@example.com,2023-07-27,2023-11-03 15:21:24,4988.19,false,Pro
322,Taylor,Kim,taylor.kim.322@example.com,2025-02-18,2026-01-16 21:54:03,2700.54,true,Team
323,Casey,Smith,casey.smith.323@example.com,2023-07-21,2024-02-16 01:43:15,3767.17,true,Enterprise
324,Morgan,Singh,morgan.singh.324@example.com,2024-12-07,2025-02-28 17:06:02,7435.28,true,Free
325,Riley,Müller,riley.müller.325@example.com,2025-10-27,2026-05-25 06:35:51,6892.97,true,Pro
326,Avery,Patel,avery.patel.326@example.com,2026-02-01,2026-03-19 22:22:24,4964.44,true,Team
327,Quinn,Brown,quinn.brown.327@example.com,2024-01-27,2025-01-21 17:58:54,1499.13,false,Enterprise
328,Sasha,Johnson,sasha.johnson.328@example.com,2025-01-20,2025-09-03 08:17:50,1812.33,true,Free
329,Drew,Garcia,drew.garcia.329@example.com,2025-07-29,2025-11-05 16:37:49,840.59,true,Pro
330,Alex,Nguyen,alex.nguyen.330@example.com,2024-01-03,2024-11-15 14:15:25,8508.49,true,Team
331,Jordan,Lopez,jordan.lopez.331@example.com,2025-02-26,2025-05-24 19:39:44,9797.18,false,Enterprise
332,Taylor,Kim,taylor.kim.332@example.com,2024-02-04,2024-08-21 16:45:09,6876.52,true,Free
333,Casey,Smith,casey.smith.333@example.com,2023-10-22,2024-05-11 20:02:46,2692.46,true,Pro
334,Morgan,Singh,morgan.singh.334@example.com,2023-01-26,2023-07-28 00:25:47,4988.69,true,Team
335,Riley,Müller,riley.müller.335@example.com,2025-02-09,2025-06-03 08:23:39,9559.36,true,Enterprise
336,Avery,Patel,avery.patel.336@example.com,2026-01-04,2026-03-15 13:29:13,4121.16,true,Free
337,Quinn,Brown,quinn.brown.337@example.com,2023-09-14,2024-08-30 00:02:43,3566.53,true,Pro
338,Sasha,Johnson,sasha.johnson.338@example.com,2025-05-26,2025-11-14 01:42:21,3861.19,true,Team
339,Drew,Garcia,drew.garcia.339@example.com,2024-05-09,2025-04-03 23:21:11,5945.17,true,Enterprise
340,Alex,Nguyen,alex.nguyen.340@example.com,2026-04-22,2026-06-15 01:31:02,2007.70,true,Free
341,Jordan,Lopez,jordan.lopez.341@example.com,2026-04-21,2027-04-02 22:10:23,2045.77,true,Pro
342,Taylor,Kim,taylor.kim.342@example.com,2025-11-16,2026-04-19 17:33:00,8857.84,true,Team
343,Casey,Smith,casey.smith.343@example.com,2025-06-12,2025-12-26 06:43:44,4587.88,true,Enterprise
344,Morgan,Singh,morgan.singh.344@example.com,2025-10-03,2026-01-21 14:57:25,418.90,true,Free
345,Riley,Müller,riley.müller.345@example.com,2024-10-30,2025-06-17 12:33:42,3558.47,true,Pro
346,Avery,Patel,avery.patel.346@example.com,2025-03-23,2025-04-13 17:46:25,8611.03,true,Team
347,Quinn,Brown,quinn.brown.347@example.com,2025-05-07,2026-01-15 20:24:16,3146.64,true,Enterprise
348,Sasha,Johnson,sasha.johnson.348@example.com,2026-03-30,2026-07-23 18:57:29,8902.26,false,Free
349,Drew,Garcia,drew.garcia.349@example.com,2024-08-27,2025-07-11 19:15:49,9402.80,true,Pro
350,Alex,Nguyen,alex.nguyen.350@example.com,2026-02-01,2026-02-18 09:26:54,8727.08,true,Team
351,Jordan,Lopez,jordan.lopez.351@example.com,2023-08-26,2024-06-17 00:40:34,523.99,true,Enterprise
352,Taylor,Kim,taylor.kim.352@example.com,2024-05-13,2025-03-14 19:18:14,219.74,true,Free
353,Casey,Smith,casey.smith.353@example.com,2023-07-02,2023-12-05 06:55:58,5700.50,true,Pro
354,Morgan,Singh,morgan.singh.354@example.com,2025-04-17,2025-08-08 20:39:33,551.93,true,Team
355,Riley,Müller,riley.müller.355@example.com,2023-03-25,2023-06-16 10:30:08,6875.59,true,Enterprise
356,Avery,Patel,avery.patel.356@example.com,2023-03-29,2023-09-25 00:26:24,5037.15,true,Free
357,Quinn,Brown,quinn.brown.357@example.com,2023-06-30,2024-06-04 04:53:36,7588.25,true,Pro
358,Sasha,Johnson,sasha.johnson.358@example.com,2023-05-15,2024-03-06 01:08:54,3557.83,true,Team
359,Drew,Garcia,drew.garcia.359@example.com,2025-07-15,2026-03-04 01:42:14,8052.48,false,Enterprise
360,Alex,Nguyen,alex.nguyen.360@example.com,2023-11-23,2024-04-05 04:02:33,8321.11,true,Free
361,Jordan,Lopez,jordan.lopez.361@example.com,2026-01-16,2026-02-24 08:03:58,940.96,true,Pro
362,Taylor,Kim,taylor.kim.362@example.com,2026-01-17,2026-01-29 03:50:19,9323.37,true,Team
363,Casey,Smith,casey.smith.363@example.com,2025-08-31,2026-04-25 21:03:03,657.74,true,Enterprise
364,Morgan,Singh,morgan.singh.364@example.com,2025-07-11,2025-11-06 11:42:50,4759.86,false,Free
365,Riley,Müller,riley.müller.365@example.com,2024-01-01,2024-09-12 03:00:11,4458.58,true,Pro
366,Avery,Patel,avery.patel.366@example.com,2024-07-01,2025-03-13 08:39:41,553.51,true,Team
367,Quinn,Brown,quinn.brown.367@example.com,2023-10-09,2023-10-29 17:54:42,6481.36,true,Enterprise
368,Sasha,Johnson,sasha.johnson.368@example.com,2023-08-03,2023-11-18 07:21:58,4562.98,false,Free
369,Drew,Garcia,drew.garcia.369@example.com,2024-07-09,2025-06-03 06:34:55,3269.24,false,Pro
370,Alex,Nguyen,alex.nguyen.370@example.com,2024-08-15,2024-12-11 02:21:52,4892.85,true,Team
371,Jordan,Lopez,jordan.lopez.371@example.com,2024-03-24,2024-06-16 14:36:35,3162.43,true,Enterprise
372,Taylor,Kim,taylor.kim.372@example.com,2023-02-19,2023-09-06 04:18:52,3247.60,true,Free
373,Casey,Smith,casey.smith.373@example.com,2025-02-17,2025-11-07 12:31:52,5952.10,true,Pro
374,Morgan,Singh,morgan.singh.374@example.com,2023-08-31,2024-08-25 07:04:47,4759.25,true,Team
375,Riley,Müller,riley.müller.375@example.com,2023-09-07,2024-07-08 22:41:22,2874.38,true,Enterprise
376,Avery,Patel,avery.patel.376@example.com,2023-05-29,2023-09-26 18:16:10,444.01,true,Free
377,Quinn,Brown,quinn.brown.377@example.com,2023-08-29,2024-04-27 18:25:33,2097.05,true,Pro
378,Sasha,Johnson,sasha.johnson.378@example.com,2026-04-16,2026-05-17 21:35:56,2204.56,true,Team
379,Drew,Garcia,drew.garcia.379@example.com,2025-11-01,2025-12-27 15:28:18,613.02,true,Enterprise
380,Alex,Nguyen,alex.nguyen.380@example.com,2025-09-14,2026-08-19 08:37:08,821.67,true,Free
381,Jordan,Lopez,jordan.lopez.381@example.com,2024-08-01,2024-09-05 20:25:09,2173.49,true,Pro
382,Taylor,Kim,taylor.kim.382@example.com,2024-09-29,2024-12-17 18:11:35,4598.45,true,Team
383,Casey,Smith,casey.smith.383@example.com,2023-01-01,2023-03-06 16:04:05,6779.38,true,Enterprise
384,Morgan,Singh,morgan.singh.384@example.com,2024-11-24,2025-01-12 09:37:38,8256.19,true,Free
385,Riley,Müller,riley.müller.385@example.com,2025-05-25,2025-06-29 16:29:49,3744.31,false,Pro
386,Avery,Patel,avery.patel.386@example.com,2024-03-13,2025-02-13 15:06:39,5491.80,false,Team
387,Quinn,Brown,quinn.brown.387@example.com,2025-04-14,2025-06-05 06:54:50,5347.71,true,Enterprise
388,Sasha,Johnson,sasha.johnson.388@example.com,2023-08-04,2024-02-11 05:12:32,9835.62,true,Free
389,Drew,Garcia,drew.garcia.389@example.com,2023-03-09,2023-04-01 23:07:41,9202.63,true,Pro
390,Alex,Nguyen,alex.nguyen.390@example.com,2025-01-17,2025-11-24 23:17:06,792.71,true,Team
391,Jordan,Lopez,jordan.lopez.391@example.com,2025-02-04,2025-08-16 23:04:24,569.45,true,Enterprise
392,Taylor,Kim,taylor.kim.392@example.com,2024-04-02,2025-02-09 19:12:45,60.35,true,Free
393,Casey,Smith,casey.smith.393@example.com,2023-12-10,2024-09-27 17:55:21,6931.42,true,Pro
394,Morgan,Singh,morgan.singh.394@example.com,2025-03-11,2025-11-17 07:38:56,8714.71,true,Team
395,Riley,Müller,riley.müller.395@example.com,2024-08-12,2025-07-02 18:01:08,2528.63,true,Enterprise
396,Avery,Patel,avery.patel.396@example.com,2023-11-04,2024-05-23 04:18:29,6307.00,false,Free
397,Quinn,Brown,quinn.brown.397@example.com,2025-10-04,2026-04-25 11:28:33,755.72,false,Pro
398,Sasha,Johnson,sasha.johnson.398@example.com,2023-10-30,2024-05-26 09:53:24,4579.49,false,Team
399,Drew,Garcia,drew.garcia.399@example.com,2025-01-15,2025-04-22 02:18:32,803.58,true,Enterprise
400,Alex,Nguyen,alex.nguyen.400@example.com,2024-02-07,2024-04-05 16:00:41,4232.57,false,Free
401,Jordan,Lopez,jordan.lopez.401@example.com,2026-04-02,2026-08-26 07:20:25,3535.91,false,Pro
402,Taylor,Kim,taylor.kim.402@example.com,2023-02-13,2023-03-18 00:40:49,7700.80,true,Team
403,Casey,Smith,casey.smith.403@example.com,2023-07-20,2024-06-18 02:14:42,2746.72,true,Enterprise
404,Morgan,Singh,morgan.singh.404@example.com,2024-03-24,2025-02-08 08:31:42,8550.15,true,Free
405,Riley,Müller,riley.müller.405@example.com,2025-12-02,2026-01-04 15:48:45,7949.62,true,Pro
406,Avery,Patel,avery.patel.406@example.com,2024-02-10,2024-10-03 21:00:42,1993.62,true,Team
407,Quinn,Brown,quinn.brown.407@example.com,2024-05-03,2025-04-22 14:42:58,7496.15,true,Enterprise
408,Sasha,Johnson,sasha.johnson.408@example.com,2025-08-17,2026-04-01 16:13:28,4807.18,true,Free
409,Drew,Garcia,drew.garcia.409@example.com,2026-03-03,2026-11-04 09:14:05,3550.21,true,Pro
410,Alex,Nguyen,alex.nguyen.410@example.com,2026-03-21,2026-09-11 18:25:48,5454.85,false,Team
411,Jordan,Lopez,jordan.lopez.411@example.com,2023-08-23,2023-12-14 23:52:25,6614.92,true,Enterprise
412,Taylor,Kim,taylor.kim.412@example.com,2025-05-20,2026-03-03 08:38:15,1502.60,true,Free
413,Casey,Smith,casey.smith.413@example.com,2025-09-05,2026-07-07 04:52:26,1501.96,false,Pro
414,Morgan,Singh,morgan.singh.414@example.com,2024-02-03,2024-07-29 20:28:11,8739.56,true,Team
415,Riley,Müller,riley.müller.415@example.com,2025-04-19,2026-03-12 15:09:06,761.09,true,Enterprise
416,Avery,Patel,avery.patel.416@example.com,2023-05-26,2024-03-21 06:54:59,2518.01,true,Free
417,Quinn,Brown,quinn.brown.417@example.com,2023-11-26,2024-09-22 15:10:58,8309.23,true,Pro
418,Sasha,Johnson,sasha.johnson.418@example.com,2026-02-05,2026-12-31 00:10:03,3169.80,true,Team
419,Drew,Garcia,drew.garcia.419@example.com,2023-03-29,2023-10-24 08:37:29,1131.07,true,Enterprise
420,Alex,Nguyen,alex.nguyen.420@example.com,2024-07-01,2024-10-17 04:24:38,3085.77,true,Free
421,Jordan,Lopez,jordan.lopez.421@example.com,2025-12-15,2026-09-02 19:15:02,7089.51,true,Pro
422,Taylor,Kim,taylor.kim.422@example.com,2025-08-11,2025-12-04 14:22:33,8347.30,false,Team
423,Casey,Smith,casey.smith.423@example.com,2024-11-07,2025-06-07 15:02:24,2381.28,true,Enterprise
424,Morgan,Singh,morgan.singh.424@example.com,2024-01-31,2024-05-25 08:32:50,104.69,false,Free
425,Riley,Müller,riley.müller.425@example.com,2024-07-05,2024-07-10 07:46:00,7158.31,true,Pro
426,Avery,Patel,avery.patel.426@example.com,2024-12-31,2025-12-31 00:01:23,4298.05,true,Team
427,Quinn,Brown,quinn.brown.427@example.com,2024-08-07,2025-03-06 08:54:10,3977.57,true,Enterprise
428,Sasha,Johnson,sasha.johnson.428@example.com,2025-11-11,2026-05-12 14:50:43,8371.14,false,Free
429,Drew,Garcia,drew.garcia.429@example.com,2025-07-25,2025-11-13 03:10:11,9688.75,true,Pro
430,Alex,Nguyen,alex.nguyen.430@example.com,2025-07-24,2025-09-16 18:16:50,701.84,true,Team
431,Jordan,Lopez,jordan.lopez.431@example.com,2025-05-06,2026-04-02 01:21:33,1682.43,true,Enterprise
432,Taylor,Kim,taylor.kim.432@example.com,2025-11-01,2026-03-12 22:41:23,8926.42,false,Free
433,Casey,Smith,casey.smith.433@example.com,2024-05-11,2024-10-31 03:16:26,3759.63,true,Pro
434,Morgan,Singh,morgan.singh.434@example.com,2024-08-27,2025-07-12 20:21:48,7699.15,true,Team
435,Riley,Müller,riley.müller.435@example.com,2024-11-26,2025-05-06 14:47:07,5853.96,true,Enterprise
436,Avery,Patel,avery.patel.436@example.com,2026-01-12,2026-09-22 18:50:51,468.15,true,Free
437,Quinn,Brown,quinn.brown.437@example.com,2026-01-14,2026-03-27 21:01:27,5144.09,true,Pro
438,Sasha,Johnson,sasha.johnson.438@example.com,2024-02-29,2024-10-18 17:20:08,2587.04,true,Team
439,Drew,Garcia,drew.garcia.439@example.com,2024-01-14,2024-05-16 00:57:43,1546.57,true,Enterprise
440,Alex,Nguyen,alex.nguyen.440@example.com,2023-09-17,2023-10-31 07:40:42,6165.03,true,Free
441,Jordan,Lopez,jordan.lopez.441@example.com,2026-04-23,2026-05-05 18:21:52,5747.01,true,Pro
442,Taylor,Kim,taylor.kim.442@example.com,2024-10-02,2025-04-29 09:58:47,3023.53,false,Team
443,Casey,Smith,casey.smith.443@example.com,2025-10-24,2026-09-28 12:52:01,2144.15,true,Enterprise
444,Morgan,Singh,morgan.singh.444@example.com,2025-07-16,2026-05-25 23:24:37,4247.58,true,Free
445,Riley,Müller,riley.müller.445@example.com,2025-07-22,2025-07-30 19:37:14,923.13,true,Pro
446,Avery,Patel,avery.patel.446@example.com,2024-12-12,2025-03-15 06:40:38,3543.97,false,Team
447,Quinn,Brown,quinn.brown.447@example.com,2025-06-29,2025-12-25 14:47:23,2014.36,true,Enterprise
448,Sasha,Johnson,sasha.johnson.448@example.com,2024-01-16,2024-04-10 10:35:04,612.78,true,Free
449,Drew,Garcia,drew.garcia.449@example.com,2024-09-23,2024-12-12 23:23:00,3006.90,true,Pro
450,Alex,Nguyen,alex.nguyen.450@example.com,2023-11-12,2024-11-05 01:24:30,6245.40,true,Team
451,Jordan,Lopez,jordan.lopez.451@example.com,2024-05-06,2024-05-31 20:16:28,3758.35,true,Enterprise
452,Taylor,Kim,taylor.kim.452@example.com,2026-01-14,2026-03-27 16:01:06,9823.27,true,Free
453,Casey,Smith,casey.smith.453@example.com,2024-09-21,2024-11-17 09:38:02,7051.33,true,Pro
454,Morgan,Singh,morgan.singh.454@example.com,2024-03-16,2024-03-18 15:45:42,8812.70,true,Team
455,Riley,Müller,riley.müller.455@example.com,2025-08-18,2026-03-12 17:55:20,8594.45,true,Enterprise
456,Avery,Patel,avery.patel.456@example.com,2023-11-15,2024-04-25 03:22:25,2524.82,false,Free
457,Quinn,Brown,quinn.brown.457@example.com,2025-05-31,2025-11-08 11:07:37,3515.04,true,Pro
458,Sasha,Johnson,sasha.johnson.458@example.com,2023-04-20,2023-10-01 10:07:35,7345.33,true,Team
459,Drew,Garcia,drew.garcia.459@example.com,2025-11-26,2026-07-21 15:43:51,2264.70,true,Enterprise
460,Alex,Nguyen,alex.nguyen.460@example.com,2023-04-28,2023-12-26 15:54:56,9002.46,true,Free
461,Jordan,Lopez,jordan.lopez.461@example.com,2024-01-13,2024-10-13 00:32:18,6076.15,true,Pro
462,Taylor,Kim,taylor.kim.462@example.com,2025-05-12,2026-04-02 15:40:41,9216.05,true,Team
463,Casey,Smith,casey.smith.463@example.com,2023-06-26,2024-02-23 18:00:43,3489.95,true,Enterprise
464,Morgan,Singh,morgan.singh.464@example.com,2024-07-19,2025-01-28 16:39:06,1365.40,true,Free
465,Riley,Müller,riley.müller.465@example.com,2024-07-23,2025-03-04 03:40:48,6520.28,true,Pro
466,Avery,Patel,avery.patel.466@example.com,2023-03-10,2023-07-08 00:43:48,1836.90,true,Team
467,Quinn,Brown,quinn.brown.467@example.com,2023-12-30,2024-12-23 00:39:47,1440.57,true,Enterprise
468,Sasha,Johnson,sasha.johnson.468@example.com,2026-01-04,2026-08-16 01:56:19,6546.01,true,Free
469,Drew,Garcia,drew.garcia.469@example.com,2024-10-31,2025-06-11 08:22:52,6400.02,false,Pro
470,Alex,Nguyen,alex.nguyen.470@example.com,2024-08-02,2025-02-11 10:29:13,1343.26,true,Team
471,Jordan,Lopez,jordan.lopez.471@example.com,2023-11-09,2024-06-18 12:16:23,1555.11,false,Enterprise
472,Taylor,Kim,taylor.kim.472@example.com,2025-06-01,2026-02-05 08:46:21,3028.98,true,Free
473,Casey,Smith,casey.smith.473@example.com,2024-06-14,2025-02-03 22:56:44,3524.09,true,Pro
474,Morgan,Singh,morgan.singh.474@example.com,2024-03-14,2024-12-23 15:05:43,4588.07,false,Team
475,Riley,Müller,riley.müller.475@example.com,2024-11-25,2025-04-26 07:20:38,5994.51,true,Enterprise
476,Avery,Patel,avery.patel.476@example.com,2024-09-08,2025-04-03 17:12:21,6121.87,true,Free
477,Quinn,Brown,quinn.brown.477@example.com,2023-03-09,2024-02-22 09:15:10,7973.27,false,Pro
478,Sasha,Johnson,sasha.johnson.478@example.com,2025-01-20,2025-06-12 08:29:21,909.55,true,Team
479,Drew,Garcia,drew.garcia.479@example.com,2025-10-01,2025-10-04 17:27:35,6717.76,true,Enterprise
480,Alex,Nguyen,alex.nguyen.480@example.com,2024-10-12,2025-04-25 21:37:17,1138.09,false,Free
481,Jordan,Lopez,jordan.lopez.481@example.com,2024-03-19,2025-01-11 15:04:03,1883.81,true,Pro
482,Taylor,Kim,taylor.kim.482@example.com,2025-02-13,2026-01-21 12:57:11,9980.40,true,Team
483,Casey,Smith,casey.smith.483@example.com,2024-12-27,2025-06-02 11:59:25,7319.05,true,Enterprise
484,Morgan,Singh,morgan.singh.484@example.com,2023-10-27,2024-08-13 08:03:21,4597.12,false,Free
485,Riley,Müller,riley.müller.485@example.com,2026-01-02,2026-05-19 02:52:33,5064.11,true,Pro
486,Avery,Patel,avery.patel.486@example.com,2025-03-11,2025-06-28 15:56:46,9362.64,true,Team
487,Quinn,Brown,quinn.brown.487@example.com,2023-03-12,2024-02-08 23:06:25,6346.44,true,Enterprise
488,Sasha,Johnson,sasha.johnson.488@example.com,2024-08-24,2025-02-09 07:36:35,8030.33,false,Free
489,Drew,Garcia,drew.garcia.489@example.com,2024-06-23,2024-07-22 14:37:38,3286.33,true,Pro
490,Alex,Nguyen,alex.nguyen.490@example.com,2024-12-28,2025-05-15 02:43:49,5328.90,true,Team
491,Jordan,Lopez,jordan.lopez.491@example.com,2023-02-01,2023-10-23 03:04:46,2691.66,true,Enterprise
492,Taylor,Kim,taylor.kim.492@example.com,2024-12-29,2025-11-26 16:12:40,6246.57,true,Free
493,Casey,Smith,casey.smith.493@example.com,2025-12-08,2026-08-13 20:54:26,8415.95,true,Pro
494,Morgan,Singh,morgan.singh.494@example.com,2024-05-30,2025-03-21 03:37:30,3072.04,true,Team
495,Riley,Müller,riley.müller.495@example.com,2024-09-02,2024-11-30 18:48:05,5735.69,true,Enterprise
496,Avery,Patel,avery.patel.496@example.com,2025-01-30,2025-08-06 23:43:58,1774.77,true,Free
497,Quinn,Brown,quinn.brown.497@example.com,2023-11-10,2024-04-15 11:21:07,9130.74,true,Pro
498,Sasha,Johnson,sasha.johnson.498@example.com,2024-06-16,2024-11-03 23:04:15,9363.85,true,Team
499,Drew,Garcia,drew.garcia.499@example.com,2024-10-20,2025-07-25 05:09:22,7084.03,true,Enterprise
500,Alex,Nguyen,alex.nguyen.500@example.com,2026-04-02,2026-04-14 21:03:42,1575.91,true,Free
501,Jordan,Lopez,jordan.lopez.501@example.com,2025-07-07,2026-05-28 23:34:16,8159.29,false,Pro
502,Taylor,Kim,taylor.kim.502@example.com,2026-04-06,2026-12-08 06:05:41,887.23,true,Team
503,Casey,Smith,casey.smith.503@example.com,2025-11-27,2026-04-16 04:03:36,6710.05,true,Enterprise
504,Morgan,Singh,morgan.singh.504@example.com,2024-03-30,2024-10-08 19:46:06,9422.86,false,Free
505,Riley,Müller,riley.müller.505@example.com,2025-05-26,2025-07-09 07:49:19,8890.22,true,Pro
506,Avery,Patel,avery.patel.506@example.com,2024-05-16,2024-12-18 15:45:46,3177.94,true,Team
507,Quinn,Brown,quinn.brown.507@example.com,2024-05-18,2024-05-19 23:06:17,8217.45,false,Enterprise
508,Sasha,Johnson,sasha.johnson.508@example.com,2024-03-12,2024-09-17 21:58:48,2244.19,false,Free
509,Drew,Garcia,drew.garcia.509@example.com,2024-11-13,2025-10-23 13:41:34,5878.07,true,Pro
510,Alex,Nguyen,alex.nguyen.510@example.com,2023-02-19,2023-05-17 09:20:50,908.34,true,Team
511,Jordan,Lopez,jordan.lopez.511@example.com,2024-09-06,2024-12-31 17:03:12,5700.76,true,Enterprise
512,Taylor,Kim,taylor.kim.512@example.com,2024-05-02,2024-12-07 08:56:42,176.70,false,Free
513,Casey,Smith,casey.smith.513@example.com,2025-10-15,2026-07-05 12:42:17,8727.99,false,Pro
514,Morgan,Singh,morgan.singh.514@example.com,2024-09-01,2025-02-17 22:25:02,5445.16,true,Team
515,Riley,Müller,riley.müller.515@example.com,2023-11-28,2024-09-16 16:44:21,3232.95,true,Enterprise
516,Avery,Patel,avery.patel.516@example.com,2024-10-10,2025-05-22 11:25:02,3341.67,false,Free
517,Quinn,Brown,quinn.brown.517@example.com,2024-06-28,2025-06-11 16:48:38,700.42,true,Pro
518,Sasha,Johnson,sasha.johnson.518@example.com,2026-03-30,2026-10-18 10:09:22,1740.52,false,Team
519,Drew,Garcia,drew.garcia.519@example.com,2024-08-23,2024-11-03 14:10:51,833.20,false,Enterprise
520,Alex,Nguyen,alex.nguyen.520@example.com,2024-02-24,2024-04-27 06:25:03,5559.27,true,Free
521,Jordan,Lopez,jordan.lopez.521@example.com,2023-03-15,2023-08-14 19:22:13,6388.78,true,Pro
522,Taylor,Kim,taylor.kim.522@example.com,2025-06-25,2025-08-06 10:02:59,247.40,true,Team
523,Casey,Smith,casey.smith.523@example.com,2025-06-16,2026-05-29 13:18:17,5824.25,true,Enterprise
524,Morgan,Singh,morgan.singh.524@example.com,2025-11-06,2026-11-04 15:51:37,5886.80,true,Free
525,Riley,Müller,riley.müller.525@example.com,2024-04-19,2025-02-03 19:18:35,7113.26,true,Pro
526,Avery,Patel,avery.patel.526@example.com,2026-01-31,2026-10-27 06:55:21,7627.75,true,Team
527,Quinn,Brown,quinn.brown.527@example.com,2025-11-24,2026-08-04 05:06:23,7536.46,true,Enterprise
528,Sasha,Johnson,sasha.johnson.528@example.com,2025-01-26,2025-02-01 05:21:22,4717.56,true,Free
529,Drew,Garcia,drew.garcia.529@example.com,2026-01-31,2026-09-09 16:36:05,6213.09,true,Pro
530,Alex,Nguyen,alex.nguyen.530@example.com,2023-05-20,2024-04-30 17:31:14,8722.27,true,Team
531,Jordan,Lopez,jordan.lopez.531@example.com,2023-02-24,2023-12-15 21:54:10,7853.46,true,Enterprise
532,Taylor,Kim,taylor.kim.532@example.com,2025-05-18,2025-06-26 11:19:06,3163.44,false,Free
533,Casey,Smith,casey.smith.533@example.com,2024-06-11,2025-06-08 06:50:39,9112.58,true,Pro
534,Morgan,Singh,morgan.singh.534@example.com,2024-01-30,2024-04-26 18:49:43,7996.69,true,Team
535,Riley,Müller,riley.müller.535@example.com,2023-10-14,2024-09-03 21:06:17,7812.97,true,Enterprise
536,Avery,Patel,avery.patel.536@example.com,2024-06-09,2025-03-19 23:52:34,6091.85,false,Free
537,Quinn,Brown,quinn.brown.537@example.com,2023-09-20,2023-12-11 01:41:05,6698.74,false,Pro
538,Sasha,Johnson,sasha.johnson.538@example.com,2023-12-15,2024-11-04 23:29:06,8123.04,false,Team
539,Drew,Garcia,drew.garcia.539@example.com,2023-03-16,2023-11-14 21:34:41,9214.76,false,Enterprise
540,Alex,Nguyen,alex.nguyen.540@example.com,2025-05-16,2026-04-12 06:09:40,4184.07,true,Free
541,Jordan,Lopez,jordan.lopez.541@example.com,2024-03-03,2024-07-25 12:54:52,7926.86,false,Pro
542,Taylor,Kim,taylor.kim.542@example.com,2024-02-23,2024-07-19 11:47:34,5179.07,true,Team
543,Casey,Smith,casey.smith.543@example.com,2025-03-02,2025-04-19 11:06:16,2299.27,true,Enterprise
544,Morgan,Singh,morgan.singh.544@example.com,2023-12-19,2024-12-13 20:51:21,5059.84,true,Free
545,Riley,Müller,riley.müller.545@example.com,2025-05-19,2025-09-26 07:32:19,53.35,true,Pro
546,Avery,Patel,avery.patel.546@example.com,2023-03-29,2023-06-10 05:51:25,3943.61,true,Team
547,Quinn,Brown,quinn.brown.547@example.com,2023-06-24,2023-07-27 16:53:08,4549.12,true,Enterprise
548,Sasha,Johnson,sasha.johnson.548@example.com,2023-03-20,2023-03-31 10:51:03,1704.08,true,Free
549,Drew,Garcia,drew.garcia.549@example.com,2023-01-30,2023-12-27 10:50:50,7593.19,true,Pro
550,Alex,Nguyen,alex.nguyen.550@example.com,2023-12-29,2024-07-28 10:34:55,8504.18,true,Team
551,Jordan,Lopez,jordan.lopez.551@example.com,2024-05-25,2024-07-13 12:51:20,9282.56,true,Enterprise
552,Taylor,Kim,taylor.kim.552@example.com,2024-10-27,2025-01-03 04:08:00,822.71,true,Free
553,Casey,Smith,casey.smith.553@example.com,2025-05-13,2026-01-03 03:29:19,8.36,true,Pro
554,Morgan,Singh,morgan.singh.554@example.com,2025-02-13,2025-08-02 17:15:58,5070.09,true,Team
555,Riley,Müller,riley.müller.555@example.com,2024-09-22,2025-06-16 00:54:44,6520.74,true,Enterprise
556,Avery,Patel,avery.patel.556@example.com,2023-03-28,2023-07-08 06:05:23,7268.90,true,Free
557,Quinn,Brown,quinn.brown.557@example.com,2023-01-24,2023-02-05 17:35:53,4582.44,false,Pro
558,Sasha,Johnson,sasha.johnson.558@example.com,2026-02-06,2026-06-20 16:44:52,7257.41,true,Team
559,Drew,Garcia,drew.garcia.559@example.com,2026-03-22,2026-06-10 20:58:36,8187.44,true,Enterprise
560,Alex,Nguyen,alex.nguyen.560@example.com,2023-01-29,2023-06-13 11:48:03,577.53,true,Free
561,Jordan,Lopez,jordan.lopez.561@example.com,2023-07-16,2023-09-11 07:37:04,6619.37,false,Pro
562,Taylor,Kim,taylor.kim.562@example.com,2023-12-19,2024-08-08 16:57:06,4430.27,true,Team
563,Casey,Smith,casey.smith.563@example.com,2024-11-10,2025-02-14 05:20:02,4014.42,true,Enterprise
564,Morgan,Singh,morgan.singh.564@example.com,2024-04-05,2024-04-13 07:46:31,5848.39,true,Free
565,Riley,Müller,riley.müller.565@example.com,2023-11-10,2024-01-01 12:04:17,9029.77,false,Pro
566,Avery,Patel,avery.patel.566@example.com,2024-06-07,2024-07-25 09:21:51,9482.67,true,Team
567,Quinn,Brown,quinn.brown.567@example.com,2023-08-07,2023-10-25 21:40:45,609.12,true,Enterprise
568,Sasha,Johnson,sasha.johnson.568@example.com,2025-02-28,2025-09-29 19:22:03,3618.70,false,Free
569,Drew,Garcia,drew.garcia.569@example.com,2023-12-10,2024-09-06 23:16:42,1207.85,true,Pro
570,Alex,Nguyen,alex.nguyen.570@example.com,2025-11-23,2026-01-28 01:27:11,8384.59,true,Team
571,Jordan,Lopez,jordan.lopez.571@example.com,2023-05-26,2024-03-22 11:30:00,2583.32,true,Enterprise
572,Taylor,Kim,taylor.kim.572@example.com,2026-03-05,2026-11-07 02:36:20,803.04,true,Free
573,Casey,Smith,casey.smith.573@example.com,2023-05-25,2024-03-13 06:48:25,334.76,true,Pro
574,Morgan,Singh,morgan.singh.574@example.com,2026-01-26,2026-05-29 08:20:35,7397.97,true,Team
575,Riley,Müller,riley.müller.575@example.com,2025-01-01,2025-04-03 02:32:07,4372.78,true,Enterprise
576,Avery,Patel,avery.patel.576@example.com,2025-11-27,2026-08-03 03:49:27,1260.97,true,Free
577,Quinn,Brown,quinn.brown.577@example.com,2023-07-27,2024-06-08 10:15:56,8860.11,true,Pro
578,Sasha,Johnson,sasha.johnson.578@example.com,2025-09-23,2026-05-14 21:40:40,970.51,false,Team
579,Drew,Garcia,drew.garcia.579@example.com,2023-02-17,2023-11-26 07:19:30,7330.90,true,Enterprise
580,Alex,Nguyen,alex.nguyen.580@example.com,2026-04-11,2026-12-27 05:11:06,3871.71,false,Free
581,Jordan,Lopez,jordan.lopez.581@example.com,2025-12-01,2026-09-03 00:09:37,2246.95,true,Pro
582,Taylor,Kim,taylor.kim.582@example.com,2026-02-24,2026-12-13 01:00:07,4149.88,true,Team
583,Casey,Smith,casey.smith.583@example.com,2026-04-20,2027-03-12 11:50:35,2201.37,true,Enterprise
584,Morgan,Singh,morgan.singh.584@example.com,2025-08-26,2025-11-19 20:42:35,8856.05,true,Free
585,Riley,Müller,riley.müller.585@example.com,2023-02-08,2023-08-29 02:24:53,9972.27,true,Pro
586,Avery,Patel,avery.patel.586@example.com,2026-04-09,2026-05-23 13:13:59,8916.53,true,Team
587,Quinn,Brown,quinn.brown.587@example.com,2025-07-28,2026-01-24 19:03:01,2499.20,true,Enterprise
588,Sasha,Johnson,sasha.johnson.588@example.com,2025-09-27,2026-08-04 21:52:53,3020.21,true,Free
589,Drew,Garcia,drew.garcia.589@example.com,2026-02-02,2026-03-20 06:00:09,2732.27,true,Pro
590,Alex,Nguyen,alex.nguyen.590@example.com,2023-08-11,2023-08-27 21:17:14,4650.96,true,Team
591,Jordan,Lopez,jordan.lopez.591@example.com,2023-07-14,2023-10-15 21:02:11,7395.16,true,Enterprise
592,Taylor,Kim,taylor.kim.592@example.com,2024-11-27,2025-05-25 20:22:40,9794.26,true,Free
593,Casey,Smith,casey.smith.593@example.com,2023-12-24,2024-12-01 11:08:08,5159.73,true,Pro
594,Morgan,Singh,morgan.singh.594@example.com,2023-07-25,2023-12-18 09:15:27,4445.36,true,Team
595,Riley,Müller,riley.müller.595@example.com,2024-11-16,2025-08-15 07:05:49,3126.44,true,Enterprise
596,Avery,Patel,avery.patel.596@example.com,2024-04-19,2025-01-29 18:34:00,5869.58,false,Free
597,Quinn,Brown,quinn.brown.597@example.com,2024-01-03,2024-04-02 11:52:06,5270.80,false,Pro
598,Sasha,Johnson,sasha.johnson.598@example.com,2024-07-09,2024-08-31 04:12:56,6483.58,true,Team
599,Drew,Garcia,drew.garcia.599@example.com,2024-03-03,2024-07-18 00:02:40,3622.31,true,Enterprise
600,Alex,Nguyen,alex.nguyen.600@example.com,2025-01-28,2025-02-15 05:33:04,147.02,true,Free
601,Jordan,Lopez,jordan.lopez.601@example.com,2023-12-26,2024-07-15 03:26:15,1167.85,true,Pro
602,Taylor,Kim,taylor.kim.602@example.com,2024-01-31,2024-09-22 02:54:53,4442.55,false,Team
603,Casey,Smith,casey.smith.603@example.com,2026-03-03,2026-04-05 06:19:29,191.97,true,Enterprise
604,Morgan,Singh,morgan.singh.604@example.com,2024-04-03,2025-02-24 12:10:46,3994.73,false,Free
605,Riley,Müller,riley.müller.605@example.com,2023-07-25,2024-02-04 11:12:21,6317.55,true,Pro
606,Avery,Patel,avery.patel.606@example.com,2024-09-02,2024-09-25 14:12:28,1248.25,true,Team
607,Quinn,Brown,quinn.brown.607@example.com,2023-02-12,2023-06-20 12:11:51,8166.69,true,Enterprise
608,Sasha,Johnson,sasha.johnson.608@example.com,2025-06-06,2026-04-25 22:21:04,804.18,true,Free
609,Drew,Garcia,drew.garcia.609@example.com,2024-08-11,2025-02-12 19:35:02,6226.40,true,Pro
610,Alex,Nguyen,alex.nguyen.610@example.com,2023-06-05,2024-03-06 02:31:15,5690.99,true,Team
611,Jordan,Lopez,jordan.lopez.611@example.com,2023-01-30,2023-10-11 18:40:10,2520.98,true,Enterprise
612,Taylor,Kim,taylor.kim.612@example.com,2024-01-22,2024-05-25 10:17:30,7579.40,true,Free
613,Casey,Smith,casey.smith.613@example.com,2025-09-22,2026-08-12 04:39:33,3503.16,false,Pro
614,Morgan,Singh,morgan.singh.614@example.com,2024-08-04,2025-03-28 00:35:26,1958.96,true,Team
615,Riley,Müller,riley.müller.615@example.com,2023-07-26,2023-09-05 09:42:16,4187.61,true,Enterprise
616,Avery,Patel,avery.patel.616@example.com,2023-01-22,2023-08-04 14:51:43,7134.56,false,Free
617,Quinn,Brown,quinn.brown.617@example.com,2025-03-01,2025-09-28 23:30:36,6921.81,true,Pro
618,Sasha,Johnson,sasha.johnson.618@example.com,2025-01-10,2025-01-20 13:31:28,1579.49,true,Team
619,Drew,Garcia,drew.garcia.619@example.com,2024-05-04,2025-04-26 03:04:05,3262.02,true,Enterprise
620,Alex,Nguyen,alex.nguyen.620@example.com,2024-04-27,2024-10-02 15:42:48,6717.65,true,Free
621,Jordan,Lopez,jordan.lopez.621@example.com,2025-07-21,2026-05-20 07:47:17,8225.53,true,Pro
622,Taylor,Kim,taylor.kim.622@example.com,2025-10-02,2026-01-26 09:19:21,4210.13,true,Team
623,Casey,Smith,casey.smith.623@example.com,2024-10-23,2025-04-29 10:31:08,3347.65,true,Enterprise
624,Morgan,Singh,morgan.singh.624@example.com,2023-10-12,2024-04-08 00:32:18,7488.01,true,Free
625,Riley,Müller,riley.müller.625@example.com,2024-02-08,2024-11-07 14:17:52,9044.97,true,Pro
626,Avery,Patel,avery.patel.626@example.com,2024-09-11,2025-02-21 14:00:49,6358.61,true,Team
627,Quinn,Brown,quinn.brown.627@example.com,2025-06-26,2026-04-15 15:04:38,2388.86,true,Enterprise
628,Sasha,Johnson,sasha.johnson.628@example.com,2025-11-19,2026-05-15 16:03:44,9482.99,true,Free
629,Drew,Garcia,drew.garcia.629@example.com,2023-03-31,2023-10-08 15:19:12,9931.15,true,Pro
630,Alex,Nguyen,alex.nguyen.630@example.com,2023-09-25,2024-06-16 19:18:17,8839.58,false,Team
631,Jordan,Lopez,jordan.lopez.631@example.com,2024-11-04,2025-07-25 14:12:20,9255.30,true,Enterprise
632,Taylor,Kim,taylor.kim.632@example.com,2023-03-12,2023-06-09 23:00:56,3849.66,true,Free
633,Casey,Smith,casey.smith.633@example.com,2023-01-30,2023-11-30 00:07:54,7891.51,true,Pro
634,Morgan,Singh,morgan.singh.634@example.com,2024-06-01,2024-06-23 00:56:22,9203.38,true,Team
635,Riley,Müller,riley.müller.635@example.com,2024-01-30,2024-10-01 01:56:11,8059.71,true,Enterprise
636,Avery,Patel,avery.patel.636@example.com,2024-12-24,2025-03-24 18:01:18,8672.00,true,Free
637,Quinn,Brown,quinn.brown.637@example.com,2024-05-08,2024-08-06 00:42:28,652.27,true,Pro
638,Sasha,Johnson,sasha.johnson.638@example.com,2023-08-10,2023-12-13 22:24:37,7946.74,true,Team
639,Drew,Garcia,drew.garcia.639@example.com,2023-07-31,2024-02-15 03:53:55,5937.40,true,Enterprise
640,Alex,Nguyen,alex.nguyen.640@example.com,2026-02-04,2026-02-05 04:26:19,3604.07,true,Free
641,Jordan,Lopez,jordan.lopez.641@example.com,2025-05-08,2025-09-15 01:35:30,8763.80,false,Pro
642,Taylor,Kim,taylor.kim.642@example.com,2023-02-23,2023-11-16 15:44:51,4814.72,true,Team
643,Casey,Smith,casey.smith.643@example.com,2024-10-20,2025-05-19 20:58:02,569.27,true,Enterprise
644,Morgan,Singh,morgan.singh.644@example.com,2025-03-31,2025-04-09 03:46:19,4438.60,true,Free
645,Riley,Müller,riley.müller.645@example.com,2024-08-06,2025-01-31 19:50:25,8868.98,true,Pro
646,Avery,Patel,avery.patel.646@example.com,2025-02-03,2025-06-08 07:33:24,4264.96,true,Team
647,Quinn,Brown,quinn.brown.647@example.com,2023-04-17,2023-09-13 03:39:36,1630.85,true,Enterprise
648,Sasha,Johnson,sasha.johnson.648@example.com,2024-11-02,2024-12-20 09:26:26,8290.42,true,Free
649,Drew,Garcia,drew.garcia.649@example.com,2025-09-29,2026-05-14 08:55:46,373.12,true,Pro
650,Alex,Nguyen,alex.nguyen.650@example.com,2023-04-21,2023-05-06 06:28:52,7847.31,true,Team
651,Jordan,Lopez,jordan.lopez.651@example.com,2025-09-09,2025-10-18 12:28:12,7211.47,true,Enterprise
652,Taylor,Kim,taylor.kim.652@example.com,2024-12-15,2025-09-02 04:32:42,1012.48,true,Free
653,Casey,Smith,casey.smith.653@example.com,2026-01-28,2027-01-10 06:08:40,4459.13,true,Pro
654,Morgan,Singh,morgan.singh.654@example.com,2024-09-06,2025-07-08 09:42:52,2785.35,true,Team
655,Riley,Müller,riley.müller.655@example.com,2023-08-31,2024-04-24 01:52:21,8203.73,true,Enterprise
656,Avery,Patel,avery.patel.656@example.com,2025-03-27,2025-09-15 13:50:54,5374.84,false,Free
657,Quinn,Brown,quinn.brown.657@example.com,2024-11-09,2025-08-18 11:43:33,5728.89,true,Pro
658,Sasha,Johnson,sasha.johnson.658@example.com,2024-05-06,2025-02-18 22:22:37,2823.45,true,Team
659,Drew,Garcia,drew.garcia.659@example.com,2024-10-16,2025-07-04 04:27:18,4943.21,true,Enterprise
660,Alex,Nguyen,alex.nguyen.660@example.com,2024-08-05,2025-07-13 16:35:36,3155.75,false,Free
661,Jordan,Lopez,jordan.lopez.661@example.com,2023-03-09,2023-06-25 18:00:18,3847.68,true,Pro
662,Taylor,Kim,taylor.kim.662@example.com,2024-08-11,2024-08-15 16:13:28,8497.78,true,Team
663,Casey,Smith,casey.smith.663@example.com,2024-11-17,2025-06-26 00:43:40,4267.00,true,Enterprise
664,Morgan,Singh,morgan.singh.664@example.com,2023-10-03,2024-08-19 10:43:07,3952.27,true,Free
665,Riley,Müller,riley.müller.665@example.com,2023-06-24,2024-04-26 06:54:00,1311.41,true,Pro
666,Avery,Patel,avery.patel.666@example.com,2023-09-14,2024-04-21 19:49:46,8747.47,true,Team
667,Quinn,Brown,quinn.brown.667@example.com,2025-05-30,2026-03-30 15:48:49,4919.22,false,Enterprise
668,Sasha,Johnson,sasha.johnson.668@example.com,2023-06-20,2024-05-07 23:03:36,6145.39,true,Free
669,Drew,Garcia,drew.garcia.669@example.com,2025-09-01,2025-11-11 19:06:50,6751.39,true,Pro
670,Alex,Nguyen,alex.nguyen.670@example.com,2023-12-26,2023-12-28 12:50:45,4319.24,true,Team
671,Jordan,Lopez,jordan.lopez.671@example.com,2025-08-06,2026-03-23 08:35:16,3377.79,true,Enterprise
672,Taylor,Kim,taylor.kim.672@example.com,2023-11-19,2024-06-16 22:02:44,5367.80,true,Free
673,Casey,Smith,casey.smith.673@example.com,2025-01-16,2025-03-26 01:46:26,9923.78,true,Pro
674,Morgan,Singh,morgan.singh.674@example.com,2023-09-16,2024-05-02 05:57:29,8448.21,true,Team
675,Riley,Müller,riley.müller.675@example.com,2023-12-24,2024-10-11 09:59:17,158.77,true,Enterprise
676,Avery,Patel,avery.patel.676@example.com,2023-01-06,2023-08-25 04:41:31,9837.86,true,Free
677,Quinn,Brown,quinn.brown.677@example.com,2025-05-31,2025-09-05 04:48:57,9744.84,true,Pro
678,Sasha,Johnson,sasha.johnson.678@example.com,2024-01-22,2024-11-22 15:44:00,1616.70,true,Team
679,Drew,Garcia,drew.garcia.679@example.com,2023-04-16,2023-08-06 20:20:21,4922.29,true,Enterprise
680,Alex,Nguyen,alex.nguyen.680@example.com,2023-10-20,2024-05-24 18:45:52,102.72,false,Free
681,Jordan,Lopez,jordan.lopez.681@example.com,2026-04-18,2026-06-23 15:18:34,7959.22,true,Pro
682,Taylor,Kim,taylor.kim.682@example.com,2025-08-25,2025-11-20 08:58:26,807.50,true,Team
683,Casey,Smith,casey.smith.683@example.com,2025-01-18,2025-06-27 09:02:52,2301.03,true,Enterprise
684,Morgan,Singh,morgan.singh.684@example.com,2023-11-12,2024-03-27 00:29:47,4258.77,false,Free
685,Riley,Müller,riley.müller.685@example.com,2024-01-03,2024-06-08 22:47:39,6230.26,false,Pro
686,Avery,Patel,avery.patel.686@example.com,2025-06-17,2025-11-03 21:24:13,5496.44,true,Team
687,Quinn,Brown,quinn.brown.687@example.com,2023-08-17,2024-05-19 13:30:12,4456.67,false,Enterprise
688,Sasha,Johnson,sasha.johnson.688@example.com,2023-03-10,2024-02-11 08:43:14,723.41,true,Free
689,Drew,Garcia,drew.garcia.689@example.com,2025-03-09,2025-11-30 23:49:48,2415.65,true,Pro
690,Alex,Nguyen,alex.nguyen.690@example.com,2025-03-13,2025-05-18 18:15:01,6856.47,false,Team
691,Jordan,Lopez,jordan.lopez.691@example.com,2024-07-12,2024-10-30 06:48:55,1809.12,true,Enterprise
692,Taylor,Kim,taylor.kim.692@example.com,2024-03-12,2024-08-17 05:11:08,6632.77,true,Free
693,Casey,Smith,casey.smith.693@example.com,2023-07-07,2023-11-22 06:51:39,2307.13,false,Pro
694,Morgan,Singh,morgan.singh.694@example.com,2025-05-28,2025-11-20 20:21:52,4502.59,true,Team
695,Riley,Müller,riley.müller.695@example.com,2024-08-29,2025-03-28 13:15:47,248.04,true,Enterprise
696,Avery,Patel,avery.patel.696@example.com,2024-05-15,2024-07-05 09:17:27,6048.47,false,Free
697,Quinn,Brown,quinn.brown.697@example.com,2025-06-05,2025-08-17 22:38:53,2638.04,true,Pro
698,Sasha,Johnson,sasha.johnson.698@example.com,2025-08-16,2025-10-03 01:42:27,4089.08,true,Team
699,Drew,Garcia,drew.garcia.699@example.com,2023-03-30,2024-01-23 04:17:57,5244.74,true,Enterprise
700,Alex,Nguyen,alex.nguyen.700@example.com,2024-08-23,2025-07-09 12:36:17,5606.13,true,Free
701,Jordan,Lopez,jordan.lopez.701@example.com,2023-01-17,2024-01-14 04:12:41,7796.73,false,Pro
702,Taylor,Kim,taylor.kim.702@example.com,2023-04-21,2023-08-08 09:12:40,6993.95,true,Team
703,Casey,Smith,casey.smith.703@example.com,2023-07-08,2023-09-07 18:12:56,8036.80,true,Enterprise
704,Morgan,Singh,morgan.singh.704@example.com,2024-05-17,2024-07-28 13:07:01,3726.82,true,Free
705,Riley,Müller,riley.müller.705@example.com,2026-01-02,2026-08-23 18:16:20,161.06,true,Pro
706,Avery,Patel,avery.patel.706@example.com,2024-02-14,2025-01-11 03:32:23,486.38,true,Team
707,Quinn,Brown,quinn.brown.707@example.com,2023-08-07,2024-05-26 20:26:52,4710.55,true,Enterprise
708,Sasha,Johnson,sasha.johnson.708@example.com,2024-07-03,2025-07-01 17:13:12,5928.73,true,Free
709,Drew,Garcia,drew.garcia.709@example.com,2024-01-04,2024-02-14 15:22:54,8256.49,false,Pro
710,Alex,Nguyen,alex.nguyen.710@example.com,2026-03-21,2026-11-02 19:12:21,3570.51,true,Team
711,Jordan,Lopez,jordan.lopez.711@example.com,2024-05-01,2025-04-12 22:20:45,7453.04,false,Enterprise
712,Taylor,Kim,taylor.kim.712@example.com,2023-10-05,2024-07-01 20:14:14,4657.55,true,Free
713,Casey,Smith,casey.smith.713@example.com,2023-02-01,2023-08-26 15:16:32,8199.72,true,Pro
714,Morgan,Singh,morgan.singh.714@example.com,2023-09-18,2024-01-07 07:09:57,6894.85,true,Team
715,Riley,Müller,riley.müller.715@example.com,2025-02-03,2025-02-27 20:26:26,8747.49,false,Enterprise
716,Avery,Patel,avery.patel.716@example.com,2026-04-19,2026-09-03 13:21:30,1329.59,true,Free
717,Quinn,Brown,quinn.brown.717@example.com,2026-03-05,2026-09-18 02:19:51,8837.95,true,Pro
718,Sasha,Johnson,sasha.johnson.718@example.com,2024-06-06,2025-05-26 10:39:17,3538.17,true,Team
719,Drew,Garcia,drew.garcia.719@example.com,2024-11-11,2024-12-23 16:57:37,7746.92,true,Enterprise
720,Alex,Nguyen,alex.nguyen.720@example.com,2024-12-07,2024-12-26 02:34:43,587.53,true,Free
721,Jordan,Lopez,jordan.lopez.721@example.com,2024-04-09,2024-07-16 20:26:23,4585.71,false,Pro
722,Taylor,Kim,taylor.kim.722@example.com,2024-02-02,2024-06-06 01:24:41,4516.39,true,Team
723,Casey,Smith,casey.smith.723@example.com,2024-07-19,2025-05-28 04:02:14,6923.01,true,Enterprise
724,Morgan,Singh,morgan.singh.724@example.com,2024-03-25,2024-10-31 13:34:39,5864.14,true,Free
725,Riley,Müller,riley.müller.725@example.com,2023-04-03,2023-09-20 15:05:14,5674.76,true,Pro
726,Avery,Patel,avery.patel.726@example.com,2025-05-28,2025-06-29 05:46:34,7130.06,true,Team
727,Quinn,Brown,quinn.brown.727@example.com,2025-06-30,2025-12-23 12:37:36,7241.43,false,Enterprise
728,Sasha,Johnson,sasha.johnson.728@example.com,2024-09-08,2025-04-14 21:00:12,6014.82,true,Free
729,Drew,Garcia,drew.garcia.729@example.com,2026-04-12,2026-08-08 03:57:21,4953.04,true,Pro
730,Alex,Nguyen,alex.nguyen.730@example.com,2025-12-26,2026-06-01 18:32:16,1875.93,true,Team
731,Jordan,Lopez,jordan.lopez.731@example.com,2025-04-12,2025-05-15 21:24:39,879.45,true,Enterprise
732,Taylor,Kim,taylor.kim.732@example.com,2023-10-29,2024-01-01 17:17:02,8354.86,true,Free
733,Casey,Smith,casey.smith.733@example.com,2026-04-15,2026-08-03 09:54:34,1530.39,false,Pro
734,Morgan,Singh,morgan.singh.734@example.com,2025-04-06,2025-08-22 16:24:03,8455.20,true,Team
735,Riley,Müller,riley.müller.735@example.com,2023-04-10,2023-06-15 17:25:00,799.21,true,Enterprise
736,Avery,Patel,avery.patel.736@example.com,2023-11-27,2024-06-10 11:19:46,4699.43,true,Free
737,Quinn,Brown,quinn.brown.737@example.com,2024-09-29,2025-08-22 12:11:45,3175.22,true,Pro
738,Sasha,Johnson,sasha.johnson.738@example.com,2025-10-06,2026-06-08 20:15:10,3586.61,false,Team
739,Drew,Garcia,drew.garcia.739@example.com,2024-05-11,2025-04-17 17:06:31,2500.38,true,Enterprise
740,Alex,Nguyen,alex.nguyen.740@example.com,2024-03-20,2024-04-12 13:35:21,7030.97,false,Free
741,Jordan,Lopez,jordan.lopez.741@example.com,2024-07-15,2025-07-10 19:00:05,7106.94,true,Pro
742,Taylor,Kim,taylor.kim.742@example.com,2025-11-26,2026-01-16 10:57:25,8836.08,true,Team
743,Casey,Smith,casey.smith.743@example.com,2024-02-29,2024-06-15 15:16:58,8142.12,true,Enterprise
744,Morgan,Singh,morgan.singh.744@example.com,2025-08-09,2026-01-22 17:08:34,4509.95,false,Free
745,Riley,Müller,riley.müller.745@example.com,2023-04-28,2023-12-16 01:21:55,8466.73,true,Pro
746,Avery,Patel,avery.patel.746@example.com,2023-06-30,2024-04-12 22:16:43,8406.06,true,Team
747,Quinn,Brown,quinn.brown.747@example.com,2025-05-16,2025-08-10 21:25:41,4156.89,true,Enterprise
748,Sasha,Johnson,sasha.johnson.748@example.com,2025-02-23,2025-10-28 12:07:05,8480.70,true,Free
749,Drew,Garcia,drew.garcia.749@example.com,2024-09-08,2025-09-06 16:18:12,1638.89,true,Pro
750,Alex,Nguyen,alex.nguyen.750@example.com,2023-06-23,2024-06-14 18:47:03,9688.98,true,Team
751,Jordan,Lopez,jordan.lopez.751@example.com,2025-12-04,2026-02-25 23:57:35,1911.14,true,Enterprise
752,Taylor,Kim,taylor.kim.752@example.com,2025-01-07,2025-05-21 05:00:21,3927.32,true,Free
753,Casey,Smith,casey.smith.753@example.com,2023-01-07,2023-02-01 20:22:24,1110.86,true,Pro
754,Morgan,Singh,morgan.singh.754@example.com,2025-08-23,2026-07-21 01:18:51,2468.15,true,Team
755,Riley,Müller,riley.müller.755@example.com,2026-01-12,2026-03-14 21:07:02,2221.41,true,Enterprise
756,Avery,Patel,avery.patel.756@example.com,2024-03-24,2024-05-26 15:21:37,1118.34,true,Free
757,Quinn,Brown,quinn.brown.757@example.com,2024-11-27,2025-02-10 22:54:35,938.89,true,Pro
758,Sasha,Johnson,sasha.johnson.758@example.com,2023-10-07,2023-11-25 06:29:27,5010.85,true,Team
759,Drew,Garcia,drew.garcia.759@example.com,2024-07-24,2025-06-07 21:47:45,812.70,true,Enterprise
760,Alex,Nguyen,alex.nguyen.760@example.com,2025-07-10,2026-01-18 00:19:32,8861.54,true,Free
761,Jordan,Lopez,jordan.lopez.761@example.com,2023-11-25,2024-10-17 16:48:35,6760.67,true,Pro
762,Taylor,Kim,taylor.kim.762@example.com,2025-05-28,2025-06-21 01:16:56,255.97,true,Team
763,Casey,Smith,casey.smith.763@example.com,2024-11-23,2025-03-15 10:31:16,8931.11,true,Enterprise
764,Morgan,Singh,morgan.singh.764@example.com,2023-03-01,2023-12-06 19:01:07,9859.27,true,Free
765,Riley,Müller,riley.müller.765@example.com,2025-08-02,2025-10-29 19:59:01,9799.52,true,Pro
766,Avery,Patel,avery.patel.766@example.com,2025-02-08,2025-02-17 22:34:16,8765.94,true,Team
767,Quinn,Brown,quinn.brown.767@example.com,2025-07-27,2026-07-24 13:25:21,113.39,true,Enterprise
768,Sasha,Johnson,sasha.johnson.768@example.com,2023-10-07,2024-05-12 08:41:31,8339.66,true,Free
769,Drew,Garcia,drew.garcia.769@example.com,2024-10-17,2025-01-23 01:41:44,1895.54,true,Pro
770,Alex,Nguyen,alex.nguyen.770@example.com,2025-05-08,2025-05-15 05:11:27,4797.43,true,Team
771,Jordan,Lopez,jordan.lopez.771@example.com,2024-07-20,2025-04-27 21:15:31,5636.95,true,Enterprise
772,Taylor,Kim,taylor.kim.772@example.com,2023-09-24,2024-07-05 19:24:08,7109.44,true,Free
773,Casey,Smith,casey.smith.773@example.com,2024-02-03,2024-12-01 18:20:12,8143.48,true,Pro
774,Morgan,Singh,morgan.singh.774@example.com,2025-03-10,2025-04-10 15:09:04,4876.00,false,Team
775,Riley,Müller,riley.müller.775@example.com,2023-01-31,2023-05-13 21:15:07,1763.87,true,Enterprise
776,Avery,Patel,avery.patel.776@example.com,2025-07-15,2026-01-07 20:51:04,7311.21,true,Free
777,Quinn,Brown,quinn.brown.777@example.com,2025-02-05,2026-02-01 13:22:24,7326.53,true,Pro
778,Sasha,Johnson,sasha.johnson.778@example.com,2023-07-31,2024-02-19 09:24:41,2519.18,true,Team
779,Drew,Garcia,drew.garcia.779@example.com,2025-05-10,2026-02-01 11:40:19,4669.92,true,Enterprise
780,Alex,Nguyen,alex.nguyen.780@example.com,2023-01-01,2023-07-01 03:56:37,9391.41,true,Free
781,Jordan,Lopez,jordan.lopez.781@example.com,2025-06-01,2026-04-19 07:04:57,4059.92,false,Pro
782,Taylor,Kim,taylor.kim.782@example.com,2026-03-15,2026-03-28 17:48:42,4022.52,true,Team
783,Casey,Smith,casey.smith.783@example.com,2026-01-18,2026-06-29 07:55:38,8077.69,false,Enterprise
784,Morgan,Singh,morgan.singh.784@example.com,2024-01-27,2024-09-27 14:48:28,9414.91,true,Free
785,Riley,Müller,riley.müller.785@example.com,2023-02-27,2024-01-29 08:55:54,847.63,true,Pro
786,Avery,Patel,avery.patel.786@example.com,2025-11-09,2026-02-17 12:06:09,654.13,true,Team
787,Quinn,Brown,quinn.brown.787@example.com,2025-12-27,2026-04-09 06:12:23,542.97,true,Enterprise
788,Sasha,Johnson,sasha.johnson.788@example.com,2025-08-03,2025-11-24 15:59:26,6778.37,false,Free
789,Drew,Garcia,drew.garcia.789@example.com,2023-07-19,2024-06-15 13:32:32,6944.55,true,Pro
790,Alex,Nguyen,alex.nguyen.790@example.com,2025-05-28,2025-11-21 01:44:47,8503.30,true,Team
791,Jordan,Lopez,jordan.lopez.791@example.com,2024-09-23,2024-12-06 18:39:28,7693.78,false,Enterprise
792,Taylor,Kim,taylor.kim.792@example.com,2023-09-27,2023-12-10 02:56:13,4240.89,true,Free
793,Casey,Smith,casey.smith.793@example.com,2025-10-07,2025-10-08 11:32:53,9654.41,false,Pro
794,Morgan,Singh,morgan.singh.794@example.com,2025-10-30,2026-01-10 15:59:53,5973.03,true,Team
795,Riley,Müller,riley.müller.795@example.com,2023-09-13,2023-12-23 15:54:04,6650.58,true,Enterprise
796,Avery,Patel,avery.patel.796@example.com,2025-01-03,2025-05-13 20:19:33,9269.57,true,Free
797,Quinn,Brown,quinn.brown.797@example.com,2024-02-11,2025-02-07 13:22:40,320.08,true,Pro
798,Sasha,Johnson,sasha.johnson.798@example.com,2024-05-02,2025-04-29 17:53:15,5950.05,true,Team
799,Drew,Garcia,drew.garcia.799@example.com,2024-08-27,2025-03-07 05:37:17,716.34,true,Enterprise
800,Alex,Nguyen,alex.nguyen.800@example.com,2023-11-24,2024-08-31 23:27:42,7813.82,true,Free
801,Jordan,Lopez,jordan.lopez.801@example.com,2023-06-12,2023-06-15 04:33:44,4550.09,false,Pro
802,Taylor,Kim,taylor.kim.802@example.com,2025-11-22,2026-04-14 21:25:46,354.22,true,Team
803,Casey,Smith,casey.smith.803@example.com,2023-09-09,2023-09-16 23:21:42,3597.19,true,Enterprise
804,Morgan,Singh,morgan.singh.804@example.com,2024-05-10,2024-06-30 05:27:15,1283.48,true,Free
805,Riley,Müller,riley.müller.805@example.com,2023-07-22,2023-11-09 23:56:25,7368.43,true,Pro
806,Avery,Patel,avery.patel.806@example.com,2025-03-10,2025-05-13 12:49:53,7527.60,true,Team
807,Quinn,Brown,quinn.brown.807@example.com,2023-05-21,2023-10-17 03:49:13,6788.89,true,Enterprise
808,Sasha,Johnson,sasha.johnson.808@example.com,2023-10-28,2023-12-04 13:34:25,828.39,true,Free
809,Drew,Garcia,drew.garcia.809@example.com,2026-03-18,2026-07-02 00:24:35,6816.12,true,Pro
810,Alex,Nguyen,alex.nguyen.810@example.com,2025-12-25,2026-02-01 17:42:35,1260.53,true,Team
811,Jordan,Lopez,jordan.lopez.811@example.com,2023-07-23,2024-02-11 17:47:52,9633.40,true,Enterprise
812,Taylor,Kim,taylor.kim.812@example.com,2024-03-10,2025-02-27 19:39:56,7621.64,false,Free
813,Casey,Smith,casey.smith.813@example.com,2025-11-10,2026-09-07 04:15:11,3635.99,true,Pro
814,Morgan,Singh,morgan.singh.814@example.com,2024-02-26,2024-11-09 16:36:53,3162.42,true,Team
815,Riley,Müller,riley.müller.815@example.com,2025-02-25,2025-03-15 11:37:59,1246.44,true,Enterprise
816,Avery,Patel,avery.patel.816@example.com,2025-02-15,2025-03-02 16:05:51,7850.32,true,Free
817,Quinn,Brown,quinn.brown.817@example.com,2025-08-26,2026-05-23 17:04:20,7449.24,false,Pro
818,Sasha,Johnson,sasha.johnson.818@example.com,2025-04-29,2025-12-22 08:11:55,5431.47,true,Team
819,Drew,Garcia,drew.garcia.819@example.com,2023-02-11,2023-09-03 15:07:31,2450.00,true,Enterprise
820,Alex,Nguyen,alex.nguyen.820@example.com,2025-06-17,2026-01-23 00:17:52,1157.23,true,Free
821,Jordan,Lopez,jordan.lopez.821@example.com,2025-12-10,2026-11-02 13:22:21,9539.62,true,Pro
822,Taylor,Kim,taylor.kim.822@example.com,2024-12-24,2025-10-09 11:35:18,8465.02,true,Team
823,Casey,Smith,casey.smith.823@example.com,2023-09-22,2024-05-25 05:31:35,1453.39,true,Enterprise
824,Morgan,Singh,morgan.singh.824@example.com,2023-04-26,2024-02-22 18:12:20,6944.85,true,Free
825,Riley,Müller,riley.müller.825@example.com,2026-03-04,2026-12-25 14:47:18,9437.29,true,Pro
826,Avery,Patel,avery.patel.826@example.com,2024-03-12,2025-02-28 23:43:30,4280.89,true,Team
827,Quinn,Brown,quinn.brown.827@example.com,2025-11-16,2026-04-07 23:12:38,5617.55,true,Enterprise
828,Sasha,Johnson,sasha.johnson.828@example.com,2024-03-06,2024-10-18 17:42:28,5093.74,false,Free
829,Drew,Garcia,drew.garcia.829@example.com,2023-03-28,2023-07-04 10:45:20,4149.89,false,Pro
830,Alex,Nguyen,alex.nguyen.830@example.com,2023-09-27,2024-05-08 07:21:35,4560.46,false,Team
831,Jordan,Lopez,jordan.lopez.831@example.com,2025-06-04,2026-06-04 01:25:03,9195.88,true,Enterprise
832,Taylor,Kim,taylor.kim.832@example.com,2024-01-01,2024-07-10 23:49:41,7804.06,true,Free
833,Casey,Smith,casey.smith.833@example.com,2025-10-20,2026-05-02 06:34:44,3344.16,true,Pro
834,Morgan,Singh,morgan.singh.834@example.com,2024-05-27,2025-04-15 20:16:50,8682.32,true,Team
835,Riley,Müller,riley.müller.835@example.com,2023-08-16,2024-04-02 20:20:51,4647.69,true,Enterprise
836,Avery,Patel,avery.patel.836@example.com,2023-03-12,2023-09-26 14:45:07,5531.82,true,Free
837,Quinn,Brown,quinn.brown.837@example.com,2025-06-26,2025-09-25 13:42:09,9274.18,true,Pro
838,Sasha,Johnson,sasha.johnson.838@example.com,2023-05-22,2023-08-12 02:07:14,339.07,true,Team
839,Drew,Garcia,drew.garcia.839@example.com,2024-01-03,2024-02-08 18:44:04,8651.98,true,Enterprise
840,Alex,Nguyen,alex.nguyen.840@example.com,2024-05-07,2024-11-13 01:10:57,480.53,true,Free
841,Jordan,Lopez,jordan.lopez.841@example.com,2024-07-04,2025-02-09 05:29:46,9501.83,true,Pro
842,Taylor,Kim,taylor.kim.842@example.com,2023-11-21,2024-11-09 20:35:02,4854.05,true,Team
843,Casey,Smith,casey.smith.843@example.com,2024-05-28,2024-12-28 08:23:43,7192.44,true,Enterprise
844,Morgan,Singh,morgan.singh.844@example.com,2025-10-19,2026-09-15 01:22:32,3488.92,true,Free
845,Riley,Müller,riley.müller.845@example.com,2023-12-24,2024-06-12 07:53:23,5797.57,false,Pro
846,Avery,Patel,avery.patel.846@example.com,2024-05-26,2025-03-04 10:44:31,7308.29,false,Team
847,Quinn,Brown,quinn.brown.847@example.com,2023-02-07,2023-07-22 06:44:35,2872.79,true,Enterprise
848,Sasha,Johnson,sasha.johnson.848@example.com,2025-09-12,2026-08-29 13:09:57,7048.85,false,Free
849,Drew,Garcia,drew.garcia.849@example.com,2024-06-05,2025-05-12 19:44:58,2234.63,true,Pro
850,Alex,Nguyen,alex.nguyen.850@example.com,2025-05-15,2025-11-04 16:06:35,7123.47,true,Team
851,Jordan,Lopez,jordan.lopez.851@example.com,2023-02-20,2023-10-15 21:24:36,1838.80,false,Enterprise
852,Taylor,Kim,taylor.kim.852@example.com,2026-04-21,2026-06-12 16:59:03,9960.96,true,Free
853,Casey,Smith,casey.smith.853@example.com,2025-08-27,2025-12-14 12:04:47,3858.19,true,Pro
854,Morgan,Singh,morgan.singh.854@example.com,2025-08-19,2026-02-21 04:29:05,8192.78,false,Team
855,Riley,Müller,riley.müller.855@example.com,2025-06-27,2025-07-13 21:41:05,4873.09,true,Enterprise
856,Avery,Patel,avery.patel.856@example.com,2026-01-30,2026-05-22 05:30:26,4427.96,true,Free
857,Quinn,Brown,quinn.brown.857@example.com,2023-04-18,2023-10-03 09:43:27,4616.25,true,Pro
858,Sasha,Johnson,sasha.johnson.858@example.com,2026-02-23,2026-06-25 00:01:05,6726.27,true,Team
859,Drew,Garcia,drew.garcia.859@example.com,2025-02-14,2025-11-10 14:30:02,8433.05,false,Enterprise
860,Alex,Nguyen,alex.nguyen.860@example.com,2024-09-09,2024-11-17 13:49:39,7734.47,true,Free
861,Jordan,Lopez,jordan.lopez.861@example.com,2024-04-29,2024-11-29 17:59:11,5546.65,true,Pro
862,Taylor,Kim,taylor.kim.862@example.com,2025-03-02,2025-08-02 02:15:03,3221.53,true,Team
863,Casey,Smith,casey.smith.863@example.com,2024-02-03,2024-04-12 00:40:30,5902.43,true,Enterprise
864,Morgan,Singh,morgan.singh.864@example.com,2024-09-14,2025-03-17 08:08:27,6355.54,true,Free
865,Riley,Müller,riley.müller.865@example.com,2023-10-19,2024-01-04 18:13:17,2515.35,true,Pro
866,Avery,Patel,avery.patel.866@example.com,2023-03-27,2023-05-21 07:53:12,5237.61,true,Team
867,Quinn,Brown,quinn.brown.867@example.com,2023-02-16,2023-08-12 16:30:24,912.53,false,Enterprise
868,Sasha,Johnson,sasha.johnson.868@example.com,2023-01-12,2023-04-01 11:16:14,8004.75,true,Free
869,Drew,Garcia,drew.garcia.869@example.com,2024-05-09,2025-03-16 10:26:47,354.55,true,Pro
870,Alex,Nguyen,alex.nguyen.870@example.com,2025-12-30,2026-02-21 10:35:41,4412.03,true,Team
871,Jordan,Lopez,jordan.lopez.871@example.com,2024-04-12,2025-04-10 08:34:57,8420.38,false,Enterprise
872,Taylor,Kim,taylor.kim.872@example.com,2023-11-17,2024-03-29 11:07:46,1841.07,true,Free
873,Casey,Smith,casey.smith.873@example.com,2023-09-12,2024-06-11 11:12:33,1173.30,true,Pro
874,Morgan,Singh,morgan.singh.874@example.com,2024-11-29,2025-02-05 02:37:10,6910.49,true,Team
875,Riley,Müller,riley.müller.875@example.com,2026-01-14,2026-05-09 09:43:51,7332.16,true,Enterprise
876,Avery,Patel,avery.patel.876@example.com,2024-01-21,2024-06-10 00:58:39,1879.43,true,Free
877,Quinn,Brown,quinn.brown.877@example.com,2024-02-19,2024-09-28 15:05:47,7149.72,false,Pro
878,Sasha,Johnson,sasha.johnson.878@example.com,2023-11-11,2024-01-15 06:54:35,9478.05,false,Team
879,Drew,Garcia,drew.garcia.879@example.com,2025-06-06,2025-10-30 21:50:36,381.58,true,Enterprise
880,Alex,Nguyen,alex.nguyen.880@example.com,2024-01-04,2024-07-14 14:28:28,5863.54,true,Free
881,Jordan,Lopez,jordan.lopez.881@example.com,2024-12-30,2025-02-28 00:52:44,3898.75,false,Pro
882,Taylor,Kim,taylor.kim.882@example.com,2023-06-10,2023-11-24 17:05:26,3444.60,true,Team
883,Casey,Smith,casey.smith.883@example.com,2024-06-08,2024-09-23 09:38:14,1398.53,false,Enterprise
884,Morgan,Singh,morgan.singh.884@example.com,2025-11-09,2025-11-13 19:44:53,6386.41,true,Free
885,Riley,Müller,riley.müller.885@example.com,2025-09-12,2026-01-06 05:50:21,7074.72,true,Pro
886,Avery,Patel,avery.patel.886@example.com,2025-06-30,2026-03-14 14:15:30,4677.53,true,Team
887,Quinn,Brown,quinn.brown.887@example.com,2023-09-25,2024-09-14 13:59:14,5437.19,true,Enterprise
888,Sasha,Johnson,sasha.johnson.888@example.com,2023-01-28,2023-09-11 17:25:08,7134.58,true,Free
889,Drew,Garcia,drew.garcia.889@example.com,2025-05-02,2026-02-18 18:44:39,7934.24,true,Pro
890,Alex,Nguyen,alex.nguyen.890@example.com,2023-05-14,2023-06-27 12:49:20,6649.90,true,Team
891,Jordan,Lopez,jordan.lopez.891@example.com,2025-06-01,2026-01-18 13:34:28,58.35,true,Enterprise
892,Taylor,Kim,taylor.kim.892@example.com,2023-11-05,2024-05-25 05:43:21,3322.19,true,Free
893,Casey,Smith,casey.smith.893@example.com,2024-04-02,2024-05-29 11:36:29,295.48,true,Pro
894,Morgan,Singh,morgan.singh.894@example.com,2024-10-15,2024-11-15 00:51:29,1376.22,false,Team
895,Riley,Müller,riley.müller.895@example.com,2025-04-29,2025-10-16 11:05:56,3283.99,true,Enterprise
896,Avery,Patel,avery.patel.896@example.com,2023-02-28,2023-12-06 07:33:07,8741.47,true,Free
897,Quinn,Brown,quinn.brown.897@example.com,2023-07-24,2024-05-28 05:56:57,7905.85,true,Pro
898,Sasha,Johnson,sasha.johnson.898@example.com,2026-02-26,2026-04-02 09:12:06,3341.09,true,Team
899,Drew,Garcia,drew.garcia.899@example.com,2023-02-19,2023-04-25 21:10:59,6221.58,false,Enterprise
900,Alex,Nguyen,alex.nguyen.900@example.com,2023-02-04,2023-06-19 08:56:10,706.89,true,Free
901,Jordan,Lopez,jordan.lopez.901@example.com,2023-03-08,2023-04-30 14:46:31,4769.78,true,Pro
902,Taylor,Kim,taylor.kim.902@example.com,2026-03-04,2026-08-25 11:39:43,3595.36,true,Team
903,Casey,Smith,casey.smith.903@example.com,2024-11-26,2025-10-18 04:46:07,3269.87,true,Enterprise
904,Morgan,Singh,morgan.singh.904@example.com,2025-09-07,2025-11-16 22:56:11,9891.61,true,Free
905,Riley,Müller,riley.müller.905@example.com,2023-02-03,2023-07-01 14:05:28,6824.81,true,Pro
906,Avery,Patel,avery.patel.906@example.com,2025-01-11,2025-10-25 23:42:37,3222.71,true,Team
907,Quinn,Brown,quinn.brown.907@example.com,2026-03-28,2026-12-28 01:35:27,212.80,true,Enterprise
908,Sasha,Johnson,sasha.johnson.908@example.com,2025-06-23,2025-10-17 18:56:49,4428.75,true,Free
909,Drew,Garcia,drew.garcia.909@example.com,2023-07-23,2024-04-02 20:57:17,4337.39,false,Pro
910,Alex,Nguyen,alex.nguyen.910@example.com,2023-03-11,2023-12-16 13:31:49,5007.92,true,Team
911,Jordan,Lopez,jordan.lopez.911@example.com,2025-07-10,2025-09-26 01:37:20,1701.17,true,Enterprise
912,Taylor,Kim,taylor.kim.912@example.com,2025-07-10,2025-12-25 03:41:14,6012.34,false,Free
913,Casey,Smith,casey.smith.913@example.com,2025-05-05,2025-12-12 19:43:27,2585.82,true,Pro
914,Morgan,Singh,morgan.singh.914@example.com,2024-07-30,2024-12-22 10:02:25,7744.76,true,Team
915,Riley,Müller,riley.müller.915@example.com,2023-07-13,2023-11-16 18:02:21,9625.36,true,Enterprise
916,Avery,Patel,avery.patel.916@example.com,2025-08-31,2026-02-18 20:39:27,7243.02,true,Free
917,Quinn,Brown,quinn.brown.917@example.com,2025-11-22,2026-08-01 17:09:06,8748.89,true,Pro
918,Sasha,Johnson,sasha.johnson.918@example.com,2024-05-18,2024-12-27 16:15:31,416.38,false,Team
919,Drew,Garcia,drew.garcia.919@example.com,2025-02-09,2025-07-30 01:05:04,9367.91,true,Enterprise
920,Alex,Nguyen,alex.nguyen.920@example.com,2025-10-13,2026-09-11 15:18:01,5868.89,false,Free
921,Jordan,Lopez,jordan.lopez.921@example.com,2023-05-23,2023-05-25 20:06:16,6408.29,false,Pro
922,Taylor,Kim,taylor.kim.922@example.com,2024-07-02,2024-10-17 12:38:32,306.55,true,Team
923,Casey,Smith,casey.smith.923@example.com,2025-04-20,2025-12-29 10:50:32,5998.89,true,Enterprise
924,Morgan,Singh,morgan.singh.924@example.com,2026-02-05,2027-01-08 05:13:52,3446.13,true,Free
925,Riley,Müller,riley.müller.925@example.com,2024-11-30,2025-09-09 14:33:16,4981.91,false,Pro
926,Avery,Patel,avery.patel.926@example.com,2024-07-11,2025-04-01 03:48:06,7536.54,false,Team
927,Quinn,Brown,quinn.brown.927@example.com,2024-12-25,2025-08-06 21:09:02,3089.81,true,Enterprise
928,Sasha,Johnson,sasha.johnson.928@example.com,2025-08-18,2026-02-05 01:58:35,874.02,false,Free
929,Drew,Garcia,drew.garcia.929@example.com,2023-06-02,2023-10-08 18:05:11,3592.05,true,Pro
930,Alex,Nguyen,alex.nguyen.930@example.com,2023-09-16,2024-09-11 19:10:26,978.82,false,Team
931,Jordan,Lopez,jordan.lopez.931@example.com,2023-08-22,2024-03-27 13:37:29,138.61,true,Enterprise
932,Taylor,Kim,taylor.kim.932@example.com,2023-06-09,2023-09-05 08:23:23,607.87,true,Free
933,Casey,Smith,casey.smith.933@example.com,2023-04-28,2023-05-20 22:39:06,877.69,true,Pro
934,Morgan,Singh,morgan.singh.934@example.com,2023-06-24,2024-01-24 21:39:46,332.45,true,Team
935,Riley,Müller,riley.müller.935@example.com,2024-11-05,2025-08-23 11:35:11,388.21,true,Enterprise
936,Avery,Patel,avery.patel.936@example.com,2025-11-24,2026-03-12 10:04:15,4396.33,false,Free
937,Quinn,Brown,quinn.brown.937@example.com,2025-04-12,2025-09-07 08:39:13,5904.27,true,Pro
938,Sasha,Johnson,sasha.johnson.938@example.com,2024-03-19,2024-06-16 00:01:27,8966.51,true,Team
939,Drew,Garcia,drew.garcia.939@example.com,2025-01-01,2025-03-26 22:17:49,8499.32,true,Enterprise
940,Alex,Nguyen,alex.nguyen.940@example.com,2023-08-14,2024-04-20 13:53:45,3487.27,true,Free
941,Jordan,Lopez,jordan.lopez.941@example.com,2025-04-02,2026-02-21 03:22:47,9093.97,true,Pro
942,Taylor,Kim,taylor.kim.942@example.com,2024-02-12,2024-02-21 01:20:33,3249.42,true,Team
943,Casey,Smith,casey.smith.943@example.com,2023-08-28,2024-05-01 22:45:53,5619.85,true,Enterprise
944,Morgan,Singh,morgan.singh.944@example.com,2023-11-16,2023-11-30 04:30:40,8153.83,true,Free
945,Riley,Müller,riley.müller.945@example.com,2026-02-21,2026-08-12 17:40:09,1140.82,true,Pro
946,Avery,Patel,avery.patel.946@example.com,2024-09-27,2025-06-30 22:05:11,6951.00,false,Team
947,Quinn,Brown,quinn.brown.947@example.com,2023-08-30,2024-06-02 00:26:28,3730.37,false,Enterprise
948,Sasha,Johnson,sasha.johnson.948@example.com,2024-07-29,2025-04-01 08:24:18,2108.79,false,Free
949,Drew,Garcia,drew.garcia.949@example.com,2025-11-18,2026-08-22 04:22:11,1113.96,true,Pro
950,Alex,Nguyen,alex.nguyen.950@example.com,2023-09-10,2024-06-03 12:24:31,1638.59,true,Team
951,Jordan,Lopez,jordan.lopez.951@example.com,2023-07-19,2024-04-08 04:15:10,3613.11,true,Enterprise
952,Taylor,Kim,taylor.kim.952@example.com,2024-11-15,2025-04-21 09:58:30,4757.21,true,Free
953,Casey,Smith,casey.smith.953@example.com,2024-07-25,2025-02-23 21:39:36,376.39,true,Pro
954,Morgan,Singh,morgan.singh.954@example.com,2024-06-04,2025-05-15 19:56:23,2339.08,true,Team
955,Riley,Müller,riley.müller.955@example.com,2025-07-07,2025-12-21 00:20:00,4316.12,true,Enterprise
956,Avery,Patel,avery.patel.956@example.com,2026-01-27,2026-02-10 07:49:16,1035.08,true,Free
957,Quinn,Brown,quinn.brown.957@example.com,2023-11-05,2024-06-05 09:37:19,2519.31,true,Pro
958,Sasha,Johnson,sasha.johnson.958@example.com,2023-07-12,2024-01-15 11:41:10,8512.76,true,Team
959,Drew,Garcia,drew.garcia.959@example.com,2024-05-03,2024-11-01 02:44:06,1043.38,true,Enterprise
960,Alex,Nguyen,alex.nguyen.960@example.com,2023-09-12,2024-05-29 16:28:26,8295.47,true,Free
961,Jordan,Lopez,jordan.lopez.961@example.com,2025-10-09,2025-12-14 06:18:52,5129.14,true,Pro
962,Taylor,Kim,taylor.kim.962@example.com,2024-09-11,2025-08-06 20:17:58,456.26,false,Team
963,Casey,Smith,casey.smith.963@example.com,2024-08-25,2025-01-21 04:49:14,2795.06,true,Enterprise
964,Morgan,Singh,morgan.singh.964@example.com,2023-07-22,2024-01-19 17:05:31,3299.71,false,Free
965,Riley,Müller,riley.müller.965@example.com,2024-11-06,2025-08-20 14:57:38,4784.36,false,Pro
966,Avery,Patel,avery.patel.966@example.com,2025-10-08,2025-12-06 23:05:09,9024.16,false,Team
967,Quinn,Brown,quinn.brown.967@example.com,2025-02-10,2025-12-25 21:43:53,44.55,false,Enterprise
968,Sasha,Johnson,sasha.johnson.968@example.com,2025-07-28,2026-05-01 10:14:15,3536.27,false,Free
969,Drew,Garcia,drew.garcia.969@example.com,2025-04-25,2026-01-26 22:59:24,9031.75,true,Pro
970,Alex,Nguyen,alex.nguyen.970@example.com,2024-08-17,2025-08-03 07:50:25,2300.98,true,Team
971,Jordan,Lopez,jordan.lopez.971@example.com,2023-06-04,2023-06-10 22:57:15,5753.16,true,Enterprise
972,Taylor,Kim,taylor.kim.972@example.com,2023-01-13,2023-07-07 09:38:31,7766.57,true,Free
973,Casey,Smith,casey.smith.973@example.com,2023-06-20,2024-01-12 04:21:49,7841.74,false,Pro
974,Morgan,Singh,morgan.singh.974@example.com,2025-11-08,2026-08-12 11:41:07,3264.67,true,Team
975,Riley,Müller,riley.müller.975@example.com,2025-02-24,2025-10-10 01:27:30,7225.06,true,Enterprise
976,Avery,Patel,avery.patel.976@example.com,2025-03-26,2026-03-04 13:06:07,1922.76,true,Free
977,Quinn,Brown,quinn.brown.977@example.com,2023-02-25,2023-05-23 18:54:55,855.75,true,Pro
978,Sasha,Johnson,sasha.johnson.978@example.com,2026-02-16,2027-01-30 17:20:58,8997.12,true,Team
979,Drew,Garcia,drew.garcia.979@example.com,2025-06-22,2026-01-13 13:49:29,1215.75,false,Enterprise
980,Alex,Nguyen,alex.nguyen.980@example.com,2025-02-01,2025-10-21 14:08:07,1634.89,true,Free
981,Jordan,Lopez,jordan.lopez.981@example.com,2023-11-03,2024-02-05 15:29:49,2728.95,true,Pro
982,Taylor,Kim,taylor.kim.982@example.com,2025-10-31,2026-01-27 01:38:28,6703.38,true,Team
983,Casey,Smith,casey.smith.983@example.com,2024-05-26,2024-09-13 03:23:05,221.04,true,Enterprise
984,Morgan,Singh,morgan.singh.984@example.com,2023-03-08,2023-12-16 10:35:05,6409.02,true,Free
985,Riley,Müller,riley.müller.985@example.com,2024-04-26,2025-01-28 18:11:36,59.26,true,Pro
986,Avery,Patel,avery.patel.986@example.com,2024-09-04,2024-11-01 04:24:14,5673.88,true,Team
987,Quinn,Brown,quinn.brown.987@example.com,2026-02-20,2026-12-22 21:06:20,710.26,true,Enterprise
988,Sasha,Johnson,sasha.johnson.988@example.com,2025-05-26,2026-04-04 01:20:51,8500.91,true,Free
989,Drew,Garcia,drew.garcia.989@example.com,2023-01-19,2023-08-23 09:12:27,250.76,true,Pro
990,Alex,Nguyen,alex.nguyen.990@example.com,2023-12-15,2024-11-13 14:36:34,964.09,false,Team
991,Jordan,Lopez,jordan.lopez.991@example.com,2023-06-18,2024-01-14 04:02:56,6575.16,true,Enterprise
992,Taylor,Kim,taylor.kim.992@example.com,2024-09-05,2024-09-15 11:18:20,7183.23,false,Free
993,Casey,Smith,casey.smith.993@example.com,2024-03-31,2024-04-07 09:53:19,1582.98,true,Pro
994,Morgan,Singh,morgan.singh.994@example.com,2023-01-31,2023-05-15 13:36:05,4386.47,true,Team
995,Riley,Müller,riley.müller.995@example.com,2023-02-05,2023-08-11 05:49:57,4032.90,true,Enterprise
996,Avery,Patel,avery.patel.996@example.com,2025-02-03,2025-05-24 12:15:39,4271.80,true,Free
997,Quinn,Brown,quinn.brown.997@example.com,2025-01-05,2025-06-29 12:36:28,9838.31,false,Pro
998,Sasha,Johnson,sasha.johnson.998@example.com,2025-03-02,2025-10-02 11:22:30,23.16,true,Team
999,Drew,Garcia,drew.garcia.999@example.com,2024-04-18,2024-09-25 11:05:09,9407.11,true,Enterprise
1000,Alex,Nguyen,alex.nguyen.1000@example.com,2026-01-19,2027-01-06 19:30:49,7344.09,true,Free
1001,Jordan,Lopez,jordan.lopez.1001@example.com,2026-02-11,2026-12-04 00:49:31,9372.19,true,Pro
1002,Taylor,Kim,taylor.kim.1002@example.com,2024-07-19,2025-05-07 21:56:50,8737.06,true,Team
1003,Casey,Smith,casey.smith.1003@example.com,2023-10-01,2024-07-05 04:38:37,4059.08,true,Enterprise
1004,Morgan,Singh,morgan.singh.1004@example.com,2024-05-04,2024-09-03 11:48:23,6128.00,true,Free
1005,Riley,Müller,riley.müller.1005@example.com,2025-07-17,2025-08-27 19:52:44,1922.19,true,Pro
1006,Avery,Patel,avery.patel.1006@example.com,2024-02-24,2024-08-08 17:39:01,4681.17,true,Team
1007,Quinn,Brown,quinn.brown.1007@example.com,2025-08-23,2026-05-18 09:25:05,3503.81,true,Enterprise
1008,Sasha,Johnson,sasha.johnson.1008@example.com,2023-03-05,2023-05-11 22:07:45,188.60,true,Free
1009,Drew,Garcia,drew.garcia.1009@example.com,2023-03-17,2023-05-08 16:21:20,514.94,true,Pro
1010,Alex,Nguyen,alex.nguyen.1010@example.com,2023-12-20,2024-05-29 02:07:43,5848.40,true,Team
1011,Jordan,Lopez,jordan.lopez.1011@example.com,2023-10-08,2024-03-22 05:11:39,5725.81,false,Enterprise
1012,Taylor,Kim,taylor.kim.1012@example.com,2023-06-13,2024-01-22 21:22:57,2738.78,true,Free
1013,Casey,Smith,casey.smith.1013@example.com,2024-08-02,2025-02-11 09:37:02,2226.77,true,Pro
1014,Morgan,Singh,morgan.singh.1014@example.com,2026-02-18,2026-03-08 17:11:03,7743.81,false,Team
1015,Riley,Müller,riley.müller.1015@example.com,2025-04-13,2025-10-11 23:52:59,2508.69,true,Enterprise
1016,Avery,Patel,avery.patel.1016@example.com,2023-10-19,2023-10-20 15:51:33,1033.12,true,Free
1017,Quinn,Brown,quinn.brown.1017@example.com,2024-04-21,2025-03-18 04:50:19,5275.42,true,Pro
1018,Sasha,Johnson,sasha.johnson.1018@example.com,2024-07-23,2024-09-05 16:08:37,2481.78,true,Team
1019,Drew,Garcia,drew.garcia.1019@example.com,2023-11-20,2023-12-08 22:04:59,5497.73,true,Enterprise
1020,Alex,Nguyen,alex.nguyen.1020@example.com,2024-01-01,2024-12-01 20:16:02,6463.18,true,Free
1021,Jordan,Lopez,jordan.lopez.1021@example.com,2023-04-04,2023-08-03 12:27:36,3770.22,true,Pro
1022,Taylor,Kim,taylor.kim.1022@example.com,2024-04-05,2024-10-24 07:15:46,3533.30,true,Team
1023,Casey,Smith,casey.smith.1023@example.com,2023-03-21,2023-06-24 01:07:23,4216.71,false,Enterprise
1024,Morgan,Singh,morgan.singh.1024@example.com,2024-03-02,2025-01-30 19:24:52,9729.67,true,Free
1025,Riley,Müller,riley.müller.1025@example.com,2026-02-13,2026-04-21 22:26:27,4117.92,true,Pro
1026,Avery,Patel,avery.patel.1026@example.com,2024-05-03,2025-05-02 08:28:11,2390.20,false,Team
1027,Quinn,Brown,quinn.brown.1027@example.com,2024-02-05,2024-03-31 04:45:20,3013.98,true,Enterprise
1028,Sasha,Johnson,sasha.johnson.1028@example.com,2023-12-06,2024-02-22 08:10:35,8244.96,true,Free
1029,Drew,Garcia,drew.garcia.1029@example.com,2023-07-02,2023-11-19 13:54:17,8043.33,false,Pro
1030,Alex,Nguyen,alex.nguyen.1030@example.com,2024-10-18,2025-09-04 00:19:07,1604.21,false,Team
1031,Jordan,Lopez,jordan.lopez.1031@example.com,2025-08-19,2026-08-14 09:21:17,2586.86,true,Enterprise
1032,Taylor,Kim,taylor.kim.1032@example.com,2025-11-26,2026-07-12 23:31:34,9740.86,false,Free
1033,Casey,Smith,casey.smith.1033@example.com,2024-07-11,2025-01-24 05:49:43,6160.52,true,Pro
1034,Morgan,Singh,morgan.singh.1034@example.com,2024-05-13,2025-01-24 14:58:52,5736.99,true,Team
1035,Riley,Müller,riley.müller.1035@example.com,2024-12-27,2025-12-02 16:33:32,9132.83,true,Enterprise
1036,Avery,Patel,avery.patel.1036@example.com,2023-03-31,2023-12-08 05:38:33,1743.03,false,Free
1037,Quinn,Brown,quinn.brown.1037@example.com,2024-01-10,2024-06-25 00:50:37,2403.32,true,Pro
1038,Sasha,Johnson,sasha.johnson.1038@example.com,2025-03-11,2025-09-21 03:56:42,6521.65,true,Team
1039,Drew,Garcia,drew.garcia.1039@example.com,2023-06-22,2023-07-28 14:03:29,7318.07,false,Enterprise
1040,Alex,Nguyen,alex.nguyen.1040@example.com,2025-11-30,2026-09-06 17:11:27,3858.72,true,Free
1041,Jordan,Lopez,jordan.lopez.1041@example.com,2025-07-29,2025-10-26 22:49:22,8081.56,true,Pro
1042,Taylor,Kim,taylor.kim.1042@example.com,2024-12-18,2025-04-15 18:50:40,9562.91,true,Team
1043,Casey,Smith,casey.smith.1043@example.com,2024-09-24,2024-12-08 06:39:58,1509.51,true,Enterprise
1044,Morgan,Singh,morgan.singh.1044@example.com,2024-12-03,2025-10-07 02:40:10,3755.24,false,Free
1045,Riley,Müller,riley.müller.1045@example.com,2024-04-26,2025-04-26 08:07:38,8852.47,true,Pro
1046,Avery,Patel,avery.patel.1046@example.com,2025-08-25,2026-07-27 07:36:55,9502.50,true,Team
1047,Quinn,Brown,quinn.brown.1047@example.com,2025-09-13,2025-09-27 00:44:23,9708.44,true,Enterprise
1048,Sasha,Johnson,sasha.johnson.1048@example.com,2023-08-29,2024-03-09 16:51:22,4436.85,true,Free
1049,Drew,Garcia,drew.garcia.1049@example.com,2024-03-30,2025-01-16 13:44:15,3387.05,true,Pro
1050,Alex,Nguyen,alex.nguyen.1050@example.com,2023-01-04,2023-03-19 22:56:28,8158.74,true,Team
1051,Jordan,Lopez,jordan.lopez.1051@example.com,2025-10-13,2026-06-11 18:25:32,2017.87,true,Enterprise
1052,Taylor,Kim,taylor.kim.1052@example.com,2023-11-14,2024-04-16 01:47:46,5184.15,true,Free
1053,Casey,Smith,casey.smith.1053@example.com,2024-05-19,2024-05-23 06:26:58,5878.34,true,Pro
1054,Morgan,Singh,morgan.singh.1054@example.com,2024-03-19,2024-04-27 01:48:24,9000.12,true,Team
1055,Riley,Müller,riley.müller.1055@example.com,2024-06-11,2025-03-25 11:38:20,3182.77,true,Enterprise
1056,Avery,Patel,avery.patel.1056@example.com,2025-04-16,2025-08-27 23:52:01,9859.69,true,Free
1057,Quinn,Brown,quinn.brown.1057@example.com,2025-12-25,2026-04-29 06:30:58,6944.14,true,Pro
1058,Sasha,Johnson,sasha.johnson.1058@example.com,2025-05-30,2026-03-22 08:40:48,5743.88,true,Team
1059,Drew,Garcia,drew.garcia.1059@example.com,2026-01-06,2026-08-29 04:54:39,6555.68,true,Enterprise
1060,Alex,Nguyen,alex.nguyen.1060@example.com,2024-06-15,2025-01-22 09:55:55,1155.22,true,Free
1061,Jordan,Lopez,jordan.lopez.1061@example.com,2025-02-03,2025-09-24 02:52:19,7230.05,false,Pro
1062,Taylor,Kim,taylor.kim.1062@example.com,2025-03-31,2025-05-03 10:41:43,1999.65,true,Team
1063,Casey,Smith,casey.smith.1063@example.com,2025-01-06,2025-06-14 10:18:30,6130.51,true,Enterprise
1064,Morgan,Singh,morgan.singh.1064@example.com,2026-01-04,2026-11-21 05:29:25,9327.07,true,Free
1065,Riley,Müller,riley.müller.1065@example.com,2025-12-31,2026-09-03 16:59:22,2903.14,true,Pro
1066,Avery,Patel,avery.patel.1066@example.com,2023-04-30,2023-10-18 23:33:20,9304.15,true,Team
1067,Quinn,Brown,quinn.brown.1067@example.com,2024-09-22,2025-07-06 03:18:59,3022.18,true,Enterprise
1068,Sasha,Johnson,sasha.johnson.1068@example.com,2026-01-02,2026-05-10 20:38:57,3060.93,true,Free
1069,Drew,Garcia,drew.garcia.1069@example.com,2024-02-11,2024-07-13 01:07:19,4236.82,true,Pro
1070,Alex,Nguyen,alex.nguyen.1070@example.com,2023-10-13,2024-03-16 17:26:43,2429.33,true,Team
1071,Jordan,Lopez,jordan.lopez.1071@example.com,2025-09-08,2025-12-01 21:06:45,7961.36,true,Enterprise
1072,Taylor,Kim,taylor.kim.1072@example.com,2024-04-02,2024-12-09 07:03:50,467.90,true,Free
1073,Casey,Smith,casey.smith.1073@example.com,2025-01-25,2025-12-25 13:48:11,7503.93,true,Pro
1074,Morgan,Singh,morgan.singh.1074@example.com,2025-09-30,2025-11-24 02:32:00,6962.51,false,Team
1075,Riley,Müller,riley.müller.1075@example.com,2024-01-09,2024-08-26 07:26:32,9625.73,true,Enterprise
1076,Avery,Patel,avery.patel.1076@example.com,2026-02-03,2026-05-27 08:38:49,293.42,true,Free
1077,Quinn,Brown,quinn.brown.1077@example.com,2023-03-26,2023-06-01 09:01:52,742.48,true,Pro
1078,Sasha,Johnson,sasha.johnson.1078@example.com,2025-10-07,2026-09-20 17:54:12,7783.79,true,Team
1079,Drew,Garcia,drew.garcia.1079@example.com,2025-03-23,2025-03-25 10:55:39,840.40,true,Enterprise
1080,Alex,Nguyen,alex.nguyen.1080@example.com,2024-12-11,2024-12-27 22:48:52,1664.29,true,Free
1081,Jordan,Lopez,jordan.lopez.1081@example.com,2023-08-02,2024-01-23 13:10:45,4552.96,true,Pro
1082,Taylor,Kim,taylor.kim.1082@example.com,2024-01-22,2024-02-09 15:32:36,4498.36,true,Team
1083,Casey,Smith,casey.smith.1083@example.com,2025-02-07,2025-05-19 05:21:31,5199.47,false,Enterprise
1084,Morgan,Singh,morgan.singh.1084@example.com,2026-01-24,2027-01-22 06:42:05,4543.38,true,Free
1085,Riley,Müller,riley.müller.1085@example.com,2025-05-12,2026-01-07 05:48:12,7313.69,true,Pro
1086,Avery,Patel,avery.patel.1086@example.com,2026-02-01,2026-11-29 22:08:28,9662.46,true,Team
1087,Quinn,Brown,quinn.brown.1087@example.com,2024-02-19,2024-09-19 16:13:23,2198.78,false,Enterprise
1088,Sasha,Johnson,sasha.johnson.1088@example.com,2024-11-18,2025-04-07 02:59:16,2287.08,true,Free
1089,Drew,Garcia,drew.garcia.1089@example.com,2024-08-27,2025-03-11 00:05:50,271.95,true,Pro
1090,Alex,Nguyen,alex.nguyen.1090@example.com,2023-10-29,2024-01-06 12:20:13,2392.49,true,Team
1091,Jordan,Lopez,jordan.lopez.1091@example.com,2023-01-18,2023-12-02 10:51:30,1960.43,true,Enterprise
1092,Taylor,Kim,taylor.kim.1092@example.com,2024-01-19,2024-11-16 06:47:10,3697.97,true,Free
1093,Casey,Smith,casey.smith.1093@example.com,2023-11-05,2024-04-21 17:57:25,6939.58,false,Pro
1094,Morgan,Singh,morgan.singh.1094@example.com,2025-02-23,2025-03-20 05:10:11,3675.05,true,Team
1095,Riley,Müller,riley.müller.1095@example.com,2023-10-03,2023-11-25 00:28:14,17.51,false,Enterprise
1096,Avery,Patel,avery.patel.1096@example.com,2025-12-23,2026-09-01 05:35:36,5683.16,true,Free
1097,Quinn,Brown,quinn.brown.1097@example.com,2023-07-03,2023-12-16 00:55:10,3553.61,false,Pro
1098,Sasha,Johnson,sasha.johnson.1098@example.com,2026-03-17,2027-01-01 12:30:58,4355.36,true,Team
1099,Drew,Garcia,drew.garcia.1099@example.com,2024-01-21,2024-06-14 02:38:48,648.00,true,Enterprise
1100,Alex,Nguyen,alex.nguyen.1100@example.com,2024-08-04,2025-05-08 14:24:22,1461.71,true,Free
1101,Jordan,Lopez,jordan.lopez.1101@example.com,2025-08-22,2026-08-01 08:31:18,9615.01,true,Pro
1102,Taylor,Kim,taylor.kim.1102@example.com,2025-06-17,2026-02-19 08:15:08,5868.09,false,Team
1103,Casey,Smith,casey.smith.1103@example.com,2025-11-04,2025-11-13 20:36:51,225.43,false,Enterprise
1104,Morgan,Singh,morgan.singh.1104@example.com,2023-04-18,2023-10-23 06:25:58,4827.90,false,Free
1105,Riley,Müller,riley.müller.1105@example.com,2024-11-09,2025-06-07 16:56:19,3455.88,false,Pro
1106,Avery,Patel,avery.patel.1106@example.com,2023-02-03,2023-07-15 09:32:17,4581.14,false,Team
1107,Quinn,Brown,quinn.brown.1107@example.com,2023-08-01,2023-08-29 23:04:35,8549.22,true,Enterprise
1108,Sasha,Johnson,sasha.johnson.1108@example.com,2025-01-08,2025-03-17 21:23:58,8095.54,true,Free
1109,Drew,Garcia,drew.garcia.1109@example.com,2023-11-11,2023-11-22 02:39:10,9082.48,true,Pro
1110,Alex,Nguyen,alex.nguyen.1110@example.com,2025-09-25,2026-05-18 11:50:21,8428.22,true,Team
1111,Jordan,Lopez,jordan.lopez.1111@example.com,2023-09-19,2024-04-16 17:48:00,6515.10,false,Enterprise
1112,Taylor,Kim,taylor.kim.1112@example.com,2024-06-22,2025-03-22 07:31:10,2369.00,true,Free
1113,Casey,Smith,casey.smith.1113@example.com,2023-02-24,2023-09-03 06:27:36,9190.54,true,Pro
1114,Morgan,Singh,morgan.singh.1114@example.com,2023-02-10,2023-08-02 04:33:17,8645.42,true,Team
1115,Riley,Müller,riley.müller.1115@example.com,2023-03-22,2023-05-19 03:58:15,5836.57,false,Enterprise
1116,Avery,Patel,avery.patel.1116@example.com,2023-11-26,2024-11-01 05:31:00,5988.54,true,Free
1117,Quinn,Brown,quinn.brown.1117@example.com,2026-03-10,2027-02-19 21:09:40,4562.38,false,Pro
1118,Sasha,Johnson,sasha.johnson.1118@example.com,2023-06-16,2023-11-04 06:18:51,9633.00,true,Team
1119,Drew,Garcia,drew.garcia.1119@example.com,2025-09-16,2026-08-20 22:37:57,3789.28,true,Enterprise
1120,Alex,Nguyen,alex.nguyen.1120@example.com,2023-12-24,2024-08-16 09:40:07,2063.05,true,Free
1121,Jordan,Lopez,jordan.lopez.1121@example.com,2024-08-15,2025-06-21 02:39:43,7237.98,true,Pro
1122,Taylor,Kim,taylor.kim.1122@example.com,2023-01-18,2023-05-12 16:31:00,8075.01,true,Team
1123,Casey,Smith,casey.smith.1123@example.com,2025-02-19,2025-12-20 15:46:41,9840.74,true,Enterprise
1124,Morgan,Singh,morgan.singh.1124@example.com,2023-06-07,2023-06-27 18:23:33,8231.62,false,Free
1125,Riley,Müller,riley.müller.1125@example.com,2025-03-16,2025-06-22 08:56:31,7189.74,true,Pro
1126,Avery,Patel,avery.patel.1126@example.com,2024-11-09,2025-03-11 09:08:22,9153.77,false,Team
1127,Quinn,Brown,quinn.brown.1127@example.com,2026-03-01,2026-07-17 05:45:54,8458.16,true,Enterprise
1128,Sasha,Johnson,sasha.johnson.1128@example.com,2023-05-04,2023-08-15 19:18:05,2106.01,true,Free
1129,Drew,Garcia,drew.garcia.1129@example.com,2023-12-09,2024-06-11 13:23:26,8132.80,false,Pro
1130,Alex,Nguyen,alex.nguyen.1130@example.com,2023-10-19,2024-10-05 12:07:37,5497.18,true,Team
1131,Jordan,Lopez,jordan.lopez.1131@example.com,2026-01-10,2026-02-21 18:46:07,1740.38,true,Enterprise
1132,Taylor,Kim,taylor.kim.1132@example.com,2024-07-14,2025-01-09 10:16:51,1162.91,true,Free
1133,Casey,Smith,casey.smith.1133@example.com,2023-01-02,2023-07-13 01:04:28,2898.36,true,Pro
1134,Morgan,Singh,morgan.singh.1134@example.com,2023-04-13,2024-01-01 17:52:46,871.42,false,Team
1135,Riley,Müller,riley.müller.1135@example.com,2025-05-29,2026-02-16 15:10:25,1877.31,false,Enterprise
1136,Avery,Patel,avery.patel.1136@example.com,2025-03-03,2025-09-29 18:05:23,3561.27,true,Free
1137,Quinn,Brown,quinn.brown.1137@example.com,2024-12-04,2025-04-04 09:34:34,1916.69,true,Pro
1138,Sasha,Johnson,sasha.johnson.1138@example.com,2023-12-07,2024-03-15 05:46:49,8977.61,true,Team
1139,Drew,Garcia,drew.garcia.1139@example.com,2023-07-12,2024-07-05 02:37:34,8210.72,true,Enterprise
1140,Alex,Nguyen,alex.nguyen.1140@example.com,2023-12-17,2024-10-05 01:33:17,1342.23,true,Free
1141,Jordan,Lopez,jordan.lopez.1141@example.com,2023-03-10,2023-06-25 02:52:19,2788.54,true,Pro
1142,Taylor,Kim,taylor.kim.1142@example.com,2023-03-28,2023-06-09 04:41:55,5260.39,false,Team
1143,Casey,Smith,casey.smith.1143@example.com,2025-07-26,2026-03-04 14:23:48,189.72,true,Enterprise
1144,Morgan,Singh,morgan.singh.1144@example.com,2024-10-20,2025-03-01 20:06:53,6359.90,true,Free
1145,Riley,Müller,riley.müller.1145@example.com,2023-02-04,2023-11-30 08:43:04,1401.67,true,Pro
1146,Avery,Patel,avery.patel.1146@example.com,2024-03-12,2024-06-28 01:01:06,195.57,true,Team
1147,Quinn,Brown,quinn.brown.1147@example.com,2024-08-08,2025-05-08 18:54:52,5270.04,true,Enterprise
1148,Sasha,Johnson,sasha.johnson.1148@example.com,2024-02-23,2024-02-25 10:26:42,2092.33,true,Free
1149,Drew,Garcia,drew.garcia.1149@example.com,2025-05-18,2026-04-10 09:35:26,9109.27,true,Pro
1150,Alex,Nguyen,alex.nguyen.1150@example.com,2025-10-24,2026-03-30 17:22:14,4927.95,false,Team
1151,Jordan,Lopez,jordan.lopez.1151@example.com,2024-02-09,2024-06-29 16:02:28,5101.74,true,Enterprise
1152,Taylor,Kim,taylor.kim.1152@example.com,2024-12-19,2025-07-31 03:19:05,6875.77,true,Free
1153,Casey,Smith,casey.smith.1153@example.com,2024-08-10,2024-08-21 10:20:02,747.87,true,Pro
1154,Morgan,Singh,morgan.singh.1154@example.com,2025-03-23,2025-08-10 18:04:36,8676.57,false,Team
1155,Riley,Müller,riley.müller.1155@example.com,2025-12-29,2026-11-14 06:09:04,2136.25,true,Enterprise
1156,Avery,Patel,avery.patel.1156@example.com,2025-09-16,2026-05-14 21:28:07,1709.02,true,Free
1157,Quinn,Brown,quinn.brown.1157@example.com,2024-05-05,2024-06-02 20:06:51,6792.45,true,Pro
1158,Sasha,Johnson,sasha.johnson.1158@example.com,2023-07-14,2023-09-12 01:32:11,1002.02,true,Team
1159,Drew,Garcia,drew.garcia.1159@example.com,2023-10-12,2023-12-17 13:07:56,7005.09,false,Enterprise
1160,Alex,Nguyen,alex.nguyen.1160@example.com,2025-02-27,2025-05-29 14:16:24,8104.41,true,Free
1161,Jordan,Lopez,jordan.lopez.1161@example.com,2024-07-08,2024-08-03 08:31:25,8910.05,true,Pro
1162,Taylor,Kim,taylor.kim.1162@example.com,2023-03-28,2023-10-23 16:54:07,1798.27,true,Team
1163,Casey,Smith,casey.smith.1163@example.com,2026-01-25,2026-01-30 13:15:52,7001.29,true,Enterprise
1164,Morgan,Singh,morgan.singh.1164@example.com,2025-12-01,2026-01-01 03:24:17,3735.14,true,Free
1165,Riley,Müller,riley.müller.1165@example.com,2024-07-14,2025-04-10 18:43:17,2219.18,true,Pro
1166,Avery,Patel,avery.patel.1166@example.com,2024-08-21,2024-12-04 07:10:45,2001.08,true,Team
1167,Quinn,Brown,quinn.brown.1167@example.com,2023-05-25,2023-07-09 11:52:18,7431.58,true,Enterprise
1168,Sasha,Johnson,sasha.johnson.1168@example.com,2025-05-17,2026-05-11 08:54:17,8379.49,true,Free
1169,Drew,Garcia,drew.garcia.1169@example.com,2024-05-13,2025-02-11 07:53:22,4573.13,false,Pro
1170,Alex,Nguyen,alex.nguyen.1170@example.com,2023-01-22,2023-10-13 14:17:17,320.28,false,Team
1171,Jordan,Lopez,jordan.lopez.1171@example.com,2023-01-24,2023-05-26 05:33:10,3226.84,false,Enterprise
1172,Taylor,Kim,taylor.kim.1172@example.com,2025-09-14,2026-06-08 04:48:55,7115.39,true,Free
1173,Casey,Smith,casey.smith.1173@example.com,2025-08-13,2026-05-13 08:09:48,2116.74,true,Pro
1174,Morgan,Singh,morgan.singh.1174@example.com,2025-09-27,2026-03-12 22:48:16,4022.44,true,Team
1175,Riley,Müller,riley.müller.1175@example.com,2025-05-08,2025-09-23 11:48:50,3600.96,true,Enterprise
1176,Avery,Patel,avery.patel.1176@example.com,2024-12-10,2025-03-10 08:40:12,3295.60,true,Free
1177,Quinn,Brown,quinn.brown.1177@example.com,2025-11-11,2026-01-12 23:55:08,1280.41,true,Pro
1178,Sasha,Johnson,sasha.johnson.1178@example.com,2023-02-18,2024-01-25 13:07:26,7417.65,true,Team
1179,Drew,Garcia,drew.garcia.1179@example.com,2023-08-22,2024-03-09 07:14:27,1144.67,true,Enterprise
1180,Alex,Nguyen,alex.nguyen.1180@example.com,2026-03-05,2026-03-30 19:24:36,8537.32,false,Free
1181,Jordan,Lopez,jordan.lopez.1181@example.com,2025-05-29,2025-06-06 10:26:26,2831.07,true,Pro
1182,Taylor,Kim,taylor.kim.1182@example.com,2025-10-27,2025-11-13 06:50:16,2794.07,true,Team
1183,Casey,Smith,casey.smith.1183@example.com,2024-10-24,2025-08-22 10:30:31,7453.03,true,Enterprise
1184,Morgan,Singh,morgan.singh.1184@example.com,2024-09-12,2025-04-21 21:34:41,7226.67,true,Free
1185,Riley,Müller,riley.müller.1185@example.com,2026-03-27,2026-07-08 21:50:51,8465.77,true,Pro
1186,Avery,Patel,avery.patel.1186@example.com,2023-10-02,2023-10-16 06:03:12,5168.45,true,Team
1187,Quinn,Brown,quinn.brown.1187@example.com,2023-08-15,2024-01-08 12:20:30,6833.44,false,Enterprise
1188,Sasha,Johnson,sasha.johnson.1188@example.com,2025-06-24,2025-07-29 00:11:39,1619.47,false,Free
1189,Drew,Garcia,drew.garcia.1189@example.com,2026-03-13,2026-10-06 16:58:56,8372.30,true,Pro
1190,Alex,Nguyen,alex.nguyen.1190@example.com,2024-08-09,2024-12-04 18:18:19,4888.20,true,Team
1191,Jordan,Lopez,jordan.lopez.1191@example.com,2023-02-13,2023-07-11 23:57:16,9241.75,true,Enterprise
1192,Taylor,Kim,taylor.kim.1192@example.com,2023-04-12,2023-12-29 05:59:38,4304.74,true,Free
1193,Casey,Smith,casey.smith.1193@example.com,2025-07-04,2026-06-16 10:14:33,2964.90,true,Pro
1194,Morgan,Singh,morgan.singh.1194@example.com,2026-04-23,2026-11-10 22:37:07,6188.76,true,Team
1195,Riley,Müller,riley.müller.1195@example.com,2023-05-18,2024-02-21 19:53:55,6845.26,true,Enterprise
1196,Avery,Patel,avery.patel.1196@example.com,2024-05-20,2024-10-20 07:21:36,2975.36,true,Free
1197,Quinn,Brown,quinn.brown.1197@example.com,2025-10-06,2026-07-11 21:52:33,6828.75,false,Pro
1198,Sasha,Johnson,sasha.johnson.1198@example.com,2026-03-05,2026-12-15 23:05:55,2212.05,true,Team
1199,Drew,Garcia,drew.garcia.1199@example.com,2023-08-01,2023-12-15 13:32:42,457.08,true,Enterprise
1200,Alex,Nguyen,alex.nguyen.1200@example.com,2023-11-29,2024-07-31 04:43:55,2294.81,true,Free
1201,Jordan,Lopez,jordan.lopez.1201@example.com,2023-07-07,2023-11-28 05:46:50,416.05,true,Pro
1202,Taylor,Kim,taylor.kim.1202@example.com,2025-07-10,2026-04-26 14:07:44,981.67,true,Team
1203,Casey,Smith,casey.smith.1203@example.com,2024-01-12,2024-01-16 11:04:57,6912.31,true,Enterprise
1204,Morgan,Singh,morgan.singh.1204@example.com,2023-02-02,2023-06-18 07:50:38,9651.09,true,Free
1205,Riley,Müller,riley.müller.1205@example.com,2025-12-18,2026-05-21 12:17:59,4383.51,true,Pro
1206,Avery,Patel,avery.patel.1206@example.com,2023-04-06,2023-08-27 15:09:00,5739.30,true,Team
1207,Quinn,Brown,quinn.brown.1207@example.com,2026-02-13,2026-03-04 04:31:06,5889.59,true,Enterprise
1208,Sasha,Johnson,sasha.johnson.1208@example.com,2025-06-13,2025-12-18 02:25:33,5631.39,true,Free
1209,Drew,Garcia,drew.garcia.1209@example.com,2025-12-07,2026-07-14 08:02:05,4312.54,true,Pro
1210,Alex,Nguyen,alex.nguyen.1210@example.com,2023-05-07,2023-10-04 23:49:17,441.87,true,Team
1211,Jordan,Lopez,jordan.lopez.1211@example.com,2025-06-05,2026-06-04 19:25:13,5019.08,true,Enterprise
1212,Taylor,Kim,taylor.kim.1212@example.com,2025-08-30,2026-03-26 11:19:24,1307.10,false,Free
1213,Casey,Smith,casey.smith.1213@example.com,2024-04-15,2024-10-07 06:51:53,6564.43,false,Pro
1214,Morgan,Singh,morgan.singh.1214@example.com,2024-04-17,2024-12-17 17:47:37,1082.76,true,Team
1215,Riley,Müller,riley.müller.1215@example.com,2025-07-24,2025-11-13 17:02:52,1331.10,true,Enterprise
1216,Avery,Patel,avery.patel.1216@example.com,2026-02-02,2026-12-18 13:19:47,927.65,true,Free
1217,Quinn,Brown,quinn.brown.1217@example.com,2025-09-13,2025-11-03 07:13:52,4391.82,false,Pro
1218,Sasha,Johnson,sasha.johnson.1218@example.com,2024-09-02,2025-02-01 21:37:59,3875.19,true,Team
1219,Drew,Garcia,drew.garcia.1219@example.com,2026-01-24,2026-04-02 17:09:22,3984.99,true,Enterprise
1220,Alex,Nguyen,alex.nguyen.1220@example.com,2025-11-23,2026-08-08 07:44:22,6382.87,true,Free
1221,Jordan,Lopez,jordan.lopez.1221@example.com,2025-09-13,2026-06-27 13:09:48,6310.99,false,Pro
1222,Taylor,Kim,taylor.kim.1222@example.com,2025-08-27,2025-11-07 18:19:47,7899.53,true,Team
1223,Casey,Smith,casey.smith.1223@example.com,2025-04-30,2025-07-29 16:07:35,28.17,false,Enterprise
1224,Morgan,Singh,morgan.singh.1224@example.com,2024-07-20,2024-07-22 09:33:42,1428.52,false,Free
1225,Riley,Müller,riley.müller.1225@example.com,2026-04-07,2027-02-27 11:25:53,7354.95,true,Pro
1226,Avery,Patel,avery.patel.1226@example.com,2025-02-17,2025-08-29 07:40:33,1824.31,true,Team
1227,Quinn,Brown,quinn.brown.1227@example.com,2024-05-05,2024-09-16 07:28:10,2904.57,true,Enterprise
1228,Sasha,Johnson,sasha.johnson.1228@example.com,2026-03-16,2026-09-24 09:46:27,4472.40,true,Free
1229,Drew,Garcia,drew.garcia.1229@example.com,2025-03-13,2025-04-27 04:57:27,4970.93,true,Pro
1230,Alex,Nguyen,alex.nguyen.1230@example.com,2025-05-23,2025-09-16 08:49:51,8006.24,false,Team
1231,Jordan,Lopez,jordan.lopez.1231@example.com,2023-01-21,2023-03-27 20:06:21,1269.92,true,Enterprise
1232,Taylor,Kim,taylor.kim.1232@example.com,2024-07-12,2024-12-08 00:51:20,5405.35,false,Free
1233,Casey,Smith,casey.smith.1233@example.com,2025-09-07,2026-08-25 16:56:26,9374.88,true,Pro
1234,Morgan,Singh,morgan.singh.1234@example.com,2024-04-26,2025-02-17 23:24:26,9449.59,true,Team
1235,Riley,Müller,riley.müller.1235@example.com,2024-01-03,2024-09-13 06:22:47,6150.47,true,Enterprise
1236,Avery,Patel,avery.patel.1236@example.com,2026-04-07,2026-09-09 02:21:05,8725.17,true,Free
1237,Quinn,Brown,quinn.brown.1237@example.com,2026-01-28,2026-10-23 19:40:55,9821.71,true,Pro
1238,Sasha,Johnson,sasha.johnson.1238@example.com,2023-07-28,2024-01-04 21:14:24,208.19,true,Team
1239,Drew,Garcia,drew.garcia.1239@example.com,2025-07-14,2026-06-20 02:02:25,3946.99,true,Enterprise
1240,Alex,Nguyen,alex.nguyen.1240@example.com,2023-11-09,2024-01-13 02:28:58,5151.52,true,Free
1241,Jordan,Lopez,jordan.lopez.1241@example.com,2024-06-12,2025-04-06 00:15:33,2278.65,true,Pro
1242,Taylor,Kim,taylor.kim.1242@example.com,2024-05-31,2024-10-20 12:47:02,2646.37,true,Team
1243,Casey,Smith,casey.smith.1243@example.com,2023-12-24,2024-08-09 07:51:17,4245.38,false,Enterprise
1244,Morgan,Singh,morgan.singh.1244@example.com,2025-12-17,2026-12-16 02:14:17,7959.33,false,Free
1245,Riley,Müller,riley.müller.1245@example.com,2024-08-01,2025-06-06 03:36:02,7694.64,true,Pro
1246,Avery,Patel,avery.patel.1246@example.com,2023-06-29,2024-01-13 22:00:00,2454.37,true,Team
1247,Quinn,Brown,quinn.brown.1247@example.com,2023-12-03,2024-06-14 04:08:55,2179.94,false,Enterprise
1248,Sasha,Johnson,sasha.johnson.1248@example.com,2023-05-01,2023-05-06 02:54:09,7659.64,true,Free
1249,Drew,Garcia,drew.garcia.1249@example.com,2025-10-19,2025-11-24 12:18:32,5951.77,false,Pro
1250,Alex,Nguyen,alex.nguyen.1250@example.com,2023-11-22,2024-01-13 06:59:38,8865.46,true,Team
1251,Jordan,Lopez,jordan.lopez.1251@example.com,2025-07-03,2026-05-17 23:51:02,6497.35,true,Enterprise
1252,Taylor,Kim,taylor.kim.1252@example.com,2025-07-14,2026-07-05 10:27:16,6001.49,true,Free
1253,Casey,Smith,casey.smith.1253@example.com,2025-08-04,2025-09-18 14:11:00,1119.88,true,Pro
1254,Morgan,Singh,morgan.singh.1254@example.com,2023-07-26,2023-09-02 08:07:50,4476.55,true,Team
1255,Riley,Müller,riley.müller.1255@example.com,2023-06-25,2024-05-08 12:35:00,9511.68,false,Enterprise
1256,Avery,Patel,avery.patel.1256@example.com,2024-10-12,2025-06-22 10:48:04,8585.57,true,Free
1257,Quinn,Brown,quinn.brown.1257@example.com,2024-04-09,2024-09-18 13:02:49,7403.01,true,Pro
1258,Sasha,Johnson,sasha.johnson.1258@example.com,2023-08-13,2023-12-24 03:43:35,5799.52,true,Team
1259,Drew,Garcia,drew.garcia.1259@example.com,2025-10-25,2026-01-12 08:35:01,3983.10,false,Enterprise
1260,Alex,Nguyen,alex.nguyen.1260@example.com,2023-10-01,2024-06-06 07:49:42,7127.46,true,Free
1261,Jordan,Lopez,jordan.lopez.1261@example.com,2023-03-29,2023-08-21 08:54:23,4033.30,false,Pro
1262,Taylor,Kim,taylor.kim.1262@example.com,2025-07-09,2025-10-05 15:54:23,3562.24,true,Team
1263,Casey,Smith,casey.smith.1263@example.com,2025-12-10,2026-09-10 12:57:25,3329.66,true,Enterprise
1264,Morgan,Singh,morgan.singh.1264@example.com,2023-05-09,2023-08-16 10:51:17,6103.59,true,Free
1265,Riley,Müller,riley.müller.1265@example.com,2024-02-02,2024-08-26 07:17:35,8514.77,false,Pro
1266,Avery,Patel,avery.patel.1266@example.com,2023-06-06,2024-02-22 05:38:28,5355.47,false,Team
1267,Quinn,Brown,quinn.brown.1267@example.com,2024-12-18,2025-07-30 23:06:58,5152.31,true,Enterprise
1268,Sasha,Johnson,sasha.johnson.1268@example.com,2024-10-09,2025-05-01 19:19:09,9074.88,true,Free
1269,Drew,Garcia,drew.garcia.1269@example.com,2023-06-01,2024-04-02 04:11:02,3382.05,true,Pro
1270,Alex,Nguyen,alex.nguyen.1270@example.com,2026-02-09,2026-02-28 09:29:41,7459.70,false,Team
1271,Jordan,Lopez,jordan.lopez.1271@example.com,2024-06-02,2024-06-29 13:49:27,8899.18,false,Enterprise
1272,Taylor,Kim,taylor.kim.1272@example.com,2023-05-28,2023-06-29 01:44:41,5248.99,true,Free
1273,Casey,Smith,casey.smith.1273@example.com,2024-12-23,2025-04-14 20:27:26,1195.75,true,Pro
1274,Morgan,Singh,morgan.singh.1274@example.com,2023-04-24,2023-09-23 01:14:57,8774.79,true,Team
1275,Riley,Müller,riley.müller.1275@example.com,2023-03-10,2023-05-17 02:10:11,6622.61,true,Enterprise
1276,Avery,Patel,avery.patel.1276@example.com,2024-06-23,2024-11-13 20:32:25,319.10,false,Free
1277,Quinn,Brown,quinn.brown.1277@example.com,2024-03-10,2025-03-02 12:30:44,7090.19,true,Pro
1278,Sasha,Johnson,sasha.johnson.1278@example.com,2023-12-19,2024-03-29 13:34:27,210.87,true,Team
1279,Drew,Garcia,drew.garcia.1279@example.com,2025-03-09,2026-02-28 19:38:00,2036.45,true,Enterprise
1280,Alex,Nguyen,alex.nguyen.1280@example.com,2023-06-05,2023-07-27 03:20:33,9673.36,true,Free
1281,Jordan,Lopez,jordan.lopez.1281@example.com,2023-09-08,2023-11-28 08:15:49,5936.85,true,Pro
1282,Taylor,Kim,taylor.kim.1282@example.com,2025-12-20,2026-05-20 08:19:27,3442.91,true,Team
1283,Casey,Smith,casey.smith.1283@example.com,2023-11-28,2024-08-05 13:23:37,7473.89,true,Enterprise
1284,Morgan,Singh,morgan.singh.1284@example.com,2023-12-31,2024-06-06 19:54:35,2040.61,true,Free
1285,Riley,Müller,riley.müller.1285@example.com,2024-11-23,2025-01-08 11:52:07,6264.31,true,Pro
1286,Avery,Patel,avery.patel.1286@example.com,2023-03-05,2023-12-13 01:54:16,1111.28,true,Team
1287,Quinn,Brown,quinn.brown.1287@example.com,2023-08-08,2023-09-25 17:37:16,7466.11,true,Enterprise
1288,Sasha,Johnson,sasha.johnson.1288@example.com,2024-01-23,2025-01-21 12:11:36,8064.93,true,Free
1289,Drew,Garcia,drew.garcia.1289@example.com,2023-03-29,2023-06-28 04:21:09,691.39,false,Pro
1290,Alex,Nguyen,alex.nguyen.1290@example.com,2023-10-22,2024-05-25 23:40:39,2852.95,false,Team
1291,Jordan,Lopez,jordan.lopez.1291@example.com,2024-12-07,2025-11-02 08:24:44,3891.82,false,Enterprise
1292,Taylor,Kim,taylor.kim.1292@example.com,2023-02-21,2023-08-09 13:18:54,6751.92,true,Free
1293,Casey,Smith,casey.smith.1293@example.com,2023-02-17,2023-08-31 02:41:21,523.92,true,Pro
1294,Morgan,Singh,morgan.singh.1294@example.com,2024-04-25,2025-04-03 21:13:29,6919.84,true,Team
1295,Riley,Müller,riley.müller.1295@example.com,2025-02-13,2025-09-10 22:47:35,9533.89,true,Enterprise
1296,Avery,Patel,avery.patel.1296@example.com,2024-11-10,2025-02-15 22:28:09,7439.97,true,Free
1297,Quinn,Brown,quinn.brown.1297@example.com,2024-03-05,2025-02-24 18:28:51,7640.26,true,Pro
1298,Sasha,Johnson,sasha.johnson.1298@example.com,2023-08-17,2023-10-03 08:39:52,5630.07,true,Team
1299,Drew,Garcia,drew.garcia.1299@example.com,2025-05-16,2026-02-28 09:11:52,4386.69,false,Enterprise
1300,Alex,Nguyen,alex.nguyen.1300@example.com,2023-06-02,2023-10-31 19:20:59,1212.07,true,Free
1301,Jordan,Lopez,jordan.lopez.1301@example.com,2023-03-13,2023-11-03 05:15:26,550.17,true,Pro
1302,Taylor,Kim,taylor.kim.1302@example.com,2025-05-29,2025-06-12 21:44:24,398.62,true,Team
1303,Casey,Smith,casey.smith.1303@example.com,2026-01-08,2026-12-07 11:27:13,4046.68,false,Enterprise
1304,Morgan,Singh,morgan.singh.1304@example.com,2024-06-08,2025-06-03 18:53:08,4008.77,true,Free
1305,Riley,Müller,riley.müller.1305@example.com,2025-12-11,2026-03-07 17:25:00,5595.79,true,Pro
1306,Avery,Patel,avery.patel.1306@example.com,2024-09-21,2025-05-10 05:48:39,5561.82,false,Team
1307,Quinn,Brown,quinn.brown.1307@example.com,2023-03-10,2023-08-14 13:22:56,8984.08,true,Enterprise
1308,Sasha,Johnson,sasha.johnson.1308@example.com,2024-11-12,2025-06-05 14:30:53,8600.23,false,Free
1309,Drew,Garcia,drew.garcia.1309@example.com,2023-04-02,2023-11-10 09:42:10,5145.95,true,Pro
1310,Alex,Nguyen,alex.nguyen.1310@example.com,2024-10-27,2025-04-17 18:30:14,2180.43,true,Team
1311,Jordan,Lopez,jordan.lopez.1311@example.com,2024-12-05,2025-06-17 01:52:51,2474.46,true,Enterprise
1312,Taylor,Kim,taylor.kim.1312@example.com,2024-05-03,2024-11-20 00:52:22,4120.83,false,Free
1313,Casey,Smith,casey.smith.1313@example.com,2023-03-30,2023-09-14 07:27:00,2464.86,true,Pro
1314,Morgan,Singh,morgan.singh.1314@example.com,2026-01-12,2026-07-18 15:48:41,8877.61,false,Team
1315,Riley,Müller,riley.müller.1315@example.com,2023-04-26,2023-09-14 04:25:18,2054.82,false,Enterprise
1316,Avery,Patel,avery.patel.1316@example.com,2023-10-27,2024-09-08 18:50:29,5734.75,true,Free
1317,Quinn,Brown,quinn.brown.1317@example.com,2024-07-18,2025-04-02 06:25:32,477.33,false,Pro
1318,Sasha,Johnson,sasha.johnson.1318@example.com,2024-11-04,2025-07-30 12:18:12,3794.41,true,Team
1319,Drew,Garcia,drew.garcia.1319@example.com,2025-08-01,2025-08-11 17:38:34,7552.67,false,Enterprise
1320,Alex,Nguyen,alex.nguyen.1320@example.com,2025-12-14,2026-04-11 08:15:52,1093.63,false,Free
1321,Jordan,Lopez,jordan.lopez.1321@example.com,2023-02-11,2023-04-08 01:54:39,5596.39,false,Pro
1322,Taylor,Kim,taylor.kim.1322@example.com,2023-11-01,2024-06-22 01:30:25,7316.75,true,Team
1323,Casey,Smith,casey.smith.1323@example.com,2024-04-19,2024-12-28 09:15:43,5142.04,true,Enterprise
1324,Morgan,Singh,morgan.singh.1324@example.com,2023-07-02,2023-11-16 01:59:52,2893.19,true,Free
1325,Riley,Müller,riley.müller.1325@example.com,2025-10-27,2025-11-01 04:39:47,1969.11,true,Pro
1326,Avery,Patel,avery.patel.1326@example.com,2024-01-26,2024-05-31 09:02:39,341.57,true,Team
1327,Quinn,Brown,quinn.brown.1327@example.com,2025-08-12,2026-03-07 16:24:27,9840.34,true,Enterprise
1328,Sasha,Johnson,sasha.johnson.1328@example.com,2024-02-29,2025-02-08 20:44:06,150.85,true,Free
1329,Drew,Garcia,drew.garcia.1329@example.com,2025-01-15,2026-01-12 20:15:15,3370.94,true,Pro
1330,Alex,Nguyen,alex.nguyen.1330@example.com,2025-12-27,2026-11-21 09:29:14,8727.74,true,Team
1331,Jordan,Lopez,jordan.lopez.1331@example.com,2023-03-15,2023-09-11 03:06:12,3255.81,false,Enterprise
1332,Taylor,Kim,taylor.kim.1332@example.com,2023-06-19,2024-01-20 11:10:05,9051.68,true,Free
1333,Casey,Smith,casey.smith.1333@example.com,2024-12-11,2025-08-01 10:02:56,3578.40,true,Pro
1334,Morgan,Singh,morgan.singh.1334@example.com,2025-06-03,2026-01-19 12:24:26,1628.09,true,Team
1335,Riley,Müller,riley.müller.1335@example.com,2025-09-28,2026-06-12 21:11:48,5211.30,true,Enterprise
1336,Avery,Patel,avery.patel.1336@example.com,2025-08-12,2025-12-15 13:51:16,8031.94,true,Free
1337,Quinn,Brown,quinn.brown.1337@example.com,2023-12-04,2024-09-10 02:55:41,723.07,true,Pro
1338,Sasha,Johnson,sasha.johnson.1338@example.com,2026-02-11,2026-12-27 20:12:59,7960.28,true,Team
1339,Drew,Garcia,drew.garcia.1339@example.com,2024-08-29,2024-09-18 10:50:45,8651.43,true,Enterprise
1340,Alex,Nguyen,alex.nguyen.1340@example.com,2025-09-08,2026-04-07 21:09:41,9468.65,true,Free
1341,Jordan,Lopez,jordan.lopez.1341@example.com,2023-08-09,2024-05-16 21:43:04,4945.05,true,Pro
1342,Taylor,Kim,taylor.kim.1342@example.com,2025-09-24,2026-08-01 02:40:28,193.47,false,Team
1343,Casey,Smith,casey.smith.1343@example.com,2024-03-07,2024-03-08 10:37:40,680.27,true,Enterprise
1344,Morgan,Singh,morgan.singh.1344@example.com,2025-12-03,2026-10-31 22:17:57,5299.29,true,Free
1345,Riley,Müller,riley.müller.1345@example.com,2023-02-26,2023-04-01 09:26:03,6951.46,false,Pro
1346,Avery,Patel,avery.patel.1346@example.com,2023-10-20,2024-01-20 19:28:29,1395.18,true,Team
1347,Quinn,Brown,quinn.brown.1347@example.com,2023-10-12,2024-05-06 08:51:57,1285.02,true,Enterprise
1348,Sasha,Johnson,sasha.johnson.1348@example.com,2024-02-06,2024-08-14 12:07:59,7177.92,true,Free
1349,Drew,Garcia,drew.garcia.1349@example.com,2025-10-04,2026-06-24 14:54:24,9928.31,false,Pro
1350,Alex,Nguyen,alex.nguyen.1350@example.com,2023-05-03,2024-01-24 09:27:35,8529.51,true,Team
1351,Jordan,Lopez,jordan.lopez.1351@example.com,2023-04-22,2023-11-16 21:34:29,5438.52,true,Enterprise
1352,Taylor,Kim,taylor.kim.1352@example.com,2024-10-14,2024-12-14 10:56:46,8169.54,true,Free
1353,Casey,Smith,casey.smith.1353@example.com,2023-01-22,2023-03-21 08:16:40,6098.95,false,Pro
1354,Morgan,Singh,morgan.singh.1354@example.com,2024-09-13,2025-01-04 18:44:22,4837.33,true,Team
1355,Riley,Müller,riley.müller.1355@example.com,2026-04-09,2027-03-03 09:02:08,1623.62,true,Enterprise
1356,Avery,Patel,avery.patel.1356@example.com,2023-11-10,2024-05-02 09:36:55,7493.67,true,Free
1357,Quinn,Brown,quinn.brown.1357@example.com,2026-03-04,2026-05-22 11:24:41,1348.04,false,Pro
1358,Sasha,Johnson,sasha.johnson.1358@example.com,2025-05-24,2025-06-25 12:30:25,3287.70,true,Team
1359,Drew,Garcia,drew.garcia.1359@example.com,2023-01-07,2023-11-20 15:49:06,4416.85,true,Enterprise
1360,Alex,Nguyen,alex.nguyen.1360@example.com,2024-11-19,2025-05-29 10:46:21,1356.11,true,Free
1361,Jordan,Lopez,jordan.lopez.1361@example.com,2023-12-20,2024-03-09 08:09:48,8907.82,true,Pro
1362,Taylor,Kim,taylor.kim.1362@example.com,2025-12-15,2026-06-22 02:53:57,4555.73,false,Team
1363,Casey,Smith,casey.smith.1363@example.com,2023-06-24,2023-12-08 10:35:31,4408.82,true,Enterprise
1364,Morgan,Singh,morgan.singh.1364@example.com,2025-12-01,2026-06-05 22:51:51,3106.06,true,Free
1365,Riley,Müller,riley.müller.1365@example.com,2024-10-04,2025-03-11 18:28:03,2080.81,true,Pro
1366,Avery,Patel,avery.patel.1366@example.com,2025-05-23,2025-09-18 06:51:37,6253.66,false,Team
1367,Quinn,Brown,quinn.brown.1367@example.com,2024-08-21,2025-01-15 07:13:34,6752.06,false,Enterprise
1368,Sasha,Johnson,sasha.johnson.1368@example.com,2025-03-24,2025-07-29 06:42:19,4887.49,true,Free
1369,Drew,Garcia,drew.garcia.1369@example.com,2026-03-16,2026-07-27 01:56:20,9062.31,false,Pro
1370,Alex,Nguyen,alex.nguyen.1370@example.com,2024-07-19,2025-04-21 08:50:52,9723.65,true,Team
1371,Jordan,Lopez,jordan.lopez.1371@example.com,2023-07-02,2024-06-03 15:04:14,9113.59,false,Enterprise
1372,Taylor,Kim,taylor.kim.1372@example.com,2025-03-16,2025-08-23 21:27:05,3577.18,true,Free
1373,Casey,Smith,casey.smith.1373@example.com,2025-10-20,2026-04-08 19:30:08,1675.84,true,Pro
1374,Morgan,Singh,morgan.singh.1374@example.com,2024-04-02,2025-02-05 01:04:48,4614.49,false,Team
1375,Riley,Müller,riley.müller.1375@example.com,2023-07-15,2023-12-16 10:52:52,3374.57,true,Enterprise
1376,Avery,Patel,avery.patel.1376@example.com,2023-04-20,2023-04-21 16:25:24,8318.09,true,Free
1377,Quinn,Brown,quinn.brown.1377@example.com,2024-05-07,2024-09-17 09:43:15,5110.88,true,Pro
1378,Sasha,Johnson,sasha.johnson.1378@example.com,2024-06-03,2025-05-22 01:12:24,8226.29,true,Team
1379,Drew,Garcia,drew.garcia.1379@example.com,2026-04-25,2027-02-06 20:03:10,1195.67,true,Enterprise
1380,Alex,Nguyen,alex.nguyen.1380@example.com,2023-09-29,2024-03-28 14:51:01,4124.64,true,Free
1381,Jordan,Lopez,jordan.lopez.1381@example.com,2023-05-01,2024-03-28 15:55:33,9400.41,true,Pro
1382,Taylor,Kim,taylor.kim.1382@example.com,2025-07-01,2025-11-05 15:00:20,2433.81,true,Team
1383,Casey,Smith,casey.smith.1383@example.com,2023-08-23,2024-07-21 18:55:00,2420.74,true,Enterprise
1384,Morgan,Singh,morgan.singh.1384@example.com,2024-03-26,2024-09-12 18:28:57,1892.79,true,Free
1385,Riley,Müller,riley.müller.1385@example.com,2023-04-14,2023-09-13 10:00:17,8069.83,false,Pro
1386,Avery,Patel,avery.patel.1386@example.com,2024-11-17,2025-03-14 17:06:27,807.76,true,Team
1387,Quinn,Brown,quinn.brown.1387@example.com,2025-11-29,2026-08-06 19:50:50,3309.47,true,Enterprise
1388,Sasha,Johnson,sasha.johnson.1388@example.com,2025-04-03,2026-03-26 03:51:53,1338.34,false,Free
1389,Drew,Garcia,drew.garcia.1389@example.com,2025-06-01,2025-06-16 14:37:43,8944.73,true,Pro
1390,Alex,Nguyen,alex.nguyen.1390@example.com,2025-07-09,2025-08-14 03:04:37,8453.34,true,Team
1391,Jordan,Lopez,jordan.lopez.1391@example.com,2024-07-11,2024-09-10 01:29:53,6170.96,false,Enterprise
1392,Taylor,Kim,taylor.kim.1392@example.com,2025-12-07,2026-11-12 03:53:42,7167.36,true,Free
1393,Casey,Smith,casey.smith.1393@example.com,2024-01-04,2024-02-11 19:46:49,1240.08,true,Pro
1394,Morgan,Singh,morgan.singh.1394@example.com,2025-03-20,2025-10-18 12:38:32,7539.72,true,Team
1395,Riley,Müller,riley.müller.1395@example.com,2025-07-10,2026-06-28 04:26:23,3424.83,true,Enterprise
1396,Avery,Patel,avery.patel.1396@example.com,2025-10-01,2026-08-06 09:07:57,8267.16,true,Free
1397,Quinn,Brown,quinn.brown.1397@example.com,2024-02-09,2024-03-06 09:39:29,1051.63,true,Pro
1398,Sasha,Johnson,sasha.johnson.1398@example.com,2026-02-25,2026-11-15 09:53:33,1165.61,true,Team
1399,Drew,Garcia,drew.garcia.1399@example.com,2024-02-14,2024-12-08 04:21:19,8782.15,true,Enterprise
1400,Alex,Nguyen,alex.nguyen.1400@example.com,2025-04-28,2025-12-13 08:38:35,8074.39,true,Free
1401,Jordan,Lopez,jordan.lopez.1401@example.com,2025-02-16,2025-12-08 03:24:25,506.13,true,Pro
1402,Taylor,Kim,taylor.kim.1402@example.com,2024-03-25,2025-01-08 22:39:03,4077.62,true,Team
1403,Casey,Smith,casey.smith.1403@example.com,2024-02-04,2024-10-12 15:41:53,2453.28,false,Enterprise
1404,Morgan,Singh,morgan.singh.1404@example.com,2023-05-06,2024-03-24 23:45:50,1812.92,true,Free
1405,Riley,Müller,riley.müller.1405@example.com,2023-03-12,2023-08-29 07:42:43,2877.53,true,Pro
1406,Avery,Patel,avery.patel.1406@example.com,2025-06-17,2025-12-05 06:18:45,7587.49,false,Team
1407,Quinn,Brown,quinn.brown.1407@example.com,2026-03-12,2026-12-18 17:49:51,5579.67,true,Enterprise
1408,Sasha,Johnson,sasha.johnson.1408@example.com,2023-08-15,2024-06-17 10:11:46,4598.53,true,Free
1409,Drew,Garcia,drew.garcia.1409@example.com,2026-02-04,2026-05-06 11:19:57,8627.35,true,Pro
1410,Alex,Nguyen,alex.nguyen.1410@example.com,2024-05-06,2025-01-05 02:06:34,5025.93,false,Team
1411,Jordan,Lopez,jordan.lopez.1411@example.com,2023-03-31,2023-10-27 22:40:05,126.22,true,Enterprise
1412,Taylor,Kim,taylor.kim.1412@example.com,2023-05-21,2024-03-24 10:42:11,2788.92,true,Free
1413,Casey,Smith,casey.smith.1413@example.com,2024-05-31,2024-12-18 02:08:17,335.35,false,Pro
1414,Morgan,Singh,morgan.singh.1414@example.com,2025-12-04,2026-07-14 22:18:29,7673.89,true,Team
1415,Riley,Müller,riley.müller.1415@example.com,2024-10-03,2025-06-24 10:02:43,6568.64,true,Enterprise
1416,Avery,Patel,avery.patel.1416@example.com,2023-03-02,2023-06-09 05:33:54,7100.66,true,Free
1417,Quinn,Brown,quinn.brown.1417@example.com,2024-07-04,2025-02-28 14:46:06,5501.13,true,Pro
1418,Sasha,Johnson,sasha.johnson.1418@example.com,2023-05-23,2024-03-30 01:35:59,8845.75,true,Team
1419,Drew,Garcia,drew.garcia.1419@example.com,2024-03-25,2024-04-01 22:00:01,5250.88,false,Enterprise
1420,Alex,Nguyen,alex.nguyen.1420@example.com,2023-07-21,2024-04-26 07:48:05,7840.19,true,Free
1421,Jordan,Lopez,jordan.lopez.1421@example.com,2023-04-06,2023-07-09 19:10:04,6471.57,true,Pro
1422,Taylor,Kim,taylor.kim.1422@example.com,2023-11-28,2024-11-08 09:30:29,2314.85,true,Team
1423,Casey,Smith,casey.smith.1423@example.com,2024-03-24,2024-09-22 09:02:46,6693.99,true,Enterprise
1424,Morgan,Singh,morgan.singh.1424@example.com,2024-04-24,2024-05-23 21:42:26,7132.22,true,Free
1425,Riley,Müller,riley.müller.1425@example.com,2025-09-14,2026-07-25 12:58:45,2760.14,false,Pro
1426,Avery,Patel,avery.patel.1426@example.com,2025-10-31,2026-01-30 17:19:28,299.06,true,Team
1427,Quinn,Brown,quinn.brown.1427@example.com,2023-04-12,2023-07-17 09:13:53,8574.85,true,Enterprise
1428,Sasha,Johnson,sasha.johnson.1428@example.com,2024-12-01,2025-02-04 15:12:12,4110.74,false,Free
1429,Drew,Garcia,drew.garcia.1429@example.com,2024-07-09,2025-05-18 12:38:56,611.33,true,Pro
1430,Alex,Nguyen,alex.nguyen.1430@example.com,2025-12-05,2025-12-20 18:31:57,6665.56,false,Team
1431,Jordan,Lopez,jordan.lopez.1431@example.com,2023-07-09,2023-11-16 16:06:23,5015.10,true,Enterprise
1432,Taylor,Kim,taylor.kim.1432@example.com,2023-02-11,2023-03-31 22:09:46,4999.95,true,Free
1433,Casey,Smith,casey.smith.1433@example.com,2024-02-17,2024-06-13 11:00:06,3810.04,true,Pro
1434,Morgan,Singh,morgan.singh.1434@example.com,2024-04-20,2024-09-17 18:19:04,3958.89,true,Team
1435,Riley,Müller,riley.müller.1435@example.com,2024-09-27,2025-07-12 10:49:16,4540.12,true,Enterprise
1436,Avery,Patel,avery.patel.1436@example.com,2025-07-19,2025-12-26 04:55:16,8243.47,false,Free
1437,Quinn,Brown,quinn.brown.1437@example.com,2023-09-15,2023-10-25 11:57:31,6580.01,true,Pro
1438,Sasha,Johnson,sasha.johnson.1438@example.com,2024-08-07,2024-09-09 00:35:40,8764.67,false,Team
1439,Drew,Garcia,drew.garcia.1439@example.com,2023-04-23,2024-02-21 04:39:32,9476.78,true,Enterprise
1440,Alex,Nguyen,alex.nguyen.1440@example.com,2024-06-21,2024-08-30 09:14:09,7027.47,true,Free
1441,Jordan,Lopez,jordan.lopez.1441@example.com,2023-01-04,2023-09-11 02:28:53,2523.20,true,Pro
1442,Taylor,Kim,taylor.kim.1442@example.com,2024-09-25,2025-05-05 01:19:44,6990.59,true,Team
1443,Casey,Smith,casey.smith.1443@example.com,2024-06-12,2025-04-21 21:45:23,8531.44,true,Enterprise
1444,Morgan,Singh,morgan.singh.1444@example.com,2025-03-03,2025-03-29 19:29:55,1285.16,true,Free
1445,Riley,Müller,riley.müller.1445@example.com,2024-11-19,2025-02-12 12:45:34,2706.84,true,Pro
1446,Avery,Patel,avery.patel.1446@example.com,2025-08-25,2026-06-09 11:02:17,8128.37,true,Team
1447,Quinn,Brown,quinn.brown.1447@example.com,2023-04-26,2023-12-16 03:26:33,306.60,false,Enterprise
1448,Sasha,Johnson,sasha.johnson.1448@example.com,2024-05-14,2025-03-10 03:17:27,9370.64,false,Free
1449,Drew,Garcia,drew.garcia.1449@example.com,2023-03-05,2023-03-16 16:23:28,9786.97,true,Pro
1450,Alex,Nguyen,alex.nguyen.1450@example.com,2026-04-07,2026-07-27 13:15:54,7438.52,true,Team
1451,Jordan,Lopez,jordan.lopez.1451@example.com,2025-11-18,2026-02-02 03:58:36,3234.95,true,Enterprise
1452,Taylor,Kim,taylor.kim.1452@example.com,2025-12-15,2026-03-02 08:35:45,2367.05,true,Free
1453,Casey,Smith,casey.smith.1453@example.com,2024-11-03,2025-04-11 21:57:19,1075.35,true,Pro
1454,Morgan,Singh,morgan.singh.1454@example.com,2025-11-07,2026-02-16 08:04:29,5924.18,true,Team
1455,Riley,Müller,riley.müller.1455@example.com,2024-09-01,2025-03-22 22:29:13,8264.81,true,Enterprise
1456,Avery,Patel,avery.patel.1456@example.com,2026-02-08,2026-05-29 03:15:12,4243.84,true,Free
1457,Quinn,Brown,quinn.brown.1457@example.com,2024-03-13,2024-05-23 17:39:18,6772.76,true,Pro
1458,Sasha,Johnson,sasha.johnson.1458@example.com,2024-08-15,2025-04-08 11:23:58,7535.60,true,Team
1459,Drew,Garcia,drew.garcia.1459@example.com,2026-02-19,2026-07-19 13:25:11,4985.57,true,Enterprise
1460,Alex,Nguyen,alex.nguyen.1460@example.com,2026-02-23,2026-08-03 07:57:31,3773.60,false,Free
1461,Jordan,Lopez,jordan.lopez.1461@example.com,2024-04-25,2024-08-30 00:42:43,8669.89,true,Pro
1462,Taylor,Kim,taylor.kim.1462@example.com,2024-08-20,2025-06-30 22:23:59,3949.32,false,Team
1463,Casey,Smith,casey.smith.1463@example.com,2025-12-09,2026-11-08 03:46:10,1730.71,true,Enterprise
1464,Morgan,Singh,morgan.singh.1464@example.com,2026-03-27,2026-11-27 10:24:44,3336.78,true,Free
1465,Riley,Müller,riley.müller.1465@example.com,2026-03-15,2026-09-06 19:20:00,401.87,true,Pro
1466,Avery,Patel,avery.patel.1466@example.com,2025-03-11,2025-04-05 19:35:49,9446.64,false,Team
1467,Quinn,Brown,quinn.brown.1467@example.com,2025-08-10,2025-10-16 05:56:41,9986.92,true,Enterprise
1468,Sasha,Johnson,sasha.johnson.1468@example.com,2023-03-26,2023-10-14 08:35:34,8783.11,true,Free
1469,Drew,Garcia,drew.garcia.1469@example.com,2024-08-26,2025-03-18 18:32:21,7794.82,true,Pro
1470,Alex,Nguyen,alex.nguyen.1470@example.com,2026-03-22,2026-03-31 11:30:48,7868.19,true,Team
1471,Jordan,Lopez,jordan.lopez.1471@example.com,2023-08-09,2024-05-26 12:53:51,2938.94,true,Enterprise
1472,Taylor,Kim,taylor.kim.1472@example.com,2024-11-10,2025-01-05 22:53:48,7379.82,true,Free
1473,Casey,Smith,casey.smith.1473@example.com,2024-12-12,2025-03-19 17:42:50,5628.71,true,Pro
1474,Morgan,Singh,morgan.singh.1474@example.com,2025-08-03,2026-06-24 14:08:59,8927.66,true,Team
1475,Riley,Müller,riley.müller.1475@example.com,2023-09-07,2024-01-08 23:37:17,2626.19,true,Enterprise
1476,Avery,Patel,avery.patel.1476@example.com,2024-01-21,2024-09-02 00:57:00,2413.41,true,Free
1477,Quinn,Brown,quinn.brown.1477@example.com,2024-07-29,2025-07-09 12:50:11,4137.55,true,Pro
1478,Sasha,Johnson,sasha.johnson.1478@example.com,2025-06-22,2025-11-04 01:43:57,8482.52,true,Team
1479,Drew,Garcia,drew.garcia.1479@example.com,2026-01-18,2026-10-17 10:25:24,7975.35,true,Enterprise
1480,Alex,Nguyen,alex.nguyen.1480@example.com,2023-12-05,2024-10-03 12:24:07,2804.84,true,Free
1481,Jordan,Lopez,jordan.lopez.1481@example.com,2024-06-27,2025-02-20 05:46:50,9314.30,true,Pro
1482,Taylor,Kim,taylor.kim.1482@example.com,2025-05-04,2026-03-12 01:20:45,5569.66,true,Team
1483,Casey,Smith,casey.smith.1483@example.com,2024-05-11,2025-01-05 00:41:11,4333.24,true,Enterprise
1484,Morgan,Singh,morgan.singh.1484@example.com,2024-10-27,2024-12-19 03:28:44,7974.17,true,Free
1485,Riley,Müller,riley.müller.1485@example.com,2023-12-12,2024-02-04 13:26:45,1078.72,true,Pro
1486,Avery,Patel,avery.patel.1486@example.com,2025-03-05,2025-12-22 06:16:24,4796.20,true,Team
1487,Quinn,Brown,quinn.brown.1487@example.com,2026-03-26,2026-04-14 17:12:19,1332.56,true,Enterprise
1488,Sasha,Johnson,sasha.johnson.1488@example.com,2024-07-25,2025-03-06 20:09:56,2497.88,true,Free
1489,Drew,Garcia,drew.garcia.1489@example.com,2026-01-31,2026-12-15 01:54:10,1957.16,false,Pro
1490,Alex,Nguyen,alex.nguyen.1490@example.com,2025-08-31,2026-04-29 18:09:55,6069.25,true,Team
1491,Jordan,Lopez,jordan.lopez.1491@example.com,2023-08-24,2024-06-10 22:36:56,253.44,true,Enterprise
1492,Taylor,Kim,taylor.kim.1492@example.com,2025-07-17,2026-04-18 21:14:59,6487.52,true,Free
1493,Casey,Smith,casey.smith.1493@example.com,2025-08-28,2026-05-28 08:04:36,3263.95,true,Pro
1494,Morgan,Singh,morgan.singh.1494@example.com,2023-08-28,2024-06-29 13:27:43,5578.20,true,Team
1495,Riley,Müller,riley.müller.1495@example.com,2023-09-24,2024-06-15 16:33:00,3912.63,true,Enterprise
1496,Avery,Patel,avery.patel.1496@example.com,2024-01-18,2024-07-19 22:31:09,9412.14,true,Free
1497,Quinn,Brown,quinn.brown.1497@example.com,2023-09-15,2024-04-30 22:52:02,7551.97,true,Pro
1498,Sasha,Johnson,sasha.johnson.1498@example.com,2024-05-15,2024-11-20 15:11:03,7433.67,true,Team
1499,Drew,Garcia,drew.garcia.1499@example.com,2023-11-28,2024-10-10 01:33:56,599.52,true,Enterprise
1500,Alex,Nguyen,alex.nguyen.1500@example.com,2024-09-09,2024-12-08 14:30:01,404.32,true,Free
1501,Jordan,Lopez,jordan.lopez.1501@example.com,2025-05-02,2025-06-02 09:53:43,6997.90,false,Pro
1502,Taylor,Kim,taylor.kim.1502@example.com,2023-08-01,2023-11-29 01:00:10,3087.01,false,Team
1503,Casey,Smith,casey.smith.1503@example.com,2025-11-07,2026-03-18 04:37:38,3488.40,true,Enterprise
1504,Morgan,Singh,morgan.singh.1504@example.com,2023-06-19,2024-03-12 19:33:09,4897.23,false,Free
1505,Riley,Müller,riley.müller.1505@example.com,2024-10-20,2025-09-25 11:08:52,2285.49,false,Pro
1506,Avery,Patel,avery.patel.1506@example.com,2023-12-28,2024-02-05 23:55:43,6464.18,false,Team
1507,Quinn,Brown,quinn.brown.1507@example.com,2023-07-30,2023-11-29 00:19:11,2889.23,true,Enterprise
1508,Sasha,Johnson,sasha.johnson.1508@example.com,2023-01-27,2023-09-13 14:44:36,7458.19,true,Free
1509,Drew,Garcia,drew.garcia.1509@example.com,2026-04-19,2026-11-04 06:41:33,38.00,true,Pro
1510,Alex,Nguyen,alex.nguyen.1510@example.com,2026-02-26,2026-12-24 08:47:13,1176.71,false,Team
1511,Jordan,Lopez,jordan.lopez.1511@example.com,2024-06-18,2024-07-11 02:14:08,6463.10,true,Enterprise
1512,Taylor,Kim,taylor.kim.1512@example.com,2024-05-21,2024-07-26 15:56:16,9356.54,true,Free
1513,Casey,Smith,casey.smith.1513@example.com,2023-08-05,2023-12-31 06:32:57,1132.81,false,Pro
1514,Morgan,Singh,morgan.singh.1514@example.com,2023-06-19,2024-05-14 19:03:06,5755.30,true,Team
1515,Riley,Müller,riley.müller.1515@example.com,2025-04-22,2026-03-08 12:01:23,9485.46,true,Enterprise
1516,Avery,Patel,avery.patel.1516@example.com,2024-05-15,2025-03-22 01:40:51,6243.42,true,Free
1517,Quinn,Brown,quinn.brown.1517@example.com,2023-06-04,2023-09-18 20:21:27,8679.07,true,Pro
1518,Sasha,Johnson,sasha.johnson.1518@example.com,2024-11-10,2025-09-09 20:58:03,4379.72,false,Team
1519,Drew,Garcia,drew.garcia.1519@example.com,2023-05-20,2023-07-05 20:39:50,8912.05,true,Enterprise
1520,Alex,Nguyen,alex.nguyen.1520@example.com,2025-03-02,2025-06-01 00:02:46,4929.12,true,Free
1521,Jordan,Lopez,jordan.lopez.1521@example.com,2025-01-04,2025-05-25 19:04:19,6206.25,true,Pro
1522,Taylor,Kim,taylor.kim.1522@example.com,2024-08-25,2025-03-26 08:45:13,609.46,true,Team
1523,Casey,Smith,casey.smith.1523@example.com,2023-04-12,2023-11-30 02:20:39,791.18,true,Enterprise
1524,Morgan,Singh,morgan.singh.1524@example.com,2023-12-16,2024-01-19 19:59:37,9037.49,true,Free
1525,Riley,Müller,riley.müller.1525@example.com,2025-08-27,2025-11-01 10:40:47,3299.93,true,Pro
1526,Avery,Patel,avery.patel.1526@example.com,2023-09-03,2024-02-03 09:03:45,2524.41,false,Team
1527,Quinn,Brown,quinn.brown.1527@example.com,2025-10-30,2025-12-29 23:37:55,6118.06,true,Enterprise
1528,Sasha,Johnson,sasha.johnson.1528@example.com,2026-03-19,2026-07-24 03:53:56,7895.05,true,Free
1529,Drew,Garcia,drew.garcia.1529@example.com,2025-08-05,2026-06-28 02:57:50,5213.17,true,Pro
1530,Alex,Nguyen,alex.nguyen.1530@example.com,2024-03-15,2024-05-12 15:52:35,1578.36,true,Team
1531,Jordan,Lopez,jordan.lopez.1531@example.com,2023-05-26,2023-09-20 14:28:16,4761.24,false,Enterprise
1532,Taylor,Kim,taylor.kim.1532@example.com,2026-03-20,2026-03-27 17:01:59,9996.34,true,Free
1533,Casey,Smith,casey.smith.1533@example.com,2024-07-30,2025-07-08 01:40:55,649.07,true,Pro
1534,Morgan,Singh,morgan.singh.1534@example.com,2025-05-31,2025-11-08 10:34:25,6216.76,true,Team
1535,Riley,Müller,riley.müller.1535@example.com,2025-03-09,2025-07-25 00:08:54,1802.70,false,Enterprise
1536,Avery,Patel,avery.patel.1536@example.com,2023-01-17,2023-10-20 17:47:11,112.27,true,Free
1537,Quinn,Brown,quinn.brown.1537@example.com,2025-12-19,2026-10-14 07:10:52,843.74,true,Pro
1538,Sasha,Johnson,sasha.johnson.1538@example.com,2023-09-24,2023-11-20 14:57:12,1794.67,false,Team
1539,Drew,Garcia,drew.garcia.1539@example.com,2024-07-05,2024-10-22 16:57:28,6711.61,true,Enterprise
1540,Alex,Nguyen,alex.nguyen.1540@example.com,2023-04-24,2023-07-07 21:19:01,2785.55,true,Free
1541,Jordan,Lopez,jordan.lopez.1541@example.com,2023-11-19,2023-11-20 16:44:27,7695.28,true,Pro
1542,Taylor,Kim,taylor.kim.1542@example.com,2023-07-28,2024-05-04 00:22:30,3078.51,true,Team
1543,Casey,Smith,casey.smith.1543@example.com,2025-07-08,2025-11-09 20:19:00,9531.50,true,Enterprise
1544,Morgan,Singh,morgan.singh.1544@example.com,2024-01-12,2024-06-02 22:26:16,5870.47,true,Free
1545,Riley,Müller,riley.müller.1545@example.com,2024-12-13,2025-04-21 23:38:02,1698.10,true,Pro
1546,Avery,Patel,avery.patel.1546@example.com,2023-10-06,2024-03-01 04:19:24,3926.37,true,Team
1547,Quinn,Brown,quinn.brown.1547@example.com,2023-03-04,2023-11-07 16:11:20,8825.53,true,Enterprise
1548,Sasha,Johnson,sasha.johnson.1548@example.com,2024-08-11,2025-02-08 10:18:24,5910.83,true,Free
1549,Drew,Garcia,drew.garcia.1549@example.com,2023-11-15,2024-03-28 19:05:28,4604.63,true,Pro
1550,Alex,Nguyen,alex.nguyen.1550@example.com,2025-07-18,2026-01-19 16:41:21,898.61,true,Team
1551,Jordan,Lopez,jordan.lopez.1551@example.com,2024-09-18,2025-07-26 05:45:28,5457.12,true,Enterprise
1552,Taylor,Kim,taylor.kim.1552@example.com,2023-12-18,2024-01-07 14:11:38,5351.35,false,Free
1553,Casey,Smith,casey.smith.1553@example.com,2023-08-15,2023-09-23 04:28:39,5877.08,true,Pro
1554,Morgan,Singh,morgan.singh.1554@example.com,2025-05-25,2025-06-12 10:38:32,6690.04,true,Team
1555,Riley,Müller,riley.müller.1555@example.com,2023-04-24,2024-03-16 12:50:12,3291.70,false,Enterprise
1556,Avery,Patel,avery.patel.1556@example.com,2023-02-09,2023-10-21 09:59:58,4793.02,false,Free
1557,Quinn,Brown,quinn.brown.1557@example.com,2023-01-19,2023-02-19 18:15:37,337.79,true,Pro
1558,Sasha,Johnson,sasha.johnson.1558@example.com,2026-01-20,2026-12-06 04:55:24,7338.29,true,Team
1559,Drew,Garcia,drew.garcia.1559@example.com,2023-05-16,2024-03-26 12:19:37,4836.16,false,Enterprise
1560,Alex,Nguyen,alex.nguyen.1560@example.com,2025-03-07,2025-10-20 18:20:08,9870.76,false,Free
1561,Jordan,Lopez,jordan.lopez.1561@example.com,2023-04-27,2023-11-04 21:31:32,8172.99,true,Pro
1562,Taylor,Kim,taylor.kim.1562@example.com,2023-10-12,2024-09-11 08:39:27,7399.48,true,Team
1563,Casey,Smith,casey.smith.1563@example.com,2025-06-13,2025-11-27 13:58:06,1303.95,true,Enterprise
1564,Morgan,Singh,morgan.singh.1564@example.com,2023-10-04,2023-10-26 00:25:56,3938.37,true,Free
1565,Riley,Müller,riley.müller.1565@example.com,2024-08-13,2025-08-08 16:02:28,3680.92,true,Pro
1566,Avery,Patel,avery.patel.1566@example.com,2024-03-21,2024-07-07 15:58:47,9001.93,true,Team
1567,Quinn,Brown,quinn.brown.1567@example.com,2023-01-11,2023-06-09 11:13:27,6057.25,true,Enterprise
1568,Sasha,Johnson,sasha.johnson.1568@example.com,2025-07-16,2025-10-24 20:29:55,4466.48,true,Free
1569,Drew,Garcia,drew.garcia.1569@example.com,2023-05-23,2024-02-24 04:15:42,2160.75,true,Pro
1570,Alex,Nguyen,alex.nguyen.1570@example.com,2023-10-20,2023-11-25 23:39:55,3695.81,true,Team
1571,Jordan,Lopez,jordan.lopez.1571@example.com,2025-03-10,2025-12-05 13:18:51,1930.19,true,Enterprise
1572,Taylor,Kim,taylor.kim.1572@example.com,2025-07-27,2026-01-25 12:42:31,9761.18,true,Free
1573,Casey,Smith,casey.smith.1573@example.com,2024-04-10,2024-11-30 08:34:08,7830.44,true,Pro
1574,Morgan,Singh,morgan.singh.1574@example.com,2023-07-28,2024-04-19 04:34:09,2634.39,true,Team
1575,Riley,Müller,riley.müller.1575@example.com,2025-04-22,2025-08-30 08:53:24,7461.52,true,Enterprise
1576,Avery,Patel,avery.patel.1576@example.com,2024-02-08,2024-03-06 11:39:35,6549.89,true,Free
1577,Quinn,Brown,quinn.brown.1577@example.com,2024-02-19,2024-03-18 07:33:54,3952.01,true,Pro
1578,Sasha,Johnson,sasha.johnson.1578@example.com,2024-08-20,2025-01-22 18:10:36,6829.23,true,Team
1579,Drew,Garcia,drew.garcia.1579@example.com,2024-06-05,2024-06-25 20:55:10,5784.71,false,Enterprise
1580,Alex,Nguyen,alex.nguyen.1580@example.com,2026-03-15,2026-07-22 10:05:50,3523.20,true,Free
1581,Jordan,Lopez,jordan.lopez.1581@example.com,2024-10-13,2025-01-22 07:40:00,8722.76,true,Pro
1582,Taylor,Kim,taylor.kim.1582@example.com,2023-09-07,2024-03-14 18:25:37,7978.94,true,Team
1583,Casey,Smith,casey.smith.1583@example.com,2024-03-05,2024-04-28 21:14:21,2303.24,false,Enterprise
1584,Morgan,Singh,morgan.singh.1584@example.com,2023-07-29,2024-04-07 02:43:48,1034.89,false,Free
1585,Riley,Müller,riley.müller.1585@example.com,2024-01-27,2024-11-13 03:59:29,500.97,false,Pro
1586,Avery,Patel,avery.patel.1586@example.com,2023-11-06,2024-05-18 15:03:47,5901.57,true,Team
1587,Quinn,Brown,quinn.brown.1587@example.com,2026-03-22,2026-05-28 18:35:49,6987.27,false,Enterprise
1588,Sasha,Johnson,sasha.johnson.1588@example.com,2025-07-08,2026-02-25 08:17:51,71.51,true,Free
1589,Drew,Garcia,drew.garcia.1589@example.com,2023-02-02,2023-04-20 03:53:57,8938.59,false,Pro
1590,Alex,Nguyen,alex.nguyen.1590@example.com,2023-12-30,2024-12-14 11:45:12,6406.77,true,Team
1591,Jordan,Lopez,jordan.lopez.1591@example.com,2024-01-28,2024-03-06 13:06:08,5126.64,true,Enterprise
1592,Taylor,Kim,taylor.kim.1592@example.com,2025-08-27,2025-11-26 09:09:55,2384.32,true,Free
1593,Casey,Smith,casey.smith.1593@example.com,2024-02-06,2024-02-16 23:49:37,6523.27,true,Pro
1594,Morgan,Singh,morgan.singh.1594@example.com,2024-02-08,2024-12-27 22:19:40,4764.92,false,Team
1595,Riley,Müller,riley.müller.1595@example.com,2025-11-14,2025-12-04 02:46:04,7538.89,true,Enterprise
1596,Avery,Patel,avery.patel.1596@example.com,2025-11-02,2026-03-08 21:38:09,7965.13,true,Free
1597,Quinn,Brown,quinn.brown.1597@example.com,2025-11-16,2026-02-24 05:31:16,8238.98,true,Pro
1598,Sasha,Johnson,sasha.johnson.1598@example.com,2024-02-24,2024-04-20 00:41:56,2074.41,true,Team
1599,Drew,Garcia,drew.garcia.1599@example.com,2024-10-17,2025-03-07 20:03:34,2835.51,true,Enterprise
1600,Alex,Nguyen,alex.nguyen.1600@example.com,2024-02-11,2024-04-29 15:59:37,6089.03,true,Free
1601,Jordan,Lopez,jordan.lopez.1601@example.com,2026-03-08,2026-08-18 23:32:06,327.36,true,Pro
1602,Taylor,Kim,taylor.kim.1602@example.com,2024-07-12,2025-05-22 08:09:54,1440.01,true,Team
1603,Casey,Smith,casey.smith.1603@example.com,2026-03-26,2027-02-16 22:41:58,6396.90,true,Enterprise
1604,Morgan,Singh,morgan.singh.1604@example.com,2025-07-25,2025-12-09 23:39:33,3510.69,true,Free
1605,Riley,Müller,riley.müller.1605@example.com,2025-09-30,2026-06-11 14:45:15,3662.62,true,Pro
1606,Avery,Patel,avery.patel.1606@example.com,2023-02-25,2023-07-26 03:55:19,6676.67,true,Team
1607,Quinn,Brown,quinn.brown.1607@example.com,2025-06-14,2025-07-07 10:41:23,2968.41,true,Enterprise
1608,Sasha,Johnson,sasha.johnson.1608@example.com,2024-02-10,2024-05-11 03:53:50,3145.29,false,Free
1609,Drew,Garcia,drew.garcia.1609@example.com,2025-09-20,2026-01-06 22:15:19,1381.51,true,Pro
1610,Alex,Nguyen,alex.nguyen.1610@example.com,2023-01-13,2023-01-20 21:27:57,5700.15,true,Team
1611,Jordan,Lopez,jordan.lopez.1611@example.com,2024-03-25,2024-09-19 03:17:00,5053.80,true,Enterprise
1612,Taylor,Kim,taylor.kim.1612@example.com,2023-05-30,2024-02-18 22:35:53,8051.42,true,Free
1613,Casey,Smith,casey.smith.1613@example.com,2023-10-04,2023-12-01 19:16:37,6926.39,false,Pro
1614,Morgan,Singh,morgan.singh.1614@example.com,2025-07-07,2026-01-25 02:12:45,8527.57,true,Team
1615,Riley,Müller,riley.müller.1615@example.com,2025-07-29,2026-05-24 13:18:46,3345.19,true,Enterprise
1616,Avery,Patel,avery.patel.1616@example.com,2026-02-02,2026-07-26 22:01:36,4329.20,false,Free
1617,Quinn,Brown,quinn.brown.1617@example.com,2024-01-02,2024-01-26 20:08:05,7809.05,true,Pro
1618,Sasha,Johnson,sasha.johnson.1618@example.com,2024-03-01,2024-04-15 14:36:32,8258.56,true,Team
1619,Drew,Garcia,drew.garcia.1619@example.com,2024-03-04,2024-09-30 20:39:37,4905.81,true,Enterprise
1620,Alex,Nguyen,alex.nguyen.1620@example.com,2023-08-03,2023-11-07 17:03:55,3626.09,true,Free
1621,Jordan,Lopez,jordan.lopez.1621@example.com,2024-01-23,2024-10-26 18:35:02,6397.43,true,Pro
1622,Taylor,Kim,taylor.kim.1622@example.com,2024-06-21,2025-05-25 20:34:48,7955.44,true,Team
1623,Casey,Smith,casey.smith.1623@example.com,2024-05-01,2024-11-25 21:21:41,9036.15,true,Enterprise
1624,Morgan,Singh,morgan.singh.1624@example.com,2026-01-27,2026-03-14 15:13:28,383.38,true,Free
1625,Riley,Müller,riley.müller.1625@example.com,2023-05-27,2023-12-28 17:19:57,292.82,true,Pro
1626,Avery,Patel,avery.patel.1626@example.com,2025-12-11,2026-08-03 04:56:19,971.75,true,Team
1627,Quinn,Brown,quinn.brown.1627@example.com,2024-01-13,2024-07-24 00:17:53,6304.63,true,Enterprise
1628,Sasha,Johnson,sasha.johnson.1628@example.com,2026-01-29,2027-01-16 17:35:12,6297.91,false,Free
1629,Drew,Garcia,drew.garcia.1629@example.com,2023-08-22,2024-02-17 00:20:17,5874.62,true,Pro
1630,Alex,Nguyen,alex.nguyen.1630@example.com,2024-10-21,2025-03-15 03:20:29,1177.59,true,Team
1631,Jordan,Lopez,jordan.lopez.1631@example.com,2026-01-01,2026-04-20 07:55:56,7732.17,true,Enterprise
1632,Taylor,Kim,taylor.kim.1632@example.com,2025-10-17,2026-08-20 16:27:12,9694.80,false,Free
1633,Casey,Smith,casey.smith.1633@example.com,2024-07-17,2025-03-26 08:35:47,2240.99,true,Pro
1634,Morgan,Singh,morgan.singh.1634@example.com,2023-06-28,2024-06-20 19:03:37,1913.88,true,Team
1635,Riley,Müller,riley.müller.1635@example.com,2025-10-27,2026-09-08 03:49:10,3111.70,true,Enterprise
1636,Avery,Patel,avery.patel.1636@example.com,2026-02-25,2026-03-22 08:30:30,3943.04,true,Free
1637,Quinn,Brown,quinn.brown.1637@example.com,2025-02-04,2025-03-19 08:29:23,4546.76,true,Pro
1638,Sasha,Johnson,sasha.johnson.1638@example.com,2023-08-31,2024-04-14 14:14:45,7901.06,true,Team
1639,Drew,Garcia,drew.garcia.1639@example.com,2024-12-28,2025-11-29 04:07:06,7627.66,true,Enterprise
1640,Alex,Nguyen,alex.nguyen.1640@example.com,2025-04-08,2025-07-27 02:22:10,618.30,true,Free
1641,Jordan,Lopez,jordan.lopez.1641@example.com,2024-11-16,2025-09-03 15:33:09,4802.29,false,Pro
1642,Taylor,Kim,taylor.kim.1642@example.com,2024-07-19,2025-02-15 02:44:27,5224.84,true,Team
1643,Casey,Smith,casey.smith.1643@example.com,2024-11-06,2025-09-23 14:50:58,4110.05,true,Enterprise
1644,Morgan,Singh,morgan.singh.1644@example.com,2024-07-22,2024-12-21 19:36:36,1140.10,true,Free
1645,Riley,Müller,riley.müller.1645@example.com,2025-11-18,2026-09-18 14:26:45,3123.39,true,Pro
1646,Avery,Patel,avery.patel.1646@example.com,2023-12-02,2024-10-21 07:06:14,2418.41,true,Team
1647,Quinn,Brown,quinn.brown.1647@example.com,2025-01-11,2025-03-29 04:01:20,8620.31,true,Enterprise
1648,Sasha,Johnson,sasha.johnson.1648@example.com,2025-06-14,2026-04-28 21:52:38,7179.76,false,Free
1649,Drew,Garcia,drew.garcia.1649@example.com,2024-08-10,2025-02-28 12:12:26,1044.58,true,Pro
1650,Alex,Nguyen,alex.nguyen.1650@example.com,2023-06-23,2024-03-31 16:28:54,1669.47,true,Team
1651,Jordan,Lopez,jordan.lopez.1651@example.com,2024-01-25,2024-12-04 10:36:38,8608.95,true,Enterprise
1652,Taylor,Kim,taylor.kim.1652@example.com,2025-08-03,2025-12-07 03:39:25,9114.13,true,Free
1653,Casey,Smith,casey.smith.1653@example.com,2024-06-01,2024-06-30 08:00:17,2652.15,true,Pro
1654,Morgan,Singh,morgan.singh.1654@example.com,2026-01-15,2026-02-17 00:05:31,8545.95,false,Team
1655,Riley,Müller,riley.müller.1655@example.com,2024-02-24,2024-06-19 15:06:32,9112.68,true,Enterprise
1656,Avery,Patel,avery.patel.1656@example.com,2024-02-02,2024-12-17 10:42:05,3084.68,true,Free
1657,Quinn,Brown,quinn.brown.1657@example.com,2025-08-25,2026-07-01 20:02:08,8968.29,true,Pro
1658,Sasha,Johnson,sasha.johnson.1658@example.com,2024-09-22,2025-04-26 14:52:24,1443.54,true,Team
1659,Drew,Garcia,drew.garcia.1659@example.com,2024-07-25,2025-06-29 13:03:06,8926.90,true,Enterprise
1660,Alex,Nguyen,alex.nguyen.1660@example.com,2024-12-13,2025-01-19 23:38:27,3039.56,true,Free
1661,Jordan,Lopez,jordan.lopez.1661@example.com,2023-12-02,2024-05-07 12:28:26,7680.79,true,Pro
1662,Taylor,Kim,taylor.kim.1662@example.com,2024-07-14,2024-12-21 02:15:55,9860.70,true,Team
1663,Casey,Smith,casey.smith.1663@example.com,2023-12-21,2024-10-14 19:00:16,556.38,true,Enterprise
1664,Morgan,Singh,morgan.singh.1664@example.com,2026-04-20,2026-06-22 15:20:40,8339.15,true,Free
1665,Riley,Müller,riley.müller.1665@example.com,2023-08-10,2024-04-06 15:34:48,5597.79,true,Pro
1666,Avery,Patel,avery.patel.1666@example.com,2026-02-21,2026-07-17 03:32:17,2455.79,true,Team
1667,Quinn,Brown,quinn.brown.1667@example.com,2025-02-06,2025-08-27 02:35:10,8818.56,false,Enterprise
1668,Sasha,Johnson,sasha.johnson.1668@example.com,2023-07-02,2024-04-03 21:43:48,3113.39,true,Free
1669,Drew,Garcia,drew.garcia.1669@example.com,2026-03-13,2026-09-09 19:25:05,1767.55,true,Pro
1670,Alex,Nguyen,alex.nguyen.1670@example.com,2025-02-20,2026-02-15 01:50:43,8457.22,false,Team
1671,Jordan,Lopez,jordan.lopez.1671@example.com,2023-09-17,2024-09-01 12:37:32,6619.38,true,Enterprise
1672,Taylor,Kim,taylor.kim.1672@example.com,2024-05-04,2024-05-14 18:04:22,5419.43,true,Free
1673,Casey,Smith,casey.smith.1673@example.com,2024-03-13,2025-01-25 05:14:05,6955.35,true,Pro
1674,Morgan,Singh,morgan.singh.1674@example.com,2024-10-06,2025-08-04 11:22:48,3978.85,true,Team
1675,Riley,Müller,riley.müller.1675@example.com,2024-11-13,2025-06-28 23:27:46,1433.36,true,Enterprise
1676,Avery,Patel,avery.patel.1676@example.com,2024-08-21,2025-03-17 03:19:44,3523.95,true,Free
1677,Quinn,Brown,quinn.brown.1677@example.com,2024-07-12,2024-09-15 00:42:36,4642.75,true,Pro
1678,Sasha,Johnson,sasha.johnson.1678@example.com,2025-02-24,2025-04-01 23:04:04,1083.86,true,Team
1679,Drew,Garcia,drew.garcia.1679@example.com,2026-01-07,2026-01-07 13:33:11,5516.82,false,Enterprise
1680,Alex,Nguyen,alex.nguyen.1680@example.com,2023-04-30,2023-10-01 16:44:48,8474.76,true,Free
1681,Jordan,Lopez,jordan.lopez.1681@example.com,2024-12-18,2025-02-15 23:54:30,4562.69,true,Pro
1682,Taylor,Kim,taylor.kim.1682@example.com,2023-06-30,2024-01-22 13:32:31,192.06,true,Team
1683,Casey,Smith,casey.smith.1683@example.com,2023-09-24,2024-01-17 14:53:26,5981.68,false,Enterprise
1684,Morgan,Singh,morgan.singh.1684@example.com,2023-12-17,2024-06-10 09:34:57,3099.22,true,Free
1685,Riley,Müller,riley.müller.1685@example.com,2024-03-21,2024-09-10 23:05:32,8153.48,true,Pro
1686,Avery,Patel,avery.patel.1686@example.com,2025-12-10,2026-07-04 22:52:25,7645.35,true,Team
1687,Quinn,Brown,quinn.brown.1687@example.com,2025-10-20,2026-09-24 03:12:18,6535.96,true,Enterprise
1688,Sasha,Johnson,sasha.johnson.1688@example.com,2025-09-12,2026-01-07 04:47:10,3374.01,true,Free
1689,Drew,Garcia,drew.garcia.1689@example.com,2025-02-12,2025-02-14 22:34:58,5538.57,true,Pro
1690,Alex,Nguyen,alex.nguyen.1690@example.com,2023-11-13,2024-09-06 20:51:22,3974.19,true,Team
1691,Jordan,Lopez,jordan.lopez.1691@example.com,2025-04-14,2025-12-23 05:48:10,4311.07,true,Enterprise
1692,Taylor,Kim,taylor.kim.1692@example.com,2023-05-10,2024-05-04 00:26:36,1073.32,false,Free
1693,Casey,Smith,casey.smith.1693@example.com,2023-10-29,2024-04-22 01:59:13,1113.00,true,Pro
1694,Morgan,Singh,morgan.singh.1694@example.com,2025-07-07,2025-12-26 23:27:57,4163.44,true,Team
1695,Riley,Müller,riley.müller.1695@example.com,2025-05-17,2025-12-11 17:44:10,1421.55,true,Enterprise
1696,Avery,Patel,avery.patel.1696@example.com,2025-11-12,2026-10-02 12:33:59,5036.45,true,Free
1697,Quinn,Brown,quinn.brown.1697@example.com,2023-06-09,2023-11-09 17:46:23,6259.68,true,Pro
1698,Sasha,Johnson,sasha.johnson.1698@example.com,2023-11-28,2024-11-22 03:56:47,3806.25,true,Team
1699,Drew,Garcia,drew.garcia.1699@example.com,2024-05-26,2024-08-24 08:54:47,2399.45,false,Enterprise
1700,Alex,Nguyen,alex.nguyen.1700@example.com,2025-06-18,2026-05-06 08:49:19,4030.15,true,Free
1701,Jordan,Lopez,jordan.lopez.1701@example.com,2024-01-20,2025-01-02 15:43:10,3869.02,true,Pro
1702,Taylor,Kim,taylor.kim.1702@example.com,2024-05-05,2024-07-31 13:56:32,9223.33,false,Team
1703,Casey,Smith,casey.smith.1703@example.com,2025-02-27,2026-01-09 04:37:53,5086.46,false,Enterprise
1704,Morgan,Singh,morgan.singh.1704@example.com,2025-06-29,2025-07-21 23:11:01,1756.46,true,Free
1705,Riley,Müller,riley.müller.1705@example.com,2023-11-07,2024-08-20 17:31:59,2745.30,true,Pro
1706,Avery,Patel,avery.patel.1706@example.com,2024-10-29,2025-07-07 08:15:57,8913.18,true,Team
1707,Quinn,Brown,quinn.brown.1707@example.com,2024-11-07,2025-08-07 05:51:32,6797.90,true,Enterprise
1708,Sasha,Johnson,sasha.johnson.1708@example.com,2024-06-14,2024-09-02 09:55:19,2924.57,true,Free
1709,Drew,Garcia,drew.garcia.1709@example.com,2023-01-14,2023-08-29 03:55:46,2302.22,true,Pro
1710,Alex,Nguyen,alex.nguyen.1710@example.com,2025-06-09,2025-10-29 19:28:34,1258.16,true,Team
1711,Jordan,Lopez,jordan.lopez.1711@example.com,2025-05-30,2026-01-22 07:51:24,51.05,true,Enterprise
1712,Taylor,Kim,taylor.kim.1712@example.com,2023-04-26,2023-06-12 16:03:09,5606.58,false,Free
1713,Casey,Smith,casey.smith.1713@example.com,2026-04-25,2026-12-12 23:52:17,5456.68,true,Pro
1714,Morgan,Singh,morgan.singh.1714@example.com,2025-08-30,2026-05-26 13:39:47,1280.56,true,Team
1715,Riley,Müller,riley.müller.1715@example.com,2023-02-03,2023-08-30 12:55:10,9641.83,true,Enterprise
1716,Avery,Patel,avery.patel.1716@example.com,2025-03-02,2025-11-20 17:26:23,3613.59,true,Free
1717,Quinn,Brown,quinn.brown.1717@example.com,2024-07-13,2024-12-01 12:33:33,7336.18,true,Pro
1718,Sasha,Johnson,sasha.johnson.1718@example.com,2024-03-14,2024-12-02 01:00:24,8977.26,true,Team
1719,Drew,Garcia,drew.garcia.1719@example.com,2023-01-24,2023-04-13 21:30:04,9555.10,true,Enterprise
1720,Alex,Nguyen,alex.nguyen.1720@example.com,2024-11-08,2025-02-23 15:24:50,1384.16,true,Free
1721,Jordan,Lopez,jordan.lopez.1721@example.com,2023-04-07,2024-02-04 09:04:08,8616.08,false,Pro
1722,Taylor,Kim,taylor.kim.1722@example.com,2023-10-31,2023-11-26 00:27:25,9188.94,true,Team
1723,Casey,Smith,casey.smith.1723@example.com,2023-07-24,2023-10-27 12:09:10,8593.14,true,Enterprise
1724,Morgan,Singh,morgan.singh.1724@example.com,2024-04-23,2024-07-09 08:13:08,5680.25,true,Free
1725,Riley,Müller,riley.müller.1725@example.com,2023-10-16,2024-06-06 23:28:03,8010.92,true,Pro
1726,Avery,Patel,avery.patel.1726@example.com,2025-03-17,2026-01-20 17:24:46,3332.61,false,Team
1727,Quinn,Brown,quinn.brown.1727@example.com,2023-04-20,2023-06-13 10:37:39,6018.38,true,Enterprise
1728,Sasha,Johnson,sasha.johnson.1728@example.com,2024-12-09,2025-06-12 02:05:09,9390.51,true,Free
1729,Drew,Garcia,drew.garcia.1729@example.com,2024-11-01,2024-12-21 10:20:41,3885.58,false,Pro
1730,Alex,Nguyen,alex.nguyen.1730@example.com,2025-10-29,2026-09-27 09:04:16,8697.16,false,Team
1731,Jordan,Lopez,jordan.lopez.1731@example.com,2024-11-08,2025-08-17 20:16:15,2928.99,true,Enterprise
1732,Taylor,Kim,taylor.kim.1732@example.com,2025-11-16,2026-04-11 02:17:30,6114.33,true,Free
1733,Casey,Smith,casey.smith.1733@example.com,2024-02-27,2024-09-04 13:50:24,6066.85,true,Pro
1734,Morgan,Singh,morgan.singh.1734@example.com,2023-02-04,2023-02-08 07:24:03,2398.41,true,Team
1735,Riley,Müller,riley.müller.1735@example.com,2025-05-13,2025-10-24 22:13:53,9371.23,true,Enterprise
1736,Avery,Patel,avery.patel.1736@example.com,2023-09-21,2023-11-21 09:51:05,4467.92,true,Free
1737,Quinn,Brown,quinn.brown.1737@example.com,2023-08-26,2023-09-01 13:15:20,5218.77,true,Pro
1738,Sasha,Johnson,sasha.johnson.1738@example.com,2023-06-14,2024-02-12 16:04:46,511.13,true,Team
1739,Drew,Garcia,drew.garcia.1739@example.com,2023-06-22,2024-03-02 21:51:47,3583.69,false,Enterprise
1740,Alex,Nguyen,alex.nguyen.1740@example.com,2025-08-10,2026-07-03 18:48:21,896.82,true,Free
1741,Jordan,Lopez,jordan.lopez.1741@example.com,2025-01-10,2025-07-21 03:26:03,7074.80,true,Pro
1742,Taylor,Kim,taylor.kim.1742@example.com,2025-12-03,2026-10-29 15:58:52,7034.06,true,Team
1743,Casey,Smith,casey.smith.1743@example.com,2023-02-25,2023-09-27 16:59:03,9829.78,true,Enterprise
1744,Morgan,Singh,morgan.singh.1744@example.com,2026-01-29,2026-07-21 06:25:13,751.10,true,Free
1745,Riley,Müller,riley.müller.1745@example.com,2023-10-24,2024-06-01 19:57:36,8279.73,true,Pro
1746,Avery,Patel,avery.patel.1746@example.com,2024-11-03,2025-09-08 02:26:03,4747.58,true,Team
1747,Quinn,Brown,quinn.brown.1747@example.com,2024-07-08,2025-06-24 11:42:24,4917.62,true,Enterprise
1748,Sasha,Johnson,sasha.johnson.1748@example.com,2023-08-01,2024-06-12 10:10:45,6470.33,true,Free
1749,Drew,Garcia,drew.garcia.1749@example.com,2024-08-17,2025-02-27 06:22:14,8812.85,true,Pro
1750,Alex,Nguyen,alex.nguyen.1750@example.com,2024-02-07,2024-08-14 04:28:13,5135.03,true,Team
1751,Jordan,Lopez,jordan.lopez.1751@example.com,2024-05-17,2025-03-25 00:19:08,5103.20,true,Enterprise
1752,Taylor,Kim,taylor.kim.1752@example.com,2025-03-16,2025-07-10 04:35:16,2234.71,true,Free
1753,Casey,Smith,casey.smith.1753@example.com,2025-02-03,2025-06-06 17:07:26,1008.34,true,Pro
1754,Morgan,Singh,morgan.singh.1754@example.com,2024-05-01,2025-03-01 03:25:50,1897.36,true,Team
1755,Riley,Müller,riley.müller.1755@example.com,2026-04-05,2027-02-12 17:58:32,1088.69,true,Enterprise
1756,Avery,Patel,avery.patel.1756@example.com,2025-05-13,2025-06-19 14:32:34,3604.13,true,Free
1757,Quinn,Brown,quinn.brown.1757@example.com,2024-03-06,2024-12-29 14:48:50,47.20,false,Pro
1758,Sasha,Johnson,sasha.johnson.1758@example.com,2025-01-22,2025-05-22 18:12:23,2769.33,true,Team
1759,Drew,Garcia,drew.garcia.1759@example.com,2024-06-29,2024-09-11 07:13:17,1662.14,true,Enterprise
1760,Alex,Nguyen,alex.nguyen.1760@example.com,2023-11-07,2023-12-21 01:48:16,2367.77,true,Free
1761,Jordan,Lopez,jordan.lopez.1761@example.com,2023-04-08,2023-04-10 21:58:01,4266.92,false,Pro
1762,Taylor,Kim,taylor.kim.1762@example.com,2023-06-09,2024-04-08 05:21:14,7263.29,false,Team
1763,Casey,Smith,casey.smith.1763@example.com,2023-02-08,2024-02-06 11:28:16,8329.27,true,Enterprise
1764,Morgan,Singh,morgan.singh.1764@example.com,2023-10-07,2024-06-26 19:25:51,689.12,true,Free
1765,Riley,Müller,riley.müller.1765@example.com,2023-02-04,2023-07-26 12:50:41,4653.68,true,Pro
1766,Avery,Patel,avery.patel.1766@example.com,2024-09-27,2025-03-12 09:29:17,7159.60,false,Team
1767,Quinn,Brown,quinn.brown.1767@example.com,2024-08-17,2024-11-13 23:42:52,1978.61,true,Enterprise
1768,Sasha,Johnson,sasha.johnson.1768@example.com,2023-04-19,2023-08-01 03:11:19,9140.46,true,Free
1769,Drew,Garcia,drew.garcia.1769@example.com,2024-10-05,2024-12-30 02:56:39,2577.35,false,Pro
1770,Alex,Nguyen,alex.nguyen.1770@example.com,2024-11-11,2025-05-15 11:36:37,3273.65,true,Team
1771,Jordan,Lopez,jordan.lopez.1771@example.com,2024-03-21,2024-05-20 14:13:25,7840.56,false,Enterprise
1772,Taylor,Kim,taylor.kim.1772@example.com,2026-03-07,2027-01-04 04:01:45,1597.69,true,Free
1773,Casey,Smith,casey.smith.1773@example.com,2024-06-07,2025-02-19 07:55:09,2753.72,true,Pro
1774,Morgan,Singh,morgan.singh.1774@example.com,2025-08-27,2026-07-11 19:48:24,7892.54,true,Team
1775,Riley,Müller,riley.müller.1775@example.com,2024-02-29,2024-06-10 09:36:53,1497.26,false,Enterprise
1776,Avery,Patel,avery.patel.1776@example.com,2023-04-09,2023-06-16 08:54:57,1577.55,true,Free
1777,Quinn,Brown,quinn.brown.1777@example.com,2025-06-05,2025-10-22 02:24:45,6819.88,true,Pro
1778,Sasha,Johnson,sasha.johnson.1778@example.com,2024-11-09,2025-06-16 07:31:11,1376.34,true,Team
1779,Drew,Garcia,drew.garcia.1779@example.com,2024-10-12,2025-05-09 12:20:25,9926.80,true,Enterprise
1780,Alex,Nguyen,alex.nguyen.1780@example.com,2024-06-01,2025-04-23 21:23:50,6802.56,true,Free
1781,Jordan,Lopez,jordan.lopez.1781@example.com,2025-01-29,2025-06-29 03:49:25,844.02,true,Pro
1782,Taylor,Kim,taylor.kim.1782@example.com,2023-01-26,2023-07-01 11:10:38,9985.15,true,Team
1783,Casey,Smith,casey.smith.1783@example.com,2026-01-20,2026-06-10 02:39:27,497.00,false,Enterprise
1784,Morgan,Singh,morgan.singh.1784@example.com,2025-12-17,2026-07-21 15:50:48,2439.91,true,Free
1785,Riley,Müller,riley.müller.1785@example.com,2025-12-21,2026-10-24 23:58:59,9285.18,true,Pro
1786,Avery,Patel,avery.patel.1786@example.com,2025-03-02,2025-11-01 23:08:48,702.47,true,Team
1787,Quinn,Brown,quinn.brown.1787@example.com,2024-01-03,2024-02-05 15:10:48,1034.39,true,Enterprise
1788,Sasha,Johnson,sasha.johnson.1788@example.com,2024-01-17,2024-04-13 14:22:47,9283.12,true,Free
1789,Drew,Garcia,drew.garcia.1789@example.com,2023-09-28,2023-11-21 11:24:24,6890.48,true,Pro
1790,Alex,Nguyen,alex.nguyen.1790@example.com,2023-10-10,2024-04-22 12:58:36,7354.76,true,Team
1791,Jordan,Lopez,jordan.lopez.1791@example.com,2024-03-26,2024-10-03 03:20:58,3453.04,true,Enterprise
1792,Taylor,Kim,taylor.kim.1792@example.com,2024-01-11,2024-12-09 16:18:34,6542.83,true,Free
1793,Casey,Smith,casey.smith.1793@example.com,2023-01-03,2023-07-29 09:47:51,9596.25,true,Pro
1794,Morgan,Singh,morgan.singh.1794@example.com,2023-03-27,2023-06-20 16:24:49,4888.03,true,Team
1795,Riley,Müller,riley.müller.1795@example.com,2025-02-27,2025-05-03 13:13:44,6172.37,true,Enterprise
1796,Avery,Patel,avery.patel.1796@example.com,2025-11-03,2026-01-12 00:40:59,872.90,true,Free
1797,Quinn,Brown,quinn.brown.1797@example.com,2024-08-31,2025-08-10 10:28:47,6715.89,true,Pro
1798,Sasha,Johnson,sasha.johnson.1798@example.com,2023-10-16,2023-11-27 22:21:36,8161.96,true,Team
1799,Drew,Garcia,drew.garcia.1799@example.com,2025-07-06,2025-08-03 21:38:35,5515.56,true,Enterprise
1800,Alex,Nguyen,alex.nguyen.1800@example.com,2024-06-03,2025-01-20 12:02:31,8786.79,false,Free
1801,Jordan,Lopez,jordan.lopez.1801@example.com,2023-08-13,2024-01-14 16:52:16,5266.98,false,Pro
1802,Taylor,Kim,taylor.kim.1802@example.com,2026-04-19,2027-03-02 08:44:57,356.37,true,Team
1803,Casey,Smith,casey.smith.1803@example.com,2024-03-09,2024-10-26 03:13:09,5491.61,true,Enterprise
1804,Morgan,Singh,morgan.singh.1804@example.com,2023-10-25,2024-08-18 14:51:54,2063.97,true,Free
1805,Riley,Müller,riley.müller.1805@example.com,2024-11-12,2025-07-24 07:11:27,2353.81,false,Pro
1806,Avery,Patel,avery.patel.1806@example.com,2024-09-19,2024-09-22 02:44:15,9618.50,true,Team
1807,Quinn,Brown,quinn.brown.1807@example.com,2025-07-14,2025-11-27 19:25:26,9402.01,true,Enterprise
1808,Sasha,Johnson,sasha.johnson.1808@example.com,2025-05-21,2026-01-01 16:35:18,4946.06,false,Free
1809,Drew,Garcia,drew.garcia.1809@example.com,2025-04-18,2025-05-19 17:04:29,1508.15,true,Pro
1810,Alex,Nguyen,alex.nguyen.1810@example.com,2023-07-14,2024-03-03 09:52:03,9484.39,true,Team
1811,Jordan,Lopez,jordan.lopez.1811@example.com,2026-03-30,2026-10-09 00:51:25,9245.14,true,Enterprise
1812,Taylor,Kim,taylor.kim.1812@example.com,2026-04-24,2026-11-13 15:21:07,8425.65,false,Free
1813,Casey,Smith,casey.smith.1813@example.com,2023-12-12,2024-03-21 18:48:53,4410.57,true,Pro
1814,Morgan,Singh,morgan.singh.1814@example.com,2024-12-15,2025-11-07 20:43:38,2000.15,true,Team
1815,Riley,Müller,riley.müller.1815@example.com,2024-10-18,2025-03-30 04:29:12,5474.81,true,Enterprise
1816,Avery,Patel,avery.patel.1816@example.com,2023-07-06,2024-02-29 10:32:22,3228.64,true,Free
1817,Quinn,Brown,quinn.brown.1817@example.com,2025-11-22,2026-07-19 07:22:37,591.33,true,Pro
1818,Sasha,Johnson,sasha.johnson.1818@example.com,2023-09-30,2024-01-19 14:41:23,1536.87,true,Team
1819,Drew,Garcia,drew.garcia.1819@example.com,2024-09-07,2025-02-15 01:18:38,3903.36,false,Enterprise
1820,Alex,Nguyen,alex.nguyen.1820@example.com,2023-12-06,2024-02-12 05:19:57,658.28,true,Free
1821,Jordan,Lopez,jordan.lopez.1821@example.com,2023-01-30,2023-03-11 13:52:22,7266.40,true,Pro
1822,Taylor,Kim,taylor.kim.1822@example.com,2025-04-30,2026-03-22 04:50:13,916.12,true,Team
1823,Casey,Smith,casey.smith.1823@example.com,2025-10-09,2026-08-16 23:10:31,7530.05,false,Enterprise
1824,Morgan,Singh,morgan.singh.1824@example.com,2023-10-21,2024-02-17 10:01:00,2277.92,true,Free
1825,Riley,Müller,riley.müller.1825@example.com,2023-04-14,2023-07-02 17:06:31,4728.43,true,Pro
1826,Avery,Patel,avery.patel.1826@example.com,2025-03-31,2025-05-28 10:57:52,5835.85,true,Team
1827,Quinn,Brown,quinn.brown.1827@example.com,2026-01-10,2026-02-19 22:53:31,8998.34,false,Enterprise
1828,Sasha,Johnson,sasha.johnson.1828@example.com,2023-08-13,2024-07-12 01:38:45,5267.19,true,Free
1829,Drew,Garcia,drew.garcia.1829@example.com,2023-06-01,2023-08-04 08:06:16,3908.95,false,Pro
1830,Alex,Nguyen,alex.nguyen.1830@example.com,2025-08-23,2026-04-24 02:58:28,1003.22,true,Team
1831,Jordan,Lopez,jordan.lopez.1831@example.com,2024-10-23,2025-01-28 17:52:57,2875.54,true,Enterprise
1832,Taylor,Kim,taylor.kim.1832@example.com,2024-04-25,2024-12-19 05:42:45,1956.85,true,Free
1833,Casey,Smith,casey.smith.1833@example.com,2024-05-28,2025-03-06 23:04:25,9416.70,true,Pro
1834,Morgan,Singh,morgan.singh.1834@example.com,2024-12-15,2025-06-06 09:08:15,4869.77,true,Team
1835,Riley,Müller,riley.müller.1835@example.com,2023-09-09,2024-03-02 05:21:49,5087.97,true,Enterprise
1836,Avery,Patel,avery.patel.1836@example.com,2024-07-05,2024-07-09 18:03:59,5284.33,true,Free
1837,Quinn,Brown,quinn.brown.1837@example.com,2023-12-20,2024-01-23 18:21:38,7372.29,false,Pro
1838,Sasha,Johnson,sasha.johnson.1838@example.com,2026-03-05,2026-08-02 08:15:03,6056.30,true,Team
1839,Drew,Garcia,drew.garcia.1839@example.com,2024-05-05,2025-03-14 07:26:23,8662.00,false,Enterprise
1840,Alex,Nguyen,alex.nguyen.1840@example.com,2025-04-06,2026-03-11 12:11:53,4632.07,true,Free
1841,Jordan,Lopez,jordan.lopez.1841@example.com,2023-10-27,2024-03-01 20:06:21,5503.17,true,Pro
1842,Taylor,Kim,taylor.kim.1842@example.com,2023-09-16,2024-08-02 13:40:04,8712.72,true,Team
1843,Casey,Smith,casey.smith.1843@example.com,2025-10-13,2026-10-06 11:35:22,1881.42,true,Enterprise
1844,Morgan,Singh,morgan.singh.1844@example.com,2024-07-25,2024-11-23 01:34:35,468.26,true,Free
1845,Riley,Müller,riley.müller.1845@example.com,2023-12-02,2024-02-22 11:08:16,8136.38,true,Pro
1846,Avery,Patel,avery.patel.1846@example.com,2023-12-11,2024-09-12 16:08:10,4608.28,false,Team
1847,Quinn,Brown,quinn.brown.1847@example.com,2025-05-21,2026-02-28 13:33:22,758.43,false,Enterprise
1848,Sasha,Johnson,sasha.johnson.1848@example.com,2024-05-10,2024-12-09 14:42:53,7000.28,true,Free
1849,Drew,Garcia,drew.garcia.1849@example.com,2024-12-14,2025-12-09 06:29:15,4656.80,true,Pro
1850,Alex,Nguyen,alex.nguyen.1850@example.com,2023-05-28,2023-12-16 02:08:41,9994.40,true,Team
1851,Jordan,Lopez,jordan.lopez.1851@example.com,2024-01-14,2024-04-02 13:52:56,2476.41,true,Enterprise
1852,Taylor,Kim,taylor.kim.1852@example.com,2023-06-14,2024-05-16 00:52:41,8573.85,true,Free
1853,Casey,Smith,casey.smith.1853@example.com,2025-08-09,2026-06-09 05:47:28,5298.54,true,Pro
1854,Morgan,Singh,morgan.singh.1854@example.com,2026-02-02,2026-06-29 18:11:12,9625.30,true,Team
1855,Riley,Müller,riley.müller.1855@example.com,2023-09-20,2024-08-30 00:09:37,3451.05,true,Enterprise
1856,Avery,Patel,avery.patel.1856@example.com,2025-02-09,2025-06-27 14:46:19,887.17,true,Free
1857,Quinn,Brown,quinn.brown.1857@example.com,2025-12-16,2026-10-23 13:35:55,6168.77,true,Pro
1858,Sasha,Johnson,sasha.johnson.1858@example.com,2023-01-16,2023-07-31 12:44:34,9821.59,false,Team
1859,Drew,Garcia,drew.garcia.1859@example.com,2024-12-08,2025-05-22 15:40:45,4705.63,true,Enterprise
1860,Alex,Nguyen,alex.nguyen.1860@example.com,2024-03-25,2024-09-15 09:50:48,8949.93,true,Free
1861,Jordan,Lopez,jordan.lopez.1861@example.com,2024-05-26,2024-10-12 04:57:15,3760.01,false,Pro
1862,Taylor,Kim,taylor.kim.1862@example.com,2025-08-03,2025-12-17 08:32:31,1032.48,true,Team
1863,Casey,Smith,casey.smith.1863@example.com,2025-08-11,2026-02-07 14:33:49,8602.29,true,Enterprise
1864,Morgan,Singh,morgan.singh.1864@example.com,2024-11-27,2025-01-20 18:43:06,2650.29,true,Free
1865,Riley,Müller,riley.müller.1865@example.com,2024-02-11,2025-01-03 18:52:20,4716.91,false,Pro
1866,Avery,Patel,avery.patel.1866@example.com,2024-01-13,2024-02-14 21:00:17,5957.96,false,Team
1867,Quinn,Brown,quinn.brown.1867@example.com,2025-06-21,2026-03-10 19:49:19,3963.96,true,Enterprise
1868,Sasha,Johnson,sasha.johnson.1868@example.com,2025-07-15,2026-03-06 20:09:58,8614.38,true,Free
1869,Drew,Garcia,drew.garcia.1869@example.com,2025-07-11,2025-11-21 16:22:43,1824.32,true,Pro
1870,Alex,Nguyen,alex.nguyen.1870@example.com,2023-02-07,2023-02-14 13:01:37,3944.15,false,Team
1871,Jordan,Lopez,jordan.lopez.1871@example.com,2026-01-20,2026-03-20 06:48:55,9855.23,true,Enterprise
1872,Taylor,Kim,taylor.kim.1872@example.com,2023-01-20,2023-06-21 20:23:54,3529.46,true,Free
1873,Casey,Smith,casey.smith.1873@example.com,2023-07-08,2024-04-29 03:22:05,2831.34,true,Pro
1874,Morgan,Singh,morgan.singh.1874@example.com,2024-07-30,2025-07-26 18:28:34,8385.12,true,Team
1875,Riley,Müller,riley.müller.1875@example.com,2025-02-25,2025-11-21 16:47:21,3207.92,true,Enterprise
1876,Avery,Patel,avery.patel.1876@example.com,2024-10-30,2024-11-21 12:33:40,5999.32,true,Free
1877,Quinn,Brown,quinn.brown.1877@example.com,2025-01-13,2025-02-06 10:41:46,7735.36,true,Pro
1878,Sasha,Johnson,sasha.johnson.1878@example.com,2025-04-13,2026-04-11 19:32:50,5010.69,true,Team
1879,Drew,Garcia,drew.garcia.1879@example.com,2024-03-17,2024-06-02 17:03:29,6288.75,true,Enterprise
1880,Alex,Nguyen,alex.nguyen.1880@example.com,2025-09-14,2026-09-06 21:08:15,9500.82,true,Free
1881,Jordan,Lopez,jordan.lopez.1881@example.com,2024-11-10,2025-04-13 06:01:15,8884.88,false,Pro
1882,Taylor,Kim,taylor.kim.1882@example.com,2023-06-09,2023-08-23 08:56:50,7186.17,true,Team
1883,Casey,Smith,casey.smith.1883@example.com,2023-03-09,2023-09-09 19:47:09,7825.62,true,Enterprise
1884,Morgan,Singh,morgan.singh.1884@example.com,2025-08-12,2026-03-27 17:48:55,5473.54,false,Free
1885,Riley,Müller,riley.müller.1885@example.com,2024-10-19,2025-05-25 16:35:15,4983.12,false,Pro
1886,Avery,Patel,avery.patel.1886@example.com,2025-11-19,2026-06-26 11:01:00,5159.47,false,Team
1887,Quinn,Brown,quinn.brown.1887@example.com,2023-02-02,2023-07-03 02:08:39,453.76,true,Enterprise
1888,Sasha,Johnson,sasha.johnson.1888@example.com,2024-10-16,2025-08-22 03:21:17,5576.05,true,Free
1889,Drew,Garcia,drew.garcia.1889@example.com,2024-05-26,2024-08-23 21:24:16,4400.31,false,Pro
1890,Alex,Nguyen,alex.nguyen.1890@example.com,2023-02-10,2023-03-19 19:06:15,8562.80,true,Team
1891,Jordan,Lopez,jordan.lopez.1891@example.com,2024-04-28,2024-11-07 09:01:23,6734.48,true,Enterprise
1892,Taylor,Kim,taylor.kim.1892@example.com,2025-10-03,2025-11-03 12:07:23,883.48,true,Free
1893,Casey,Smith,casey.smith.1893@example.com,2025-06-28,2025-10-12 17:05:11,5058.94,true,Pro
1894,Morgan,Singh,morgan.singh.1894@example.com,2023-10-24,2024-05-12 19:53:51,5807.12,true,Team
1895,Riley,Müller,riley.müller.1895@example.com,2024-05-14,2024-07-01 22:57:58,26.38,true,Enterprise
1896,Avery,Patel,avery.patel.1896@example.com,2025-12-07,2026-01-22 12:09:21,160.85,true,Free
1897,Quinn,Brown,quinn.brown.1897@example.com,2025-08-22,2026-07-14 12:17:40,9190.87,true,Pro
1898,Sasha,Johnson,sasha.johnson.1898@example.com,2024-11-09,2025-02-08 20:59:19,7023.05,true,Team
1899,Drew,Garcia,drew.garcia.1899@example.com,2025-04-02,2025-07-20 17:30:09,2242.39,true,Enterprise
1900,Alex,Nguyen,alex.nguyen.1900@example.com,2024-12-05,2025-08-30 10:24:17,3662.61,true,Free
1901,Jordan,Lopez,jordan.lopez.1901@example.com,2025-10-28,2026-07-05 21:03:17,395.04,true,Pro
1902,Taylor,Kim,taylor.kim.1902@example.com,2023-12-02,2024-08-12 16:59:18,6527.04,true,Team
1903,Casey,Smith,casey.smith.1903@example.com,2024-10-26,2025-01-25 07:15:58,963.50,false,Enterprise
1904,Morgan,Singh,morgan.singh.1904@example.com,2025-02-12,2025-07-30 06:39:52,7831.73,true,Free
1905,Riley,Müller,riley.müller.1905@example.com,2026-03-29,2026-11-22 15:20:12,208.12,true,Pro
1906,Avery,Patel,avery.patel.1906@example.com,2023-07-29,2023-12-02 19:02:00,7696.24,false,Team
1907,Quinn,Brown,quinn.brown.1907@example.com,2024-04-27,2024-11-01 16:18:28,8450.93,true,Enterprise
1908,Sasha,Johnson,sasha.johnson.1908@example.com,2025-05-27,2025-06-07 13:33:19,8100.04,true,Free
1909,Drew,Garcia,drew.garcia.1909@example.com,2025-06-07,2025-08-19 19:38:14,8647.15,true,Pro
1910,Alex,Nguyen,alex.nguyen.1910@example.com,2023-10-19,2024-04-01 07:59:49,7414.23,true,Team
1911,Jordan,Lopez,jordan.lopez.1911@example.com,2024-06-06,2025-02-15 18:08:14,4936.16,true,Enterprise
1912,Taylor,Kim,taylor.kim.1912@example.com,2023-12-29,2024-08-07 17:57:50,918.58,true,Free
1913,Casey,Smith,casey.smith.1913@example.com,2025-04-16,2025-12-17 19:39:59,3119.01,true,Pro
1914,Morgan,Singh,morgan.singh.1914@example.com,2024-05-24,2025-04-19 09:33:59,5559.88,true,Team
1915,Riley,Müller,riley.müller.1915@example.com,2025-06-08,2025-08-03 00:05:04,2188.69,true,Enterprise
1916,Avery,Patel,avery.patel.1916@example.com,2025-10-15,2025-12-16 22:51:34,6681.35,true,Free
1917,Quinn,Brown,quinn.brown.1917@example.com,2025-12-18,2026-11-23 11:31:57,3657.69,false,Pro
1918,Sasha,Johnson,sasha.johnson.1918@example.com,2023-02-22,2023-12-30 00:29:58,8503.70,false,Team
1919,Drew,Garcia,drew.garcia.1919@example.com,2025-06-09,2026-05-17 13:53:34,4791.73,true,Enterprise
1920,Alex,Nguyen,alex.nguyen.1920@example.com,2025-08-05,2026-08-04 03:13:00,544.24,true,Free
1921,Jordan,Lopez,jordan.lopez.1921@example.com,2025-10-30,2026-10-09 17:12:08,6367.16,true,Pro
1922,Taylor,Kim,taylor.kim.1922@example.com,2024-06-24,2025-05-19 20:48:51,139.03,true,Team
1923,Casey,Smith,casey.smith.1923@example.com,2025-03-18,2025-05-09 01:27:16,223.28,false,Enterprise
1924,Morgan,Singh,morgan.singh.1924@example.com,2025-10-18,2026-09-22 17:34:55,451.68,true,Free
1925,Riley,Müller,riley.müller.1925@example.com,2024-08-26,2024-09-23 07:31:47,4613.27,true,Pro
1926,Avery,Patel,avery.patel.1926@example.com,2023-12-10,2023-12-15 12:03:51,8262.93,false,Team
1927,Quinn,Brown,quinn.brown.1927@example.com,2025-04-06,2025-06-11 08:10:59,9030.03,true,Enterprise
1928,Sasha,Johnson,sasha.johnson.1928@example.com,2026-04-06,2026-06-16 08:08:23,4356.98,true,Free
1929,Drew,Garcia,drew.garcia.1929@example.com,2023-12-17,2024-09-21 21:45:43,8538.46,false,Pro
1930,Alex,Nguyen,alex.nguyen.1930@example.com,2024-04-25,2024-11-04 23:53:06,9397.63,true,Team
1931,Jordan,Lopez,jordan.lopez.1931@example.com,2024-05-24,2025-05-24 04:49:51,5951.88,true,Enterprise
1932,Taylor,Kim,taylor.kim.1932@example.com,2024-01-22,2024-12-27 06:52:46,2643.78,false,Free
1933,Casey,Smith,casey.smith.1933@example.com,2024-02-11,2024-09-28 04:41:06,1824.11,true,Pro
1934,Morgan,Singh,morgan.singh.1934@example.com,2023-04-03,2023-09-09 00:54:35,3063.29,false,Team
1935,Riley,Müller,riley.müller.1935@example.com,2024-11-28,2025-08-13 18:39:25,4855.10,true,Enterprise
1936,Avery,Patel,avery.patel.1936@example.com,2025-04-10,2025-06-16 00:02:34,8738.07,true,Free
1937,Quinn,Brown,quinn.brown.1937@example.com,2026-02-09,2026-11-19 14:38:57,8480.08,true,Pro
1938,Sasha,Johnson,sasha.johnson.1938@example.com,2024-03-28,2025-03-22 21:29:54,9881.45,false,Team
1939,Drew,Garcia,drew.garcia.1939@example.com,2024-01-08,2025-01-05 08:12:55,1603.00,false,Enterprise
1940,Alex,Nguyen,alex.nguyen.1940@example.com,2023-11-11,2024-06-17 13:57:59,7635.04,true,Free
1941,Jordan,Lopez,jordan.lopez.1941@example.com,2025-08-14,2026-05-02 13:21:55,3141.32,false,Pro
1942,Taylor,Kim,taylor.kim.1942@example.com,2026-02-28,2026-07-09 12:01:31,76.91,true,Team
1943,Casey,Smith,casey.smith.1943@example.com,2023-05-02,2023-12-10 23:35:31,4182.02,true,Enterprise
1944,Morgan,Singh,morgan.singh.1944@example.com,2026-04-16,2027-02-15 03:29:37,7606.46,false,Free
1945,Riley,Müller,riley.müller.1945@example.com,2025-07-04,2026-06-27 13:37:39,3896.55,true,Pro
1946,Avery,Patel,avery.patel.1946@example.com,2024-04-09,2024-07-21 21:42:15,405.12,false,Team
1947,Quinn,Brown,quinn.brown.1947@example.com,2025-02-03,2025-08-03 03:34:19,1626.26,false,Enterprise
1948,Sasha,Johnson,sasha.johnson.1948@example.com,2024-12-19,2025-03-11 09:22:04,3842.26,true,Free
1949,Drew,Garcia,drew.garcia.1949@example.com,2024-04-04,2024-09-09 04:28:42,1133.91,true,Pro
1950,Alex,Nguyen,alex.nguyen.1950@example.com,2025-05-22,2025-05-30 17:49:12,3840.69,true,Team
1951,Jordan,Lopez,jordan.lopez.1951@example.com,2024-06-02,2024-12-07 18:46:09,3353.77,false,Enterprise
1952,Taylor,Kim,taylor.kim.1952@example.com,2023-03-31,2023-07-14 20:39:12,7700.95,true,Free
1953,Casey,Smith,casey.smith.1953@example.com,2024-03-02,2024-09-09 16:34:42,2248.90,true,Pro
1954,Morgan,Singh,morgan.singh.1954@example.com,2023-03-02,2024-01-11 02:44:40,3105.54,true,Team
1955,Riley,Müller,riley.müller.1955@example.com,2025-01-01,2025-04-01 23:10:34,2928.83,true,Enterprise
1956,Avery,Patel,avery.patel.1956@example.com,2023-11-26,2024-04-15 11:26:46,9511.67,true,Free
1957,Quinn,Brown,quinn.brown.1957@example.com,2024-11-27,2025-03-29 13:26:57,8812.62,true,Pro
1958,Sasha,Johnson,sasha.johnson.1958@example.com,2023-02-18,2023-11-10 03:51:36,1710.70,true,Team
1959,Drew,Garcia,drew.garcia.1959@example.com,2025-01-31,2025-12-20 15:19:48,3052.69,true,Enterprise
1960,Alex,Nguyen,alex.nguyen.1960@example.com,2025-10-12,2026-09-30 22:39:13,6088.32,true,Free
1961,Jordan,Lopez,jordan.lopez.1961@example.com,2024-09-09,2025-07-03 11:08:24,1319.91,true,Pro
1962,Taylor,Kim,taylor.kim.1962@example.com,2026-02-19,2026-03-02 22:35:04,9760.73,false,Team
1963,Casey,Smith,casey.smith.1963@example.com,2024-01-07,2024-09-15 15:18:12,8970.32,true,Enterprise
1964,Morgan,Singh,morgan.singh.1964@example.com,2023-06-21,2023-09-26 10:35:49,9460.37,true,Free
1965,Riley,Müller,riley.müller.1965@example.com,2024-02-09,2024-02-13 19:07:34,5750.17,true,Pro
1966,Avery,Patel,avery.patel.1966@example.com,2023-09-11,2024-01-30 08:11:15,6268.97,true,Team
1967,Quinn,Brown,quinn.brown.1967@example.com,2024-06-29,2024-08-27 01:18:08,756.52,true,Enterprise
1968,Sasha,Johnson,sasha.johnson.1968@example.com,2024-06-06,2024-12-13 05:57:09,9171.89,true,Free
1969,Drew,Garcia,drew.garcia.1969@example.com,2025-02-10,2025-06-17 00:18:12,5174.61,false,Pro
1970,Alex,Nguyen,alex.nguyen.1970@example.com,2023-01-14,2023-08-13 06:33:51,6386.54,true,Team
1971,Jordan,Lopez,jordan.lopez.1971@example.com,2023-05-27,2023-06-06 00:42:18,5473.31,true,Enterprise
1972,Taylor,Kim,taylor.kim.1972@example.com,2023-07-17,2024-05-19 04:33:16,8274.77,true,Free
1973,Casey,Smith,casey.smith.1973@example.com,2024-02-14,2024-02-16 17:02:32,8839.90,true,Pro
1974,Morgan,Singh,morgan.singh.1974@example.com,2023-08-14,2024-08-02 03:40:18,6402.77,true,Team
1975,Riley,Müller,riley.müller.1975@example.com,2024-11-23,2025-05-30 17:27:49,3195.36,true,Enterprise
1976,Avery,Patel,avery.patel.1976@example.com,2023-01-26,2023-06-24 13:12:25,403.97,true,Free
1977,Quinn,Brown,quinn.brown.1977@example.com,2024-03-13,2024-09-14 19:20:31,8546.81,true,Pro
1978,Sasha,Johnson,sasha.johnson.1978@example.com,2024-02-01,2024-08-15 21:07:15,5927.27,true,Team
1979,Drew,Garcia,drew.garcia.1979@example.com,2023-07-19,2023-08-17 03:43:57,4997.05,false,Enterprise
1980,Alex,Nguyen,alex.nguyen.1980@example.com,2025-10-21,2025-11-15 10:21:39,1810.78,true,Free
1981,Jordan,Lopez,jordan.lopez.1981@example.com,2023-01-28,2023-05-23 13:15:18,4541.23,true,Pro
1982,Taylor,Kim,taylor.kim.1982@example.com,2025-04-24,2025-09-27 04:30:34,8811.40,true,Team
1983,Casey,Smith,casey.smith.1983@example.com,2025-09-01,2026-01-17 02:51:16,9406.38,true,Enterprise
1984,Morgan,Singh,morgan.singh.1984@example.com,2024-10-06,2025-05-20 19:05:28,6393.98,false,Free
1985,Riley,Müller,riley.müller.1985@example.com,2023-09-25,2024-03-13 09:07:57,1099.90,true,Pro
1986,Avery,Patel,avery.patel.1986@example.com,2025-03-07,2025-11-22 23:00:30,6078.39,false,Team
1987,Quinn,Brown,quinn.brown.1987@example.com,2026-03-27,2026-09-05 05:36:38,3021.77,true,Enterprise
1988,Sasha,Johnson,sasha.johnson.1988@example.com,2023-12-30,2024-11-05 00:43:22,5585.29,false,Free
1989,Drew,Garcia,drew.garcia.1989@example.com,2024-11-24,2025-09-08 02:26:34,8341.77,true,Pro
1990,Alex,Nguyen,alex.nguyen.1990@example.com,2026-01-13,2026-03-21 11:45:42,7897.46,true,Team
1991,Jordan,Lopez,jordan.lopez.1991@example.com,2023-01-07,2023-12-16 17:40:54,5440.34,true,Enterprise
1992,Taylor,Kim,taylor.kim.1992@example.com,2024-11-03,2025-02-21 05:24:02,4526.92,true,Free
1993,Casey,Smith,casey.smith.1993@example.com,2024-08-12,2024-09-14 22:54:46,5469.78,true,Pro
1994,Morgan,Singh,morgan.singh.1994@example.com,2025-07-22,2025-08-19 03:58:46,2395.74,true,Team
1995,Riley,Müller,riley.müller.1995@example.com,2026-04-14,2027-04-01 13:57:11,1338.19,true,Enterprise
1996,Avery,Patel,avery.patel.1996@example.com,2024-03-20,2024-08-29 15:24:08,8259.79,true,Free
1997,Quinn,Brown,quinn.brown.1997@example.com,2025-11-04,2026-10-25 13:37:59,5609.44,true,Pro
1998,Sasha,Johnson,sasha.johnson.1998@example.com,2023-10-04,2024-01-25 03:56:20,3053.23,true,Team
1999,Drew,Garcia,drew.garcia.1999@example.com,2024-02-25,2024-05-26 16:55:07,4955.64,false,Enterprise
2000,Alex,Nguyen,alex.nguyen.2000@example.com,2026-02-16,2027-01-26 09:44:17,6163.49,false,Free
2001,Jordan,Lopez,jordan.lopez.2001@example.com,2024-09-29,2024-12-15 10:45:25,6119.22,true,Pro
2002,Taylor,Kim,taylor.kim.2002@example.com,2023-07-24,2023-11-20 03:16:02,4526.65,true,Team
2003,Casey,Smith,casey.smith.2003@example.com,2024-06-06,2024-09-19 08:10:37,6884.68,true,Enterprise
2004,Morgan,Singh,morgan.singh.2004@example.com,2025-03-15,2025-04-16 05:26:32,2174.71,true,Free
2005,Riley,Müller,riley.müller.2005@example.com,2025-04-28,2025-09-29 01:23:37,362.83,true,Pro
2006,Avery,Patel,avery.patel.2006@example.com,2023-04-16,2024-03-22 11:18:46,3209.20,true,Team
2007,Quinn,Brown,quinn.brown.2007@example.com,2024-02-22,2024-04-17 12:22:45,3749.27,true,Enterprise
2008,Sasha,Johnson,sasha.johnson.2008@example.com,2023-02-13,2023-11-19 01:59:59,5348.76,false,Free
2009,Drew,Garcia,drew.garcia.2009@example.com,2023-08-14,2024-05-09 21:07:16,8922.77,true,Pro
2010,Alex,Nguyen,alex.nguyen.2010@example.com,2025-03-21,2025-07-11 01:03:18,3205.91,true,Team
2011,Jordan,Lopez,jordan.lopez.2011@example.com,2024-07-23,2024-10-08 11:09:02,580.58,true,Enterprise
2012,Taylor,Kim,taylor.kim.2012@example.com,2023-04-03,2023-12-22 03:11:54,5263.94,true,Free
2013,Casey,Smith,casey.smith.2013@example.com,2025-11-13,2026-04-05 04:06:13,8041.00,true,Pro
2014,Morgan,Singh,morgan.singh.2014@example.com,2024-09-22,2025-03-25 23:39:57,1756.43,true,Team
2015,Riley,Müller,riley.müller.2015@example.com,2023-03-14,2023-11-13 04:23:56,53.27,true,Enterprise
2016,Avery,Patel,avery.patel.2016@example.com,2024-02-01,2024-02-19 06:29:38,3125.48,true,Free
2017,Quinn,Brown,quinn.brown.2017@example.com,2024-07-01,2024-10-14 11:26:30,9645.59,true,Pro
2018,Sasha,Johnson,sasha.johnson.2018@example.com,2024-06-14,2024-11-13 12:21:39,8825.26,true,Team
2019,Drew,Garcia,drew.garcia.2019@example.com,2025-01-24,2025-04-30 15:30:59,665.36,true,Enterprise
2020,Alex,Nguyen,alex.nguyen.2020@example.com,2024-06-14,2025-05-20 08:14:56,7651.51,true,Free
2021,Jordan,Lopez,jordan.lopez.2021@example.com,2023-03-01,2023-05-23 09:29:38,3003.80,true,Pro
2022,Taylor,Kim,taylor.kim.2022@example.com,2023-11-13,2024-01-23 19:23:32,1248.11,true,Team
2023,Casey,Smith,casey.smith.2023@example.com,2026-02-27,2027-01-11 07:37:42,8947.91,true,Enterprise
2024,Morgan,Singh,morgan.singh.2024@example.com,2024-03-21,2024-07-17 05:48:49,9578.18,true,Free
2025,Riley,Müller,riley.müller.2025@example.com,2025-08-04,2026-02-25 20:28:49,7953.08,true,Pro
2026,Avery,Patel,avery.patel.2026@example.com,2025-06-21,2026-06-06 20:25:29,644.02,true,Team
2027,Quinn,Brown,quinn.brown.2027@example.com,2024-05-24,2024-11-02 02:28:20,8996.75,true,Enterprise
2028,Sasha,Johnson,sasha.johnson.2028@example.com,2023-09-21,2024-06-05 18:02:06,1769.46,true,Free
2029,Drew,Garcia,drew.garcia.2029@example.com,2023-11-23,2023-12-17 02:04:10,8479.52,true,Pro
2030,Alex,Nguyen,alex.nguyen.2030@example.com,2023-03-30,2023-08-06 04:43:56,5083.04,true,Team
2031,Jordan,Lopez,jordan.lopez.2031@example.com,2023-10-26,2024-05-01 14:06:36,1328.06,true,Enterprise
2032,Taylor,Kim,taylor.kim.2032@example.com,2024-07-20,2025-05-11 22:08:55,6131.99,true,Free
2033,Casey,Smith,casey.smith.2033@example.com,2024-04-03,2025-01-30 17:27:30,2039.09,true,Pro
2034,Morgan,Singh,morgan.singh.2034@example.com,2024-02-26,2024-07-11 16:49:34,4122.51,true,Team
2035,Riley,Müller,riley.müller.2035@example.com,2024-09-01,2025-02-23 05:10:44,466.81,true,Enterprise
2036,Avery,Patel,avery.patel.2036@example.com,2025-01-21,2025-12-03 20:53:47,2006.61,true,Free
2037,Quinn,Brown,quinn.brown.2037@example.com,2025-03-28,2025-08-14 17:11:33,2951.64,false,Pro
2038,Sasha,Johnson,sasha.johnson.2038@example.com,2023-02-24,2023-09-16 12:07:31,6010.25,false,Team
2039,Drew,Garcia,drew.garcia.2039@example.com,2023-10-23,2024-08-05 08:58:13,9186.24,true,Enterprise
2040,Alex,Nguyen,alex.nguyen.2040@example.com,2023-04-13,2023-05-30 10:46:19,9004.49,true,Free
2041,Jordan,Lopez,jordan.lopez.2041@example.com,2024-04-09,2025-03-05 07:59:07,1525.02,false,Pro
2042,Taylor,Kim,taylor.kim.2042@example.com,2024-05-12,2024-12-18 09:26:23,4369.91,true,Team
2043,Casey,Smith,casey.smith.2043@example.com,2024-11-12,2025-08-08 14:51:55,9010.87,true,Enterprise
2044,Morgan,Singh,morgan.singh.2044@example.com,2025-03-11,2026-02-01 08:37:58,8875.71,true,Free
2045,Riley,Müller,riley.müller.2045@example.com,2025-04-18,2026-01-02 01:34:14,3551.42,true,Pro
2046,Avery,Patel,avery.patel.2046@example.com,2026-04-18,2026-12-24 21:20:10,9158.99,false,Team
2047,Quinn,Brown,quinn.brown.2047@example.com,2024-02-19,2024-12-14 10:58:46,7048.23,true,Enterprise
2048,Sasha,Johnson,sasha.johnson.2048@example.com,2024-10-11,2024-12-19 19:11:03,6387.73,true,Free
2049,Drew,Garcia,drew.garcia.2049@example.com,2023-04-23,2023-10-28 12:15:07,5539.59,true,Pro
2050,Alex,Nguyen,alex.nguyen.2050@example.com,2024-06-03,2025-02-27 22:30:26,3590.01,false,Team
2051,Jordan,Lopez,jordan.lopez.2051@example.com,2024-05-23,2024-06-26 01:36:29,8664.11,false,Enterprise
2052,Taylor,Kim,taylor.kim.2052@example.com,2024-04-12,2025-03-23 23:08:09,4199.08,true,Free
2053,Casey,Smith,casey.smith.2053@example.com,2025-08-25,2025-10-11 15:36:31,2059.18,true,Pro
2054,Morgan,Singh,morgan.singh.2054@example.com,2026-01-28,2026-08-04 17:14:22,2075.57,true,Team
2055,Riley,Müller,riley.müller.2055@example.com,2025-07-17,2025-08-22 01:38:04,3436.00,true,Enterprise
2056,Avery,Patel,avery.patel.2056@example.com,2024-09-10,2024-11-21 01:05:28,4373.49,true,Free
2057,Quinn,Brown,quinn.brown.2057@example.com,2024-02-22,2024-04-18 13:17:18,4689.59,false,Pro
2058,Sasha,Johnson,sasha.johnson.2058@example.com,2023-07-22,2024-04-15 19:43:27,8779.28,false,Team
2059,Drew,Garcia,drew.garcia.2059@example.com,2024-01-13,2024-11-14 04:54:17,789.34,true,Enterprise
2060,Alex,Nguyen,alex.nguyen.2060@example.com,2024-09-16,2025-03-17 05:21:41,562.16,true,Free
2061,Jordan,Lopez,jordan.lopez.2061@example.com,2025-04-30,2026-02-04 06:14:49,1922.82,true,Pro
2062,Taylor,Kim,taylor.kim.2062@example.com,2025-12-24,2026-07-23 18:23:23,1970.13,true,Team
2063,Casey,Smith,casey.smith.2063@example.com,2024-05-21,2024-06-12 09:36:21,1396.65,true,Enterprise
2064,Morgan,Singh,morgan.singh.2064@example.com,2025-11-16,2026-08-31 17:24:06,1961.32,true,Free
2065,Riley,Müller,riley.müller.2065@example.com,2023-10-26,2024-03-09 06:48:57,9285.42,false,Pro
2066,Avery,Patel,avery.patel.2066@example.com,2023-08-17,2023-10-05 17:02:00,1283.78,true,Team
2067,Quinn,Brown,quinn.brown.2067@example.com,2023-01-13,2023-08-19 07:07:09,2673.18,true,Enterprise
2068,Sasha,Johnson,sasha.johnson.2068@example.com,2025-01-26,2025-07-04 05:30:28,6871.65,true,Free
2069,Drew,Garcia,drew.garcia.2069@example.com,2024-11-07,2024-12-15 21:40:00,2577.66,false,Pro
2070,Alex,Nguyen,alex.nguyen.2070@example.com,2024-04-19,2024-09-26 22:19:27,9844.11,true,Team
2071,Jordan,Lopez,jordan.lopez.2071@example.com,2025-04-08,2025-09-18 06:56:07,7809.94,true,Enterprise
2072,Taylor,Kim,taylor.kim.2072@example.com,2024-05-14,2024-12-01 13:50:15,4771.28,true,Free
2073,Casey,Smith,casey.smith.2073@example.com,2023-03-09,2023-09-13 13:37:24,6710.99,true,Pro
2074,Morgan,Singh,morgan.singh.2074@example.com,2025-08-19,2026-05-17 17:24:31,1915.89,true,Team
2075,Riley,Müller,riley.müller.2075@example.com,2024-03-19,2024-05-05 14:58:29,7176.19,true,Enterprise
2076,Avery,Patel,avery.patel.2076@example.com,2025-07-06,2026-06-05 20:43:23,3823.72,false,Free
2077,Quinn,Brown,quinn.brown.2077@example.com,2024-11-30,2025-11-18 15:55:53,3324.34,false,Pro
2078,Sasha,Johnson,sasha.johnson.2078@example.com,2024-05-22,2024-11-23 17:14:55,3351.68,true,Team
2079,Drew,Garcia,drew.garcia.2079@example.com,2023-03-06,2023-04-05 19:13:17,195.83,true,Enterprise
2080,Alex,Nguyen,alex.nguyen.2080@example.com,2023-08-11,2023-11-19 03:30:28,2763.67,true,Free
2081,Jordan,Lopez,jordan.lopez.2081@example.com,2025-01-27,2025-07-12 07:35:48,4420.49,true,Pro
2082,Taylor,Kim,taylor.kim.2082@example.com,2024-04-20,2025-01-14 12:34:44,5765.68,true,Team
2083,Casey,Smith,casey.smith.2083@example.com,2023-11-06,2024-05-23 18:22:48,4560.95,true,Enterprise
2084,Morgan,Singh,morgan.singh.2084@example.com,2025-12-31,2026-12-03 14:34:23,6826.80,true,Free
2085,Riley,Müller,riley.müller.2085@example.com,2023-12-13,2024-07-05 06:43:34,9224.18,true,Pro
2086,Avery,Patel,avery.patel.2086@example.com,2023-07-26,2024-05-12 16:41:06,2865.12,true,Team
2087,Quinn,Brown,quinn.brown.2087@example.com,2024-06-14,2025-03-23 12:52:04,7203.86,false,Enterprise
2088,Sasha,Johnson,sasha.johnson.2088@example.com,2024-02-25,2024-08-05 09:17:16,6634.77,true,Free
2089,Drew,Garcia,drew.garcia.2089@example.com,2023-05-01,2024-01-04 22:23:42,1566.23,false,Pro
2090,Alex,Nguyen,alex.nguyen.2090@example.com,2026-04-18,2027-03-08 09:21:18,516.60,true,Team
2091,Jordan,Lopez,jordan.lopez.2091@example.com,2024-02-09,2024-12-17 17:37:41,3939.90,false,Enterprise
2092,Taylor,Kim,taylor.kim.2092@example.com,2024-03-06,2024-08-28 12:35:26,9533.48,false,Free
2093,Casey,Smith,casey.smith.2093@example.com,2024-05-07,2024-05-31 16:48:52,7419.88,true,Pro
2094,Morgan,Singh,morgan.singh.2094@example.com,2023-10-28,2024-10-15 09:46:19,6161.53,false,Team
2095,Riley,Müller,riley.müller.2095@example.com,2026-01-10,2026-04-14 06:21:05,5088.13,true,Enterprise
2096,Avery,Patel,avery.patel.2096@example.com,2023-02-01,2024-01-09 07:55:16,2080.22,true,Free
2097,Quinn,Brown,quinn.brown.2097@example.com,2023-05-16,2023-07-15 14:09:53,4177.74,true,Pro
2098,Sasha,Johnson,sasha.johnson.2098@example.com,2025-02-16,2025-05-08 08:41:52,9768.95,false,Team
2099,Drew,Garcia,drew.garcia.2099@example.com,2023-08-31,2024-02-21 22:31:47,9227.33,false,Enterprise
2100,Alex,Nguyen,alex.nguyen.2100@example.com,2026-02-27,2026-06-18 00:38:22,5582.42,false,Free
2101,Jordan,Lopez,jordan.lopez.2101@example.com,2023-05-31,2024-04-15 20:15:24,2100.26,true,Pro
2102,Taylor,Kim,taylor.kim.2102@example.com,2024-08-21,2025-05-21 19:11:07,4434.90,true,Team
2103,Casey,Smith,casey.smith.2103@example.com,2023-02-09,2023-10-10 00:03:32,5021.37,true,Enterprise
2104,Morgan,Singh,morgan.singh.2104@example.com,2025-02-04,2025-05-20 16:51:23,5424.98,true,Free
2105,Riley,Müller,riley.müller.2105@example.com,2025-02-09,2025-09-18 07:55:11,5546.76,true,Pro
2106,Avery,Patel,avery.patel.2106@example.com,2023-05-01,2024-03-23 18:38:36,826.80,true,Team
2107,Quinn,Brown,quinn.brown.2107@example.com,2025-05-11,2026-02-02 01:17:46,3232.88,true,Enterprise
2108,Sasha,Johnson,sasha.johnson.2108@example.com,2023-09-22,2024-08-22 16:22:27,2002.00,true,Free
2109,Drew,Garcia,drew.garcia.2109@example.com,2023-07-07,2024-01-17 11:12:44,5059.54,true,Pro
2110,Alex,Nguyen,alex.nguyen.2110@example.com,2025-12-01,2026-07-22 05:57:30,3605.75,true,Team
2111,Jordan,Lopez,jordan.lopez.2111@example.com,2025-04-21,2025-06-24 11:42:30,9191.09,true,Enterprise
2112,Taylor,Kim,taylor.kim.2112@example.com,2023-02-09,2023-05-04 13:59:50,2202.03,false,Free
2113,Casey,Smith,casey.smith.2113@example.com,2025-09-18,2026-07-15 00:13:51,9664.14,true,Pro
2114,Morgan,Singh,morgan.singh.2114@example.com,2025-12-05,2026-03-21 23:01:20,1213.35,true,Team
2115,Riley,Müller,riley.müller.2115@example.com,2024-12-21,2025-02-11 21:26:01,4879.84,true,Enterprise
2116,Avery,Patel,avery.patel.2116@example.com,2025-08-12,2025-11-11 06:24:45,9707.65,true,Free
2117,Quinn,Brown,quinn.brown.2117@example.com,2023-07-19,2024-05-04 02:46:30,205.07,true,Pro
2118,Sasha,Johnson,sasha.johnson.2118@example.com,2025-12-05,2026-11-28 06:52:59,1406.80,true,Team
2119,Drew,Garcia,drew.garcia.2119@example.com,2023-05-18,2024-01-19 09:54:36,89.85,true,Enterprise
2120,Alex,Nguyen,alex.nguyen.2120@example.com,2024-04-09,2025-02-02 03:43:52,2704.87,false,Free
2121,Jordan,Lopez,jordan.lopez.2121@example.com,2025-07-05,2025-12-26 22:24:20,9502.74,false,Pro
2122,Taylor,Kim,taylor.kim.2122@example.com,2023-07-25,2024-06-29 21:13:51,1569.32,false,Team
2123,Casey,Smith,casey.smith.2123@example.com,2025-01-11,2025-09-21 21:25:37,414.70,true,Enterprise
2124,Morgan,Singh,morgan.singh.2124@example.com,2024-10-23,2025-09-23 02:47:15,5627.80,true,Free
2125,Riley,Müller,riley.müller.2125@example.com,2024-10-01,2025-05-02 00:35:56,8289.86,false,Pro
2126,Avery,Patel,avery.patel.2126@example.com,2023-09-10,2024-05-27 17:59:32,2756.04,true,Team
2127,Quinn,Brown,quinn.brown.2127@example.com,2024-08-11,2025-01-26 10:39:24,2746.01,false,Enterprise
2128,Sasha,Johnson,sasha.johnson.2128@example.com,2023-04-21,2024-04-07 21:06:37,5856.54,true,Free
2129,Drew,Garcia,drew.garcia.2129@example.com,2025-12-15,2026-09-24 04:59:59,4262.75,true,Pro
2130,Alex,Nguyen,alex.nguyen.2130@example.com,2023-06-07,2023-10-07 13:49:29,7968.42,true,Team
2131,Jordan,Lopez,jordan.lopez.2131@example.com,2023-05-31,2024-02-12 10:04:41,8495.18,true,Enterprise
2132,Taylor,Kim,taylor.kim.2132@example.com,2024-09-06,2024-12-29 01:04:08,1486.16,true,Free
2133,Casey,Smith,casey.smith.2133@example.com,2024-05-05,2024-07-04 09:56:04,578.91,true,Pro
2134,Morgan,Singh,morgan.singh.2134@example.com,2025-04-07,2025-12-17 21:27:06,3194.38,true,Team
2135,Riley,Müller,riley.müller.2135@example.com,2025-01-18,2025-11-17 09:41:11,7580.57,true,Enterprise
2136,Avery,Patel,avery.patel.2136@example.com,2023-01-09,2023-04-02 14:00:26,4909.61,true,Free
2137,Quinn,Brown,quinn.brown.2137@example.com,2023-11-21,2024-10-06 21:55:40,6132.16,true,Pro
2138,Sasha,Johnson,sasha.johnson.2138@example.com,2025-03-21,2025-05-23 22:19:22,6201.82,true,Team
2139,Drew,Garcia,drew.garcia.2139@example.com,2023-09-08,2024-06-03 12:53:53,5740.62,true,Enterprise
2140,Alex,Nguyen,alex.nguyen.2140@example.com,2025-06-30,2025-07-11 22:09:32,9283.35,true,Free
2141,Jordan,Lopez,jordan.lopez.2141@example.com,2025-03-19,2025-12-06 16:24:35,764.67,false,Pro
2142,Taylor,Kim,taylor.kim.2142@example.com,2024-02-08,2024-03-06 18:27:06,1054.57,false,Team
2143,Casey,Smith,casey.smith.2143@example.com,2023-01-09,2023-01-19 14:38:09,3204.50,true,Enterprise
2144,Morgan,Singh,morgan.singh.2144@example.com,2025-01-04,2025-06-17 08:36:47,3092.35,false,Free
2145,Riley,Müller,riley.müller.2145@example.com,2025-04-22,2025-08-26 21:22:42,8620.83,true,Pro
2146,Avery,Patel,avery.patel.2146@example.com,2025-01-02,2025-12-31 03:49:01,8459.54,false,Team
2147,Quinn,Brown,quinn.brown.2147@example.com,2026-04-09,2027-01-18 04:00:27,4278.03,false,Enterprise
2148,Sasha,Johnson,sasha.johnson.2148@example.com,2023-10-18,2023-11-14 01:09:57,732.06,true,Free
2149,Drew,Garcia,drew.garcia.2149@example.com,2026-01-22,2026-10-12 10:50:23,6156.50,true,Pro
2150,Alex,Nguyen,alex.nguyen.2150@example.com,2023-11-18,2024-09-01 08:51:51,6133.92,false,Team
2151,Jordan,Lopez,jordan.lopez.2151@example.com,2024-12-06,2025-02-28 10:32:33,4625.06,true,Enterprise
2152,Taylor,Kim,taylor.kim.2152@example.com,2024-05-02,2024-06-12 16:16:35,3741.18,false,Free
2153,Casey,Smith,casey.smith.2153@example.com,2024-05-15,2024-08-22 21:29:31,26.34,true,Pro
2154,Morgan,Singh,morgan.singh.2154@example.com,2024-11-16,2025-03-12 12:30:47,2143.93,true,Team
2155,Riley,Müller,riley.müller.2155@example.com,2025-05-09,2025-10-29 15:09:23,8370.10,true,Enterprise
2156,Avery,Patel,avery.patel.2156@example.com,2023-10-12,2024-06-29 07:56:04,3264.42,true,Free
2157,Quinn,Brown,quinn.brown.2157@example.com,2023-02-21,2023-10-04 19:41:46,5350.47,true,Pro
2158,Sasha,Johnson,sasha.johnson.2158@example.com,2025-08-19,2026-01-04 07:01:10,2347.96,true,Team
2159,Drew,Garcia,drew.garcia.2159@example.com,2026-01-11,2026-06-19 17:18:49,6705.16,false,Enterprise
2160,Alex,Nguyen,alex.nguyen.2160@example.com,2025-06-07,2025-09-16 20:11:30,5778.74,true,Free
2161,Jordan,Lopez,jordan.lopez.2161@example.com,2026-03-17,2026-04-15 14:10:27,5414.55,true,Pro
2162,Taylor,Kim,taylor.kim.2162@example.com,2025-10-19,2025-12-16 22:53:06,8603.69,true,Team
2163,Casey,Smith,casey.smith.2163@example.com,2023-02-25,2023-07-02 05:06:20,6834.03,false,Enterprise
2164,Morgan,Singh,morgan.singh.2164@example.com,2023-04-28,2023-09-27 01:53:28,5271.60,true,Free
2165,Riley,Müller,riley.müller.2165@example.com,2025-12-15,2026-09-11 16:47:03,7336.08,true,Pro
2166,Avery,Patel,avery.patel.2166@example.com,2024-11-23,2025-06-25 22:32:44,817.78,false,Team
2167,Quinn,Brown,quinn.brown.2167@example.com,2026-01-26,2026-08-10 15:14:09,4239.61,false,Enterprise
2168,Sasha,Johnson,sasha.johnson.2168@example.com,2024-06-01,2024-06-15 15:59:27,4020.87,false,Free
2169,Drew,Garcia,drew.garcia.2169@example.com,2023-10-29,2024-08-03 22:42:16,2477.95,true,Pro
2170,Alex,Nguyen,alex.nguyen.2170@example.com,2024-06-16,2025-04-08 21:16:07,8008.20,true,Team
2171,Jordan,Lopez,jordan.lopez.2171@example.com,2025-08-07,2026-01-28 09:06:04,2505.04,true,Enterprise
2172,Taylor,Kim,taylor.kim.2172@example.com,2025-10-22,2026-03-03 19:31:25,395.18,true,Free
2173,Casey,Smith,casey.smith.2173@example.com,2024-03-19,2025-03-16 16:44:20,6019.64,false,Pro
2174,Morgan,Singh,morgan.singh.2174@example.com,2025-01-22,2025-02-26 18:27:28,116.02,true,Team
2175,Riley,Müller,riley.müller.2175@example.com,2024-12-09,2024-12-19 19:00:25,8714.88,true,Enterprise
2176,Avery,Patel,avery.patel.2176@example.com,2025-04-28,2025-04-30 07:45:04,6858.19,true,Free
2177,Quinn,Brown,quinn.brown.2177@example.com,2025-12-23,2026-07-02 18:07:13,6450.83,true,Pro
2178,Sasha,Johnson,sasha.johnson.2178@example.com,2024-10-01,2025-04-25 15:14:57,6813.58,false,Team
2179,Drew,Garcia,drew.garcia.2179@example.com,2025-08-30,2026-01-09 17:23:45,8198.74,false,Enterprise
2180,Alex,Nguyen,alex.nguyen.2180@example.com,2026-02-27,2026-04-15 06:27:13,6994.45,false,Free
2181,Jordan,Lopez,jordan.lopez.2181@example.com,2023-07-17,2024-01-19 20:49:45,3722.66,true,Pro
2182,Taylor,Kim,taylor.kim.2182@example.com,2026-02-17,2027-02-17 02:43:03,9642.49,true,Team
2183,Casey,Smith,casey.smith.2183@example.com,2025-01-24,2025-03-28 05:16:57,4390.96,true,Enterprise
2184,Morgan,Singh,morgan.singh.2184@example.com,2025-04-20,2026-03-29 13:07:43,2919.53,true,Free
2185,Riley,Müller,riley.müller.2185@example.com,2026-03-20,2026-07-31 05:07:19,6458.76,true,Pro
2186,Avery,Patel,avery.patel.2186@example.com,2024-07-27,2025-02-22 17:15:36,3982.16,true,Team
2187,Quinn,Brown,quinn.brown.2187@example.com,2024-09-11,2025-09-08 20:58:45,5293.65,true,Enterprise
2188,Sasha,Johnson,sasha.johnson.2188@example.com,2024-03-24,2024-11-25 12:54:13,715.89,true,Free
2189,Drew,Garcia,drew.garcia.2189@example.com,2023-12-26,2024-01-01 07:16:22,8113.76,true,Pro
2190,Alex,Nguyen,alex.nguyen.2190@example.com,2023-01-08,2023-01-19 07:04:27,3425.85,true,Team
2191,Jordan,Lopez,jordan.lopez.2191@example.com,2023-03-05,2023-07-22 03:14:06,1589.93,true,Enterprise
2192,Taylor,Kim,taylor.kim.2192@example.com,2023-12-18,2024-03-14 00:05:22,5482.11,true,Free
2193,Casey,Smith,casey.smith.2193@example.com,2025-05-24,2026-02-23 18:53:37,456.13,true,Pro
2194,Morgan,Singh,morgan.singh.2194@example.com,2025-11-29,2026-09-07 06:57:28,4433.49,true,Team
2195,Riley,Müller,riley.müller.2195@example.com,2024-02-02,2024-09-24 06:57:49,7404.83,false,Enterprise
2196,Avery,Patel,avery.patel.2196@example.com,2024-08-07,2024-09-26 09:25:55,2529.76,true,Free
2197,Quinn,Brown,quinn.brown.2197@example.com,2024-05-03,2024-05-04 06:41:44,1159.08,true,Pro
2198,Sasha,Johnson,sasha.johnson.2198@example.com,2025-02-09,2025-02-25 12:19:18,1734.15,true,Team
2199,Drew,Garcia,drew.garcia.2199@example.com,2026-03-01,2026-09-30 05:25:52,4835.13,true,Enterprise
2200,Alex,Nguyen,alex.nguyen.2200@example.com,2024-04-09,2024-07-24 10:20:32,9893.30,true,Free
2201,Jordan,Lopez,jordan.lopez.2201@example.com,2025-10-01,2026-06-14 03:55:43,3026.13,true,Pro
2202,Taylor,Kim,taylor.kim.2202@example.com,2024-12-26,2025-02-25 15:30:19,591.13,true,Team
2203,Casey,Smith,casey.smith.2203@example.com,2023-04-25,2023-06-11 15:58:05,8987.58,true,Enterprise
2204,Morgan,Singh,morgan.singh.2204@example.com,2026-04-07,2026-10-21 22:14:35,5845.93,true,Free
2205,Riley,Müller,riley.müller.2205@example.com,2024-07-31,2024-11-16 21:40:27,534.91,true,Pro
2206,Avery,Patel,avery.patel.2206@example.com,2025-04-14,2026-03-25 05:47:21,4551.71,false,Team
2207,Quinn,Brown,quinn.brown.2207@example.com,2026-01-04,2026-10-16 00:21:57,6506.22,true,Enterprise
2208,Sasha,Johnson,sasha.johnson.2208@example.com,2025-11-14,2026-04-24 12:50:14,1540.17,false,Free
2209,Drew,Garcia,drew.garcia.2209@example.com,2023-06-03,2024-03-03 01:10:00,5685.14,true,Pro
2210,Alex,Nguyen,alex.nguyen.2210@example.com,2025-02-21,2025-10-18 12:34:47,24.65,true,Team
2211,Jordan,Lopez,jordan.lopez.2211@example.com,2023-04-24,2024-04-10 15:06:30,6922.03,false,Enterprise
2212,Taylor,Kim,taylor.kim.2212@example.com,2023-07-04,2023-07-19 15:18:25,9480.77,true,Free
2213,Casey,Smith,casey.smith.2213@example.com,2023-02-02,2023-08-02 20:40:25,5058.24,true,Pro
2214,Morgan,Singh,morgan.singh.2214@example.com,2023-07-07,2024-03-18 08:29:39,6774.39,true,Team
2215,Riley,Müller,riley.müller.2215@example.com,2026-04-19,2027-03-09 01:10:30,5503.21,true,Enterprise
2216,Avery,Patel,avery.patel.2216@example.com,2024-05-13,2024-05-26 18:40:31,7256.83,true,Free
2217,Quinn,Brown,quinn.brown.2217@example.com,2026-03-05,2026-06-28 13:51:32,9457.14,true,Pro
2218,Sasha,Johnson,sasha.johnson.2218@example.com,2025-10-06,2026-03-20 08:43:09,6695.27,true,Team
2219,Drew,Garcia,drew.garcia.2219@example.com,2023-06-16,2023-10-30 06:47:56,4819.89,true,Enterprise
2220,Alex,Nguyen,alex.nguyen.2220@example.com,2024-05-29,2024-08-22 01:42:40,6686.80,true,Free
2221,Jordan,Lopez,jordan.lopez.2221@example.com,2024-12-16,2025-04-23 14:35:57,5247.52,false,Pro
2222,Taylor,Kim,taylor.kim.2222@example.com,2024-09-06,2025-07-30 13:13:45,5935.71,true,Team
2223,Casey,Smith,casey.smith.2223@example.com,2025-12-18,2026-04-05 03:07:21,1615.26,false,Enterprise
2224,Morgan,Singh,morgan.singh.2224@example.com,2025-05-12,2025-12-06 12:22:19,4654.19,true,Free
2225,Riley,Müller,riley.müller.2225@example.com,2026-04-02,2026-08-27 01:30:07,4055.56,true,Pro
2226,Avery,Patel,avery.patel.2226@example.com,2023-04-22,2023-11-24 13:22:04,4547.04,true,Team
2227,Quinn,Brown,quinn.brown.2227@example.com,2023-11-06,2024-01-29 22:24:16,923.25,true,Enterprise
2228,Sasha,Johnson,sasha.johnson.2228@example.com,2024-07-28,2025-03-29 18:15:55,3476.20,true,Free
2229,Drew,Garcia,drew.garcia.2229@example.com,2025-07-15,2025-07-25 06:40:25,560.71,true,Pro
2230,Alex,Nguyen,alex.nguyen.2230@example.com,2024-02-21,2024-09-08 20:47:49,12.06,true,Team
2231,Jordan,Lopez,jordan.lopez.2231@example.com,2024-09-22,2024-12-19 10:43:42,9521.39,true,Enterprise
2232,Taylor,Kim,taylor.kim.2232@example.com,2023-03-30,2023-07-05 01:16:48,8211.62,true,Free
2233,Casey,Smith,casey.smith.2233@example.com,2025-06-24,2026-02-23 05:24:40,6133.21,true,Pro
2234,Morgan,Singh,morgan.singh.2234@example.com,2025-06-28,2025-06-30 04:00:54,4226.51,false,Team
2235,Riley,Müller,riley.müller.2235@example.com,2026-01-11,2026-11-10 07:35:19,7558.87,true,Enterprise
2236,Avery,Patel,avery.patel.2236@example.com,2026-04-14,2026-12-17 15:26:10,1515.52,false,Free
2237,Quinn,Brown,quinn.brown.2237@example.com,2026-01-18,2026-08-14 20:34:49,9180.30,false,Pro
2238,Sasha,Johnson,sasha.johnson.2238@example.com,2025-09-26,2026-09-10 02:43:35,2404.56,true,Team
2239,Drew,Garcia,drew.garcia.2239@example.com,2024-05-10,2025-01-26 08:02:01,6656.82,true,Enterprise
2240,Alex,Nguyen,alex.nguyen.2240@example.com,2024-12-19,2025-11-22 19:17:23,4709.74,true,Free
2241,Jordan,Lopez,jordan.lopez.2241@example.com,2024-10-08,2024-11-07 10:42:19,285.02,true,Pro
2242,Taylor,Kim,taylor.kim.2242@example.com,2025-10-09,2026-03-21 08:19:59,7238.50,true,Team
2243,Casey,Smith,casey.smith.2243@example.com,2025-07-23,2026-04-06 08:03:39,2597.08,false,Enterprise
2244,Morgan,Singh,morgan.singh.2244@example.com,2025-12-17,2026-03-09 18:53:20,237.24,true,Free
2245,Riley,Müller,riley.müller.2245@example.com,2025-10-31,2026-04-09 11:11:12,1142.66,true,Pro
2246,Avery,Patel,avery.patel.2246@example.com,2024-12-23,2025-09-01 08:02:33,1308.15,true,Team
2247,Quinn,Brown,quinn.brown.2247@example.com,2023-02-15,2024-01-13 10:02:55,578.51,true,Enterprise
2248,Sasha,Johnson,sasha.johnson.2248@example.com,2025-11-22,2026-01-19 00:00:57,1434.02,true,Free
2249,Drew,Garcia,drew.garcia.2249@example.com,2026-01-14,2026-12-22 13:25:24,8764.29,false,Pro
2250,Alex,Nguyen,alex.nguyen.2250@example.com,2025-10-07,2026-10-06 20:10:31,567.77,true,Team
2251,Jordan,Lopez,jordan.lopez.2251@example.com,2023-07-07,2024-01-30 07:43:01,9267.36,true,Enterprise
2252,Taylor,Kim,taylor.kim.2252@example.com,2024-08-17,2025-05-26 11:02:23,1007.78,true,Free
2253,Casey,Smith,casey.smith.2253@example.com,2024-04-24,2024-05-30 01:13:22,5675.49,true,Pro
2254,Morgan,Singh,morgan.singh.2254@example.com,2024-01-07,2024-09-15 14:53:01,440.17,false,Team
2255,Riley,Müller,riley.müller.2255@example.com,2023-01-18,2023-04-20 13:28:59,388.61,false,Enterprise
2256,Avery,Patel,avery.patel.2256@example.com,2024-07-29,2025-01-29 06:59:44,2335.20,true,Free
2257,Quinn,Brown,quinn.brown.2257@example.com,2023-03-22,2024-02-03 20:54:59,5841.99,true,Pro
2258,Sasha,Johnson,sasha.johnson.2258@example.com,2026-02-23,2027-01-05 03:33:01,9802.14,true,Team
2259,Drew,Garcia,drew.garcia.2259@example.com,2023-03-13,2023-06-01 11:08:38,9411.03,true,Enterprise
2260,Alex,Nguyen,alex.nguyen.2260@example.com,2023-02-15,2023-12-21 11:27:05,8312.41,false,Free
2261,Jordan,Lopez,jordan.lopez.2261@example.com,2023-09-03,2024-05-15 09:56:56,5836.51,true,Pro
2262,Taylor,Kim,taylor.kim.2262@example.com,2026-04-16,2026-09-14 11:16:35,4988.07,true,Team
2263,Casey,Smith,casey.smith.2263@example.com,2024-01-26,2024-10-22 10:13:32,9791.75,true,Enterprise
2264,Morgan,Singh,morgan.singh.2264@example.com,2024-09-25,2025-05-06 23:33:20,8516.43,false,Free
2265,Riley,Müller,riley.müller.2265@example.com,2023-03-13,2023-05-22 13:41:24,2526.47,true,Pro
2266,Avery,Patel,avery.patel.2266@example.com,2024-05-06,2025-02-12 07:56:18,3228.38,true,Team
2267,Quinn,Brown,quinn.brown.2267@example.com,2023-11-28,2024-01-12 14:49:05,811.27,false,Enterprise
2268,Sasha,Johnson,sasha.johnson.2268@example.com,2025-01-16,2026-01-14 01:58:06,8963.79,true,Free
2269,Drew,Garcia,drew.garcia.2269@example.com,2024-03-11,2024-11-29 04:03:19,3406.80,false,Pro
2270,Alex,Nguyen,alex.nguyen.2270@example.com,2024-07-05,2025-03-06 02:53:06,2763.36,true,Team
2271,Jordan,Lopez,jordan.lopez.2271@example.com,2025-02-23,2025-03-26 02:59:24,4676.92,true,Enterprise
2272,Taylor,Kim,taylor.kim.2272@example.com,2023-01-22,2023-10-05 18:49:24,2669.16,true,Free
2273,Casey,Smith,casey.smith.2273@example.com,2024-09-30,2025-05-23 06:28:42,2027.21,true,Pro
2274,Morgan,Singh,morgan.singh.2274@example.com,2023-09-29,2024-07-31 02:31:11,4089.58,true,Team
2275,Riley,Müller,riley.müller.2275@example.com,2024-02-05,2025-01-10 00:33:35,34.53,true,Enterprise
2276,Avery,Patel,avery.patel.2276@example.com,2023-11-04,2024-05-29 09:08:52,2160.14,true,Free
2277,Quinn,Brown,quinn.brown.2277@example.com,2023-07-03,2023-08-21 16:27:34,598.72,true,Pro
2278,Sasha,Johnson,sasha.johnson.2278@example.com,2023-07-02,2024-01-11 19:59:15,1720.93,true,Team
2279,Drew,Garcia,drew.garcia.2279@example.com,2023-05-04,2024-02-26 01:39:45,8145.39,true,Enterprise
2280,Alex,Nguyen,alex.nguyen.2280@example.com,2024-06-22,2025-04-05 03:28:10,3772.33,true,Free
2281,Jordan,Lopez,jordan.lopez.2281@example.com,2023-06-17,2024-01-20 09:27:51,7356.46,true,Pro
2282,Taylor,Kim,taylor.kim.2282@example.com,2025-02-24,2025-06-05 11:52:36,9595.15,true,Team
2283,Casey,Smith,casey.smith.2283@example.com,2024-02-20,2024-03-09 02:24:09,1112.26,false,Enterprise
2284,Morgan,Singh,morgan.singh.2284@example.com,2024-10-24,2025-10-05 05:30:34,5423.64,true,Free
2285,Riley,Müller,riley.müller.2285@example.com,2024-05-25,2024-09-09 12:04:10,1729.81,true,Pro
2286,Avery,Patel,avery.patel.2286@example.com,2023-05-21,2024-02-16 23:43:03,8525.24,true,Team
2287,Quinn,Brown,quinn.brown.2287@example.com,2025-06-22,2025-09-14 00:02:50,1306.85,true,Enterprise
2288,Sasha,Johnson,sasha.johnson.2288@example.com,2024-07-07,2025-05-20 02:22:26,3409.29,true,Free
2289,Drew,Garcia,drew.garcia.2289@example.com,2025-10-10,2026-06-19 06:03:50,8986.33,false,Pro
2290,Alex,Nguyen,alex.nguyen.2290@example.com,2024-07-19,2025-05-19 21:34:52,4155.64,false,Team
2291,Jordan,Lopez,jordan.lopez.2291@example.com,2023-09-23,2024-06-29 00:33:37,4967.20,true,Enterprise
2292,Taylor,Kim,taylor.kim.2292@example.com,2025-01-11,2025-01-31 05:13:38,1829.33,true,Free
2293,Casey,Smith,casey.smith.2293@example.com,2023-09-02,2024-04-02 03:29:49,6657.89,true,Pro
2294,Morgan,Singh,morgan.singh.2294@example.com,2024-08-12,2025-02-24 16:34:28,7180.93,true,Team
2295,Riley,Müller,riley.müller.2295@example.com,2026-03-19,2027-01-03 05:40:27,7513.75,false,Enterprise
2296,Avery,Patel,avery.patel.2296@example.com,2026-01-31,2026-07-09 22:46:58,7169.72,true,Free
2297,Quinn,Brown,quinn.brown.2297@example.com,2023-02-04,2023-08-05 04:50:12,3551.57,true,Pro
2298,Sasha,Johnson,sasha.johnson.2298@example.com,2024-06-28,2025-03-24 23:36:29,7708.51,true,Team
2299,Drew,Garcia,drew.garcia.2299@example.com,2024-06-25,2025-04-28 23:09:33,7787.72,true,Enterprise
2300,Alex,Nguyen,alex.nguyen.2300@example.com,2025-01-29,2025-10-07 13:33:13,7000.72,true,Free
2301,Jordan,Lopez,jordan.lopez.2301@example.com,2023-01-17,2023-01-25 13:15:11,8005.37,true,Pro
2302,Taylor,Kim,taylor.kim.2302@example.com,2023-10-03,2024-02-05 15:42:19,7465.63,true,Team
2303,Casey,Smith,casey.smith.2303@example.com,2023-06-21,2024-04-06 19:20:48,5982.53,true,Enterprise
2304,Morgan,Singh,morgan.singh.2304@example.com,2024-10-04,2025-09-08 06:28:10,1521.52,true,Free
2305,Riley,Müller,riley.müller.2305@example.com,2023-09-01,2024-02-13 21:43:49,9661.75,true,Pro
2306,Avery,Patel,avery.patel.2306@example.com,2023-09-17,2024-06-09 01:14:49,2194.29,true,Team
2307,Quinn,Brown,quinn.brown.2307@example.com,2023-03-12,2023-10-09 11:14:22,7613.37,true,Enterprise
2308,Sasha,Johnson,sasha.johnson.2308@example.com,2023-03-22,2023-09-12 06:10:07,6766.55,true,Free
2309,Drew,Garcia,drew.garcia.2309@example.com,2025-06-01,2026-03-18 13:32:24,6577.15,true,Pro
2310,Alex,Nguyen,alex.nguyen.2310@example.com,2025-07-25,2026-06-27 17:30:38,6379.46,true,Team
2311,Jordan,Lopez,jordan.lopez.2311@example.com,2026-03-31,2026-08-29 19:06:19,3457.28,true,Enterprise
2312,Taylor,Kim,taylor.kim.2312@example.com,2025-09-05,2026-06-24 07:49:41,9545.30,true,Free
2313,Casey,Smith,casey.smith.2313@example.com,2025-04-17,2026-03-12 12:49:30,6930.93,true,Pro
2314,Morgan,Singh,morgan.singh.2314@example.com,2025-08-11,2025-08-24 20:11:50,9505.30,true,Team
2315,Riley,Müller,riley.müller.2315@example.com,2024-05-08,2025-01-11 17:28:58,2363.94,true,Enterprise
2316,Avery,Patel,avery.patel.2316@example.com,2025-11-25,2026-10-30 11:53:02,2777.06,true,Free
2317,Quinn,Brown,quinn.brown.2317@example.com,2024-01-16,2024-07-21 05:38:13,9671.28,true,Pro
2318,Sasha,Johnson,sasha.johnson.2318@example.com,2023-03-27,2023-04-10 16:14:42,9046.57,true,Team
2319,Drew,Garcia,drew.garcia.2319@example.com,2024-12-28,2025-09-24 00:59:11,7444.81,true,Enterprise
2320,Alex,Nguyen,alex.nguyen.2320@example.com,2025-04-24,2025-12-31 08:16:42,4312.33,true,Free
2321,Jordan,Lopez,jordan.lopez.2321@example.com,2024-03-16,2024-09-19 13:36:11,6822.88,false,Pro
2322,Taylor,Kim,taylor.kim.2322@example.com,2023-02-18,2023-03-07 16:23:44,6994.29,true,Team
2323,Casey,Smith,casey.smith.2323@example.com,2025-09-08,2026-02-23 08:44:11,714.11,true,Enterprise
2324,Morgan,Singh,morgan.singh.2324@example.com,2023-02-11,2023-04-21 08:57:17,4732.49,true,Free
2325,Riley,Müller,riley.müller.2325@example.com,2025-11-23,2026-10-04 23:40:03,5983.73,true,Pro
2326,Avery,Patel,avery.patel.2326@example.com,2024-03-11,2024-11-21 18:03:02,7146.14,true,Team
2327,Quinn,Brown,quinn.brown.2327@example.com,2023-06-21,2023-11-23 02:06:03,6889.62,true,Enterprise
2328,Sasha,Johnson,sasha.johnson.2328@example.com,2023-08-12,2024-05-30 12:53:27,6223.10,true,Free
2329,Drew,Garcia,drew.garcia.2329@example.com,2025-06-07,2026-02-06 20:20:15,3452.81,true,Pro
2330,Alex,Nguyen,alex.nguyen.2330@example.com,2025-05-26,2026-01-28 13:16:27,3937.42,false,Team
2331,Jordan,Lopez,jordan.lopez.2331@example.com,2024-07-13,2024-09-11 00:34:31,6450.02,true,Enterprise
2332,Taylor,Kim,taylor.kim.2332@example.com,2025-03-31,2025-08-11 04:37:30,8229.00,true,Free
2333,Casey,Smith,casey.smith.2333@example.com,2024-12-19,2025-05-13 03:26:49,1254.18,true,Pro
2334,Morgan,Singh,morgan.singh.2334@example.com,2025-08-15,2026-04-15 07:20:30,1805.12,true,Team
2335,Riley,Müller,riley.müller.2335@example.com,2024-11-08,2025-09-29 18:06:05,2849.45,true,Enterprise
2336,Avery,Patel,avery.patel.2336@example.com,2023-05-22,2024-01-20 02:35:18,8890.89,true,Free
2337,Quinn,Brown,quinn.brown.2337@example.com,2026-03-23,2026-04-07 23:30:24,182.28,true,Pro
2338,Sasha,Johnson,sasha.johnson.2338@example.com,2024-11-05,2025-01-21 13:23:20,9036.88,false,Team
2339,Drew,Garcia,drew.garcia.2339@example.com,2024-09-25,2024-11-04 14:07:50,3403.83,true,Enterprise
2340,Alex,Nguyen,alex.nguyen.2340@example.com,2024-03-22,2024-10-24 06:32:29,6093.42,true,Free
2341,Jordan,Lopez,jordan.lopez.2341@example.com,2024-05-26,2025-03-12 02:05:35,9923.83,true,Pro
2342,Taylor,Kim,taylor.kim.2342@example.com,2023-06-23,2024-04-30 09:02:33,1605.92,true,Team
2343,Casey,Smith,casey.smith.2343@example.com,2023-07-28,2024-03-27 08:34:33,9846.60,false,Enterprise
2344,Morgan,Singh,morgan.singh.2344@example.com,2024-09-10,2025-08-18 23:09:33,7373.36,true,Free
2345,Riley,Müller,riley.müller.2345@example.com,2025-05-05,2025-05-30 09:36:12,4385.37,true,Pro
2346,Avery,Patel,avery.patel.2346@example.com,2023-03-31,2023-06-20 03:16:40,3857.76,true,Team
2347,Quinn,Brown,quinn.brown.2347@example.com,2026-02-04,2026-03-30 09:05:19,6401.51,true,Enterprise
2348,Sasha,Johnson,sasha.johnson.2348@example.com,2025-08-02,2026-01-22 03:09:49,1448.99,true,Free
2349,Drew,Garcia,drew.garcia.2349@example.com,2023-05-13,2023-10-20 09:07:00,5680.43,true,Pro
2350,Alex,Nguyen,alex.nguyen.2350@example.com,2023-02-03,2023-11-30 14:33:33,51.39,true,Team
2351,Jordan,Lopez,jordan.lopez.2351@example.com,2023-12-28,2024-12-15 12:35:37,6419.13,true,Enterprise
2352,Taylor,Kim,taylor.kim.2352@example.com,2026-02-27,2027-01-20 06:39:58,8250.92,true,Free
2353,Casey,Smith,casey.smith.2353@example.com,2025-12-04,2026-03-31 10:27:19,7633.74,true,Pro
2354,Morgan,Singh,morgan.singh.2354@example.com,2024-10-02,2025-03-30 01:56:25,907.33,true,Team
2355,Riley,Müller,riley.müller.2355@example.com,2025-10-30,2026-09-16 23:34:07,2142.91,false,Enterprise
2356,Avery,Patel,avery.patel.2356@example.com,2023-09-08,2024-07-20 18:17:41,9996.53,true,Free
2357,Quinn,Brown,quinn.brown.2357@example.com,2025-04-20,2025-06-24 00:05:13,1920.70,true,Pro
2358,Sasha,Johnson,sasha.johnson.2358@example.com,2025-05-16,2026-01-16 03:22:53,6479.50,true,Team
2359,Drew,Garcia,drew.garcia.2359@example.com,2023-07-12,2024-01-31 16:58:46,3527.12,false,Enterprise
2360,Alex,Nguyen,alex.nguyen.2360@example.com,2024-07-10,2024-10-05 14:49:10,2263.63,true,Free
2361,Jordan,Lopez,jordan.lopez.2361@example.com,2024-05-17,2024-07-16 13:49:52,8580.59,true,Pro
2362,Taylor,Kim,taylor.kim.2362@example.com,2024-04-10,2024-11-30 15:21:17,140.34,true,Team
2363,Casey,Smith,casey.smith.2363@example.com,2025-10-16,2026-06-29 11:40:22,9063.75,true,Enterprise
2364,Morgan,Singh,morgan.singh.2364@example.com,2023-09-18,2024-05-02 22:27:54,1610.12,true,Free
2365,Riley,Müller,riley.müller.2365@example.com,2025-05-17,2025-06-13 06:54:37,2972.35,false,Pro
2366,Avery,Patel,avery.patel.2366@example.com,2023-05-11,2023-11-14 03:24:43,3976.97,true,Team
2367,Quinn,Brown,quinn.brown.2367@example.com,2023-03-02,2023-08-10 16:14:19,5993.67,true,Enterprise
2368,Sasha,Johnson,sasha.johnson.2368@example.com,2023-11-30,2024-04-28 10:49:52,7298.07,true,Free
2369,Drew,Garcia,drew.garcia.2369@example.com,2024-08-11,2025-05-31 07:00:12,6754.84,true,Pro
2370,Alex,Nguyen,alex.nguyen.2370@example.com,2026-04-08,2026-08-25 01:23:27,3656.69,true,Team
2371,Jordan,Lopez,jordan.lopez.2371@example.com,2025-12-19,2026-03-20 09:20:03,5795.80,true,Enterprise
2372,Taylor,Kim,taylor.kim.2372@example.com,2025-03-15,2025-08-16 17:07:29,3295.87,true,Free
2373,Casey,Smith,casey.smith.2373@example.com,2023-08-05,2024-07-21 00:12:42,309.29,true,Pro
2374,Morgan,Singh,morgan.singh.2374@example.com,2023-12-26,2024-12-11 01:25:50,7787.68,false,Team
2375,Riley,Müller,riley.müller.2375@example.com,2024-11-11,2025-01-07 04:08:08,5976.52,true,Enterprise
2376,Avery,Patel,avery.patel.2376@example.com,2023-10-05,2024-03-08 10:42:59,6678.21,true,Free
2377,Quinn,Brown,quinn.brown.2377@example.com,2025-01-13,2025-08-10 14:44:01,6687.72,true,Pro
2378,Sasha,Johnson,sasha.johnson.2378@example.com,2024-05-02,2024-08-03 11:11:44,4289.96,true,Team
2379,Drew,Garcia,drew.garcia.2379@example.com,2025-11-09,2026-03-24 21:07:18,8218.95,true,Enterprise
2380,Alex,Nguyen,alex.nguyen.2380@example.com,2024-07-29,2024-12-03 04:08:50,5114.63,true,Free
2381,Jordan,Lopez,jordan.lopez.2381@example.com,2025-03-30,2025-08-15 21:36:39,317.55,true,Pro
2382,Taylor,Kim,taylor.kim.2382@example.com,2024-08-27,2024-10-24 21:40:47,7988.72,true,Team
2383,Casey,Smith,casey.smith.2383@example.com,2025-11-14,2026-11-02 08:00:55,5537.25,true,Enterprise
2384,Morgan,Singh,morgan.singh.2384@example.com,2024-04-28,2025-03-29 16:53:03,9820.35,true,Free
2385,Riley,Müller,riley.müller.2385@example.com,2025-12-08,2025-12-25 18:35:16,6754.52,true,Pro
2386,Avery,Patel,avery.patel.2386@example.com,2025-09-03,2025-12-19 20:06:36,1178.06,true,Team
2387,Quinn,Brown,quinn.brown.2387@example.com,2025-06-01,2025-07-13 08:53:47,8871.40,true,Enterprise
2388,Sasha,Johnson,sasha.johnson.2388@example.com,2024-02-04,2024-05-05 12:29:18,3593.64,true,Free
2389,Drew,Garcia,drew.garcia.2389@example.com,2023-03-25,2023-04-24 20:53:54,2101.88,true,Pro
2390,Alex,Nguyen,alex.nguyen.2390@example.com,2025-12-27,2026-03-18 01:43:48,6919.73,false,Team
2391,Jordan,Lopez,jordan.lopez.2391@example.com,2025-10-13,2026-06-11 10:51:41,1403.91,false,Enterprise
2392,Taylor,Kim,taylor.kim.2392@example.com,2025-07-17,2026-05-23 14:05:18,3469.90,false,Free
2393,Casey,Smith,casey.smith.2393@example.com,2024-04-21,2024-10-01 22:14:12,1663.55,true,Pro
2394,Morgan,Singh,morgan.singh.2394@example.com,2023-03-22,2024-03-01 06:30:57,3391.78,false,Team
2395,Riley,Müller,riley.müller.2395@example.com,2024-03-17,2024-06-11 11:48:37,9448.98,true,Enterprise
2396,Avery,Patel,avery.patel.2396@example.com,2025-06-16,2026-04-28 07:38:44,7899.75,true,Free
2397,Quinn,Brown,quinn.brown.2397@example.com,2023-02-06,2023-08-19 02:26:42,6609.63,true,Pro
2398,Sasha,Johnson,sasha.johnson.2398@example.com,2023-08-07,2023-08-16 01:05:52,2208.39,true,Team
2399,Drew,Garcia,drew.garcia.2399@example.com,2025-01-03,2025-08-12 19:16:03,3661.13,true,Enterprise
2400,Alex,Nguyen,alex.nguyen.2400@example.com,2025-03-22,2025-10-21 19:55:32,6640.46,true,Free
2401,Jordan,Lopez,jordan.lopez.2401@example.com,2023-03-28,2024-01-09 01:32:26,6265.41,true,Pro
2402,Taylor,Kim,taylor.kim.2402@example.com,2024-11-30,2025-08-20 13:06:45,4123.40,true,Team
2403,Casey,Smith,casey.smith.2403@example.com,2024-08-18,2025-01-09 10:13:46,7327.94,true,Enterprise
2404,Morgan,Singh,morgan.singh.2404@example.com,2023-09-17,2024-08-05 01:07:34,7778.39,false,Free
2405,Riley,Müller,riley.müller.2405@example.com,2024-06-13,2025-04-19 21:28:15,9924.35,true,Pro
2406,Avery,Patel,avery.patel.2406@example.com,2024-05-02,2024-08-09 14:46:33,8044.12,true,Team
2407,Quinn,Brown,quinn.brown.2407@example.com,2024-01-06,2024-06-27 01:40:06,1064.50,true,Enterprise
2408,Sasha,Johnson,sasha.johnson.2408@example.com,2024-10-11,2024-10-15 13:12:33,5659.81,true,Free
2409,Drew,Garcia,drew.garcia.2409@example.com,2025-03-31,2025-06-12 23:45:22,4294.83,true,Pro
2410,Alex,Nguyen,alex.nguyen.2410@example.com,2023-06-01,2023-06-20 02:44:02,4487.86,true,Team
2411,Jordan,Lopez,jordan.lopez.2411@example.com,2025-02-11,2025-03-10 20:58:36,4951.88,true,Enterprise
2412,Taylor,Kim,taylor.kim.2412@example.com,2025-07-27,2026-02-04 06:23:18,7694.35,true,Free
2413,Casey,Smith,casey.smith.2413@example.com,2024-07-04,2025-03-23 01:21:23,2975.34,false,Pro
2414,Morgan,Singh,morgan.singh.2414@example.com,2023-11-12,2024-06-03 23:14:32,5642.59,true,Team
2415,Riley,Müller,riley.müller.2415@example.com,2025-02-14,2025-04-05 12:52:21,6163.69,true,Enterprise
2416,Avery,Patel,avery.patel.2416@example.com,2024-11-21,2025-04-08 06:35:24,4026.52,true,Free
2417,Quinn,Brown,quinn.brown.2417@example.com,2024-09-27,2024-10-22 10:45:03,6869.63,false,Pro
2418,Sasha,Johnson,sasha.johnson.2418@example.com,2024-01-04,2024-10-08 21:22:20,5985.89,true,Team
2419,Drew,Garcia,drew.garcia.2419@example.com,2025-12-17,2026-10-23 19:23:34,476.91,true,Enterprise
2420,Alex,Nguyen,alex.nguyen.2420@example.com,2025-07-05,2025-11-10 13:38:02,6058.49,true,Free
2421,Jordan,Lopez,jordan.lopez.2421@example.com,2023-12-24,2024-07-25 14:26:21,2218.18,true,Pro
2422,Taylor,Kim,taylor.kim.2422@example.com,2025-06-10,2026-05-17 06:43:05,5917.83,true,Team
2423,Casey,Smith,casey.smith.2423@example.com,2026-03-24,2026-10-19 03:51:23,1015.25,true,Enterprise
2424,Morgan,Singh,morgan.singh.2424@example.com,2024-10-08,2025-01-16 07:09:26,5014.85,true,Free
2425,Riley,Müller,riley.müller.2425@example.com,2024-06-21,2025-05-14 14:00:19,7853.71,true,Pro
2426,Avery,Patel,avery.patel.2426@example.com,2025-11-07,2026-01-24 01:49:56,2938.29,false,Team
2427,Quinn,Brown,quinn.brown.2427@example.com,2023-09-30,2024-03-12 03:12:32,995.81,true,Enterprise
2428,Sasha,Johnson,sasha.johnson.2428@example.com,2024-07-18,2024-07-30 14:19:28,2972.60,true,Free
2429,Drew,Garcia,drew.garcia.2429@example.com,2023-09-25,2024-04-02 09:11:00,7750.04,true,Pro
2430,Alex,Nguyen,alex.nguyen.2430@example.com,2025-09-18,2025-12-06 15:59:50,5629.26,true,Team
2431,Jordan,Lopez,jordan.lopez.2431@example.com,2023-07-16,2023-08-21 13:39:04,3480.84,false,Enterprise
2432,Taylor,Kim,taylor.kim.2432@example.com,2023-08-25,2023-09-23 12:50:42,462.01,true,Free
2433,Casey,Smith,casey.smith.2433@example.com,2025-04-17,2026-01-22 20:34:43,9795.03,true,Pro
2434,Morgan,Singh,morgan.singh.2434@example.com,2023-02-11,2023-10-28 12:56:20,7634.86,true,Team
2435,Riley,Müller,riley.müller.2435@example.com,2023-12-15,2024-03-22 21:14:56,751.41,true,Enterprise
2436,Avery,Patel,avery.patel.2436@example.com,2024-01-18,2024-07-14 20:26:17,8390.16,true,Free
2437,Quinn,Brown,quinn.brown.2437@example.com,2024-01-02,2024-03-14 15:04:10,7542.76,true,Pro
2438,Sasha,Johnson,sasha.johnson.2438@example.com,2023-07-25,2024-04-05 23:46:21,9239.34,true,Team
2439,Drew,Garcia,drew.garcia.2439@example.com,2025-10-23,2026-08-07 01:04:01,4290.95,true,Enterprise
2440,Alex,Nguyen,alex.nguyen.2440@example.com,2025-12-19,2026-04-28 22:23:42,8278.39,true,Free
2441,Jordan,Lopez,jordan.lopez.2441@example.com,2025-03-10,2025-06-16 16:57:26,3225.32,false,Pro
2442,Taylor,Kim,taylor.kim.2442@example.com,2023-07-16,2023-12-26 09:30:28,2620.61,true,Team
2443,Casey,Smith,casey.smith.2443@example.com,2025-06-10,2026-04-20 19:13:45,8352.32,false,Enterprise
2444,Morgan,Singh,morgan.singh.2444@example.com,2025-10-09,2026-07-08 18:29:56,3067.70,true,Free
2445,Riley,Müller,riley.müller.2445@example.com,2026-02-13,2027-02-10 22:18:28,9256.84,true,Pro
2446,Avery,Patel,avery.patel.2446@example.com,2023-12-29,2024-11-15 02:53:46,5632.56,false,Team
2447,Quinn,Brown,quinn.brown.2447@example.com,2023-01-07,2023-12-28 15:30:52,7570.41,true,Enterprise
2448,Sasha,Johnson,sasha.johnson.2448@example.com,2025-08-16,2026-06-07 07:35:30,1544.28,true,Free
2449,Drew,Garcia,drew.garcia.2449@example.com,2024-08-30,2025-04-14 13:04:53,4678.45,true,Pro
2450,Alex,Nguyen,alex.nguyen.2450@example.com,2023-03-23,2023-07-07 01:40:41,7191.25,true,Team
2451,Jordan,Lopez,jordan.lopez.2451@example.com,2025-01-25,2025-11-26 20:23:26,103.68,true,Enterprise
2452,Taylor,Kim,taylor.kim.2452@example.com,2023-09-30,2024-03-26 05:28:33,5908.37,true,Free
2453,Casey,Smith,casey.smith.2453@example.com,2024-08-21,2025-07-06 02:18:15,2316.75,true,Pro
2454,Morgan,Singh,morgan.singh.2454@example.com,2025-12-16,2026-10-23 14:06:54,9087.85,false,Team
2455,Riley,Müller,riley.müller.2455@example.com,2024-04-27,2025-01-13 21:50:27,6815.44,true,Enterprise
2456,Avery,Patel,avery.patel.2456@example.com,2026-02-27,2026-12-10 23:47:24,9552.07,true,Free
2457,Quinn,Brown,quinn.brown.2457@example.com,2025-09-17,2025-09-25 12:48:59,2013.45,true,Pro
2458,Sasha,Johnson,sasha.johnson.2458@example.com,2023-09-08,2023-10-07 06:56:30,9482.07,true,Team
2459,Drew,Garcia,drew.garcia.2459@example.com,2025-09-08,2026-02-07 11:26:39,2943.72,true,Enterprise
2460,Alex,Nguyen,alex.nguyen.2460@example.com,2025-05-27,2025-12-29 02:22:14,8352.57,true,Free
2461,Jordan,Lopez,jordan.lopez.2461@example.com,2023-10-17,2024-05-26 12:33:41,617.22,false,Pro
2462,Taylor,Kim,taylor.kim.2462@example.com,2023-02-08,2023-06-13 11:47:21,4165.88,true,Team
2463,Casey,Smith,casey.smith.2463@example.com,2024-04-25,2024-10-19 03:14:21,5531.34,false,Enterprise
2464,Morgan,Singh,morgan.singh.2464@example.com,2023-11-12,2023-11-15 12:52:29,6370.16,true,Free
2465,Riley,Müller,riley.müller.2465@example.com,2024-03-12,2024-12-03 20:54:26,3700.70,true,Pro
2466,Avery,Patel,avery.patel.2466@example.com,2023-12-02,2024-06-07 01:48:26,6239.05,false,Team
2467,Quinn,Brown,quinn.brown.2467@example.com,2025-01-22,2025-12-23 06:42:27,1740.09,true,Enterprise
2468,Sasha,Johnson,sasha.johnson.2468@example.com,2023-10-12,2024-05-29 05:42:36,8845.79,true,Free
2469,Drew,Garcia,drew.garcia.2469@example.com,2023-05-12,2024-02-15 21:10:46,4916.42,true,Pro
2470,Alex,Nguyen,alex.nguyen.2470@example.com,2025-11-19,2025-11-26 04:11:55,4223.00,true,Team
2471,Jordan,Lopez,jordan.lopez.2471@example.com,2025-11-19,2026-04-28 14:44:55,8124.93,true,Enterprise
2472,Taylor,Kim,taylor.kim.2472@example.com,2024-09-23,2025-01-01 20:42:36,8637.53,false,Free
2473,Casey,Smith,casey.smith.2473@example.com,2023-11-26,2024-07-09 22:45:17,7762.60,true,Pro
2474,Morgan,Singh,morgan.singh.2474@example.com,2023-05-26,2023-09-22 19:16:48,776.76,true,Team
2475,Riley,Müller,riley.müller.2475@example.com,2024-11-02,2025-03-13 10:16:36,9083.47,true,Enterprise
2476,Avery,Patel,avery.patel.2476@example.com,2025-08-21,2026-06-30 10:54:57,2218.65,false,Free
2477,Quinn,Brown,quinn.brown.2477@example.com,2024-09-17,2025-09-13 17:59:49,4906.39,true,Pro
2478,Sasha,Johnson,sasha.johnson.2478@example.com,2023-05-08,2023-08-10 11:04:18,8494.82,false,Team
2479,Drew,Garcia,drew.garcia.2479@example.com,2026-04-14,2026-11-03 16:00:49,748.51,true,Enterprise
2480,Alex,Nguyen,alex.nguyen.2480@example.com,2025-12-05,2026-05-19 15:00:20,2641.87,true,Free
2481,Jordan,Lopez,jordan.lopez.2481@example.com,2023-11-09,2024-10-09 18:40:46,649.37,true,Pro
2482,Taylor,Kim,taylor.kim.2482@example.com,2023-12-19,2024-11-24 03:13:02,1014.76,true,Team
2483,Casey,Smith,casey.smith.2483@example.com,2023-05-09,2024-01-27 18:59:15,4886.30,true,Enterprise
2484,Morgan,Singh,morgan.singh.2484@example.com,2024-04-26,2024-12-02 11:27:49,8520.69,false,Free
2485,Riley,Müller,riley.müller.2485@example.com,2024-02-01,2024-05-24 17:06:26,1147.09,false,Pro
2486,Avery,Patel,avery.patel.2486@example.com,2026-03-20,2026-06-07 09:41:41,6155.53,true,Team
2487,Quinn,Brown,quinn.brown.2487@example.com,2023-06-25,2024-03-27 05:04:11,3256.92,true,Enterprise
2488,Sasha,Johnson,sasha.johnson.2488@example.com,2023-03-19,2023-04-26 11:06:45,2479.46,true,Free
2489,Drew,Garcia,drew.garcia.2489@example.com,2023-10-09,2024-09-11 02:17:25,6137.73,true,Pro
2490,Alex,Nguyen,alex.nguyen.2490@example.com,2025-12-29,2026-10-14 20:07:17,6514.31,true,Team
2491,Jordan,Lopez,jordan.lopez.2491@example.com,2025-01-24,2025-11-02 21:03:33,7127.88,true,Enterprise
2492,Taylor,Kim,taylor.kim.2492@example.com,2024-01-05,2024-12-17 00:57:12,2304.56,true,Free
2493,Casey,Smith,casey.smith.2493@example.com,2023-03-09,2023-05-13 20:06:07,5486.09,true,Pro
2494,Morgan,Singh,morgan.singh.2494@example.com,2023-12-05,2024-11-07 03:47:46,4044.83,false,Team
2495,Riley,Müller,riley.müller.2495@example.com,2023-06-04,2023-10-24 23:38:42,4975.86,true,Enterprise
2496,Avery,Patel,avery.patel.2496@example.com,2023-05-16,2023-08-26 16:12:46,7196.97,true,Free
2497,Quinn,Brown,quinn.brown.2497@example.com,2023-03-17,2024-01-29 22:41:53,9922.08,false,Pro
2498,Sasha,Johnson,sasha.johnson.2498@example.com,2024-03-13,2024-11-08 08:10:08,5894.54,true,Team
2499,Drew,Garcia,drew.garcia.2499@example.com,2025-10-28,2026-02-13 02:54:57,7048.44,false,Enterprise
2500,Alex,Nguyen,alex.nguyen.2500@example.com,2024-02-16,2024-11-10 01:53:44,4441.16,false,Free
2501,Jordan,Lopez,jordan.lopez.2501@example.com,2023-05-08,2023-08-03 14:00:39,91.99,false,Pro
2502,Taylor,Kim,taylor.kim.2502@example.com,2024-03-10,2024-04-23 06:15:56,8774.85,true,Team
2503,Casey,Smith,casey.smith.2503@example.com,2024-05-03,2024-10-27 05:28:30,9469.55,true,Enterprise
2504,Morgan,Singh,morgan.singh.2504@example.com,2026-04-15,2026-11-04 17:01:21,2830.16,false,Free
2505,Riley,Müller,riley.müller.2505@example.com,2023-10-09,2023-11-27 17:40:05,8895.45,true,Pro
2506,Avery,Patel,avery.patel.2506@example.com,2025-07-10,2025-09-17 11:49:21,903.51,true,Team
2507,Quinn,Brown,quinn.brown.2507@example.com,2023-01-02,2023-12-18 09:53:00,489.47,true,Enterprise
2508,Sasha,Johnson,sasha.johnson.2508@example.com,2026-03-11,2026-06-07 00:26:34,3173.88,true,Free
2509,Drew,Garcia,drew.garcia.2509@example.com,2026-03-08,2026-12-04 00:35:20,2019.66,true,Pro
2510,Alex,Nguyen,alex.nguyen.2510@example.com,2024-07-06,2024-09-14 07:41:49,6126.00,true,Team
2511,Jordan,Lopez,jordan.lopez.2511@example.com,2023-12-28,2024-01-05 05:47:48,5153.93,false,Enterprise
2512,Taylor,Kim,taylor.kim.2512@example.com,2025-03-26,2025-05-11 17:29:06,9178.80,true,Free
2513,Casey,Smith,casey.smith.2513@example.com,2026-04-01,2026-10-22 14:05:01,3323.56,false,Pro
2514,Morgan,Singh,morgan.singh.2514@example.com,2023-09-28,2024-08-25 15:45:04,1141.26,true,Team
2515,Riley,Müller,riley.müller.2515@example.com,2024-04-29,2024-05-10 11:11:29,4146.77,true,Enterprise
2516,Avery,Patel,avery.patel.2516@example.com,2025-12-01,2026-08-11 06:14:52,8268.91,true,Free
2517,Quinn,Brown,quinn.brown.2517@example.com,2023-07-26,2024-06-11 20:06:17,8374.24,true,Pro
2518,Sasha,Johnson,sasha.johnson.2518@example.com,2025-07-24,2025-10-06 03:29:57,3069.65,true,Team
2519,Drew,Garcia,drew.garcia.2519@example.com,2024-05-14,2024-12-11 05:47:44,2986.70,true,Enterprise
2520,Alex,Nguyen,alex.nguyen.2520@example.com,2025-09-23,2026-04-08 05:01:30,7299.93,true,Free
2521,Jordan,Lopez,jordan.lopez.2521@example.com,2024-12-03,2025-08-12 01:32:07,9195.93,true,Pro
2522,Taylor,Kim,taylor.kim.2522@example.com,2024-05-25,2025-02-16 23:56:05,2684.74,false,Team
2523,Casey,Smith,casey.smith.2523@example.com,2026-03-02,2026-10-14 07:29:47,3718.36,true,Enterprise
2524,Morgan,Singh,morgan.singh.2524@example.com,2023-08-05,2024-01-16 03:29:00,1780.53,true,Free
2525,Riley,Müller,riley.müller.2525@example.com,2024-10-04,2025-02-19 10:34:22,7145.62,true,Pro
2526,Avery,Patel,avery.patel.2526@example.com,2023-08-23,2023-11-27 18:42:47,6956.59,false,Team
2527,Quinn,Brown,quinn.brown.2527@example.com,2025-03-19,2026-03-17 19:53:16,3295.99,false,Enterprise
2528,Sasha,Johnson,sasha.johnson.2528@example.com,2024-01-04,2024-08-21 03:57:19,2286.66,false,Free
2529,Drew,Garcia,drew.garcia.2529@example.com,2025-07-20,2025-08-25 06:41:04,3187.08,true,Pro
2530,Alex,Nguyen,alex.nguyen.2530@example.com,2025-07-08,2026-01-28 14:11:44,965.38,true,Team
2531,Jordan,Lopez,jordan.lopez.2531@example.com,2023-05-16,2023-09-16 22:00:29,4333.79,true,Enterprise
2532,Taylor,Kim,taylor.kim.2532@example.com,2026-02-11,2026-10-18 13:22:38,2706.73,false,Free
2533,Casey,Smith,casey.smith.2533@example.com,2026-03-30,2026-12-29 15:08:19,5374.49,true,Pro
2534,Morgan,Singh,morgan.singh.2534@example.com,2023-01-21,2023-04-08 08:00:44,2289.41,true,Team
2535,Riley,Müller,riley.müller.2535@example.com,2026-01-01,2026-10-27 08:39:33,6354.79,true,Enterprise
2536,Avery,Patel,avery.patel.2536@example.com,2026-02-23,2026-03-26 08:42:13,6267.94,false,Free
2537,Quinn,Brown,quinn.brown.2537@example.com,2023-07-06,2024-01-24 08:44:26,5286.05,false,Pro
2538,Sasha,Johnson,sasha.johnson.2538@example.com,2025-07-07,2026-04-17 12:06:41,6983.36,true,Team
2539,Drew,Garcia,drew.garcia.2539@example.com,2023-09-21,2024-01-21 20:58:36,1675.00,true,Enterprise
2540,Alex,Nguyen,alex.nguyen.2540@example.com,2023-02-23,2023-03-22 02:02:39,7275.20,false,Free
2541,Jordan,Lopez,jordan.lopez.2541@example.com,2025-03-18,2025-11-24 14:50:44,9810.17,true,Pro
2542,Taylor,Kim,taylor.kim.2542@example.com,2024-12-16,2025-10-11 23:14:55,6341.26,false,Team
2543,Casey,Smith,casey.smith.2543@example.com,2024-10-26,2025-02-13 15:51:02,7292.99,true,Enterprise
2544,Morgan,Singh,morgan.singh.2544@example.com,2025-05-16,2025-10-02 12:47:33,8333.45,true,Free
2545,Riley,Müller,riley.müller.2545@example.com,2023-03-05,2023-12-22 06:53:52,4776.55,false,Pro
2546,Avery,Patel,avery.patel.2546@example.com,2024-03-09,2024-04-23 11:40:15,2153.45,true,Team
2547,Quinn,Brown,quinn.brown.2547@example.com,2023-08-27,2023-12-26 18:09:03,4017.72,true,Enterprise
2548,Sasha,Johnson,sasha.johnson.2548@example.com,2025-05-31,2026-03-16 10:07:21,8433.94,false,Free
2549,Drew,Garcia,drew.garcia.2549@example.com,2024-12-27,2025-09-05 16:26:09,3422.85,true,Pro
2550,Alex,Nguyen,alex.nguyen.2550@example.com,2024-05-03,2025-01-27 10:53:36,9975.93,true,Team
2551,Jordan,Lopez,jordan.lopez.2551@example.com,2023-02-09,2023-09-11 23:44:29,7273.95,true,Enterprise
2552,Taylor,Kim,taylor.kim.2552@example.com,2023-06-18,2023-12-21 17:19:45,5313.45,false,Free
2553,Casey,Smith,casey.smith.2553@example.com,2025-04-30,2025-08-28 15:39:21,5559.77,false,Pro
2554,Morgan,Singh,morgan.singh.2554@example.com,2025-06-07,2025-11-08 07:10:12,3793.17,true,Team
2555,Riley,Müller,riley.müller.2555@example.com,2026-01-08,2026-02-18 16:16:18,3757.95,true,Enterprise
2556,Avery,Patel,avery.patel.2556@example.com,2024-06-08,2025-03-21 21:51:12,5111.61,true,Free
2557,Quinn,Brown,quinn.brown.2557@example.com,2023-09-27,2024-01-14 19:33:07,9592.57,false,Pro
2558,Sasha,Johnson,sasha.johnson.2558@example.com,2025-05-19,2026-02-03 07:57:48,3977.79,true,Team
2559,Drew,Garcia,drew.garcia.2559@example.com,2025-06-02,2025-09-07 05:21:15,1126.21,true,Enterprise
2560,Alex,Nguyen,alex.nguyen.2560@example.com,2025-04-01,2026-01-14 01:20:23,8435.17,true,Free
2561,Jordan,Lopez,jordan.lopez.2561@example.com,2025-06-28,2025-11-11 03:42:23,2077.58,true,Pro
2562,Taylor,Kim,taylor.kim.2562@example.com,2023-08-09,2023-11-03 08:16:12,7239.62,true,Team
2563,Casey,Smith,casey.smith.2563@example.com,2026-01-14,2026-10-04 01:17:51,5785.77,true,Enterprise
2564,Morgan,Singh,morgan.singh.2564@example.com,2024-09-19,2025-04-10 22:00:30,9516.74,false,Free
2565,Riley,Müller,riley.müller.2565@example.com,2024-01-18,2024-09-27 12:01:37,6108.40,true,Pro
2566,Avery,Patel,avery.patel.2566@example.com,2026-04-07,2027-01-05 04:21:46,6065.95,true,Team
2567,Quinn,Brown,quinn.brown.2567@example.com,2025-05-28,2025-12-02 12:45:13,1058.20,false,Enterprise
2568,Sasha,Johnson,sasha.johnson.2568@example.com,2023-05-05,2023-11-30 13:40:44,8487.26,true,Free
2569,Drew,Garcia,drew.garcia.2569@example.com,2025-01-25,2025-05-28 14:17:02,7033.36,true,Pro
2570,Alex,Nguyen,alex.nguyen.2570@example.com,2025-02-14,2025-05-22 08:41:15,4100.83,true,Team
2571,Jordan,Lopez,jordan.lopez.2571@example.com,2024-11-10,2025-07-27 04:20:12,351.14,true,Enterprise
2572,Taylor,Kim,taylor.kim.2572@example.com,2023-03-16,2024-01-27 15:15:17,2324.58,true,Free
2573,Casey,Smith,casey.smith.2573@example.com,2024-07-19,2024-07-31 02:02:15,8212.71,true,Pro
2574,Morgan,Singh,morgan.singh.2574@example.com,2024-03-25,2024-10-20 15:41:44,6064.12,true,Team
2575,Riley,Müller,riley.müller.2575@example.com,2025-07-23,2026-04-25 06:38:09,1686.61,true,Enterprise
2576,Avery,Patel,avery.patel.2576@example.com,2025-05-27,2026-05-14 13:50:17,9170.38,true,Free
2577,Quinn,Brown,quinn.brown.2577@example.com,2025-04-17,2025-05-15 11:03:06,5159.43,true,Pro
2578,Sasha,Johnson,sasha.johnson.2578@example.com,2023-11-13,2023-11-26 01:00:54,5865.45,false,Team
2579,Drew,Garcia,drew.garcia.2579@example.com,2023-10-10,2024-06-30 07:46:39,7367.63,true,Enterprise
2580,Alex,Nguyen,alex.nguyen.2580@example.com,2026-01-31,2026-12-21 07:54:05,6410.21,true,Free
2581,Jordan,Lopez,jordan.lopez.2581@example.com,2023-09-09,2024-02-07 17:20:22,6853.64,true,Pro
2582,Taylor,Kim,taylor.kim.2582@example.com,2024-08-03,2025-01-29 12:55:05,9036.87,true,Team
2583,Casey,Smith,casey.smith.2583@example.com,2025-10-24,2026-03-28 17:43:01,2770.28,true,Enterprise
2584,Morgan,Singh,morgan.singh.2584@example.com,2023-11-10,2024-10-05 17:47:21,9661.78,true,Free
2585,Riley,Müller,riley.müller.2585@example.com,2023-02-21,2024-01-08 22:32:05,3699.11,false,Pro
2586,Avery,Patel,avery.patel.2586@example.com,2025-07-12,2026-05-07 16:12:09,3450.33,false,Team
2587,Quinn,Brown,quinn.brown.2587@example.com,2024-04-20,2024-10-04 22:51:25,8592.42,true,Enterprise
2588,Sasha,Johnson,sasha.johnson.2588@example.com,2023-12-03,2024-08-14 01:06:07,6828.42,true,Free
2589,Drew,Garcia,drew.garcia.2589@example.com,2024-02-08,2024-09-02 20:00:55,4162.36,true,Pro
2590,Alex,Nguyen,alex.nguyen.2590@example.com,2024-05-01,2025-04-03 12:11:09,3549.24,true,Team
2591,Jordan,Lopez,jordan.lopez.2591@example.com,2025-10-09,2026-04-27 23:02:04,6333.81,true,Enterprise
2592,Taylor,Kim,taylor.kim.2592@example.com,2024-09-22,2025-01-24 07:46:48,6785.83,false,Free
2593,Casey,Smith,casey.smith.2593@example.com,2023-06-17,2024-01-05 09:01:10,1511.44,true,Pro
2594,Morgan,Singh,morgan.singh.2594@example.com,2025-07-29,2026-03-20 09:00:33,9426.25,true,Team
2595,Riley,Müller,riley.müller.2595@example.com,2026-01-17,2026-01-17 16:54:08,3317.73,true,Enterprise
2596,Avery,Patel,avery.patel.2596@example.com,2025-08-17,2026-04-01 01:45:18,7601.94,false,Free
2597,Quinn,Brown,quinn.brown.2597@example.com,2026-02-17,2026-11-09 00:28:14,3519.84,true,Pro
2598,Sasha,Johnson,sasha.johnson.2598@example.com,2023-12-24,2024-05-08 07:19:31,946.40,true,Team
2599,Drew,Garcia,drew.garcia.2599@example.com,2024-03-05,2024-03-21 11:05:52,6289.76,true,Enterprise
2600,Alex,Nguyen,alex.nguyen.2600@example.com,2024-11-13,2025-06-01 20:57:17,1051.98,true,Free
2601,Jordan,Lopez,jordan.lopez.2601@example.com,2026-02-26,2026-08-17 21:40:12,9323.23,true,Pro
2602,Taylor,Kim,taylor.kim.2602@example.com,2023-01-10,2023-11-07 07:29:43,4959.77,false,Team
2603,Casey,Smith,casey.smith.2603@example.com,2026-02-16,2026-07-12 13:39:50,6767.42,true,Enterprise
2604,Morgan,Singh,morgan.singh.2604@example.com,2025-11-19,2026-01-14 15:08:37,794.54,false,Free
2605,Riley,Müller,riley.müller.2605@example.com,2023-10-02,2023-11-22 01:45:53,8778.97,true,Pro
2606,Avery,Patel,avery.patel.2606@example.com,2025-01-03,2025-08-20 11:46:19,5127.98,true,Team
2607,Quinn,Brown,quinn.brown.2607@example.com,2023-09-04,2023-09-29 09:26:07,9026.06,true,Enterprise
2608,Sasha,Johnson,sasha.johnson.2608@example.com,2025-03-16,2025-08-28 07:05:09,5659.71,true,Free
2609,Drew,Garcia,drew.garcia.2609@example.com,2023-10-18,2023-11-24 10:28:33,6366.08,true,Pro
2610,Alex,Nguyen,alex.nguyen.2610@example.com,2026-03-02,2026-08-25 08:24:15,5188.48,true,Team
2611,Jordan,Lopez,jordan.lopez.2611@example.com,2024-12-11,2025-11-12 15:47:41,7266.65,false,Enterprise
2612,Taylor,Kim,taylor.kim.2612@example.com,2023-08-29,2024-07-23 06:39:30,1569.76,true,Free
2613,Casey,Smith,casey.smith.2613@example.com,2024-06-01,2024-11-20 09:21:10,4534.02,true,Pro
2614,Morgan,Singh,morgan.singh.2614@example.com,2025-02-25,2025-07-11 21:42:31,6282.19,true,Team
2615,Riley,Müller,riley.müller.2615@example.com,2026-02-26,2027-02-04 21:28:50,6237.20,true,Enterprise
2616,Avery,Patel,avery.patel.2616@example.com,2023-03-23,2024-02-06 03:51:30,5925.79,true,Free
2617,Quinn,Brown,quinn.brown.2617@example.com,2026-01-16,2026-07-30 07:40:03,3834.64,true,Pro
2618,Sasha,Johnson,sasha.johnson.2618@example.com,2023-12-10,2023-12-30 13:00:33,9245.36,true,Team
2619,Drew,Garcia,drew.garcia.2619@example.com,2025-03-04,2025-07-10 09:58:30,9834.76,true,Enterprise
2620,Alex,Nguyen,alex.nguyen.2620@example.com,2025-12-27,2026-07-21 07:43:21,6106.97,true,Free
2621,Jordan,Lopez,jordan.lopez.2621@example.com,2025-10-13,2026-06-10 03:53:35,2826.83,true,Pro
2622,Taylor,Kim,taylor.kim.2622@example.com,2023-12-26,2024-12-06 14:02:14,9933.80,true,Team
2623,Casey,Smith,casey.smith.2623@example.com,2024-09-26,2025-06-05 02:29:35,1329.94,true,Enterprise
2624,Morgan,Singh,morgan.singh.2624@example.com,2024-01-14,2024-05-09 20:32:59,425.10,true,Free
2625,Riley,Müller,riley.müller.2625@example.com,2024-04-13,2024-12-09 14:56:51,4987.90,true,Pro
2626,Avery,Patel,avery.patel.2626@example.com,2023-06-12,2023-07-12 23:29:02,5417.99,false,Team
2627,Quinn,Brown,quinn.brown.2627@example.com,2024-06-05,2025-03-01 19:09:11,6770.08,true,Enterprise
2628,Sasha,Johnson,sasha.johnson.2628@example.com,2025-06-07,2025-07-18 11:01:05,3945.09,true,Free
2629,Drew,Garcia,drew.garcia.2629@example.com,2024-07-20,2025-03-07 17:11:53,7293.74,true,Pro
2630,Alex,Nguyen,alex.nguyen.2630@example.com,2024-01-14,2024-09-15 02:39:43,4787.40,false,Team
2631,Jordan,Lopez,jordan.lopez.2631@example.com,2024-10-01,2024-11-04 20:56:36,3949.00,false,Enterprise
2632,Taylor,Kim,taylor.kim.2632@example.com,2024-12-01,2024-12-03 00:09:26,4212.63,true,Free
2633,Casey,Smith,casey.smith.2633@example.com,2023-08-16,2024-01-18 01:54:10,234.22,false,Pro
2634,Morgan,Singh,morgan.singh.2634@example.com,2023-02-10,2023-04-21 08:11:09,717.09,true,Team
2635,Riley,Müller,riley.müller.2635@example.com,2023-10-28,2024-10-09 12:58:09,2852.11,true,Enterprise
2636,Avery,Patel,avery.patel.2636@example.com,2025-04-29,2025-09-09 09:13:57,4.58,true,Free
2637,Quinn,Brown,quinn.brown.2637@example.com,2026-04-07,2026-04-22 01:18:12,3631.70,true,Pro
2638,Sasha,Johnson,sasha.johnson.2638@example.com,2023-12-14,2024-01-19 00:33:09,2012.61,false,Team
2639,Drew,Garcia,drew.garcia.2639@example.com,2023-03-15,2023-09-25 16:37:36,938.97,true,Enterprise
2640,Alex,Nguyen,alex.nguyen.2640@example.com,2023-06-29,2023-07-30 14:53:14,4484.00,true,Free
2641,Jordan,Lopez,jordan.lopez.2641@example.com,2024-11-19,2025-07-05 05:34:58,5192.52,true,Pro
2642,Taylor,Kim,taylor.kim.2642@example.com,2023-08-14,2023-09-06 19:46:12,3492.16,true,Team
2643,Casey,Smith,casey.smith.2643@example.com,2025-03-10,2025-09-23 19:32:15,5518.70,true,Enterprise
2644,Morgan,Singh,morgan.singh.2644@example.com,2025-01-28,2026-01-15 13:05:30,3518.31,true,Free
2645,Riley,Müller,riley.müller.2645@example.com,2024-06-03,2024-09-14 03:52:02,5261.83,true,Pro
2646,Avery,Patel,avery.patel.2646@example.com,2024-08-19,2025-07-22 18:47:00,9348.28,true,Team
2647,Quinn,Brown,quinn.brown.2647@example.com,2023-08-30,2024-06-03 19:51:15,5989.08,true,Enterprise
2648,Sasha,Johnson,sasha.johnson.2648@example.com,2023-03-05,2023-07-04 00:28:03,7241.93,true,Free
2649,Drew,Garcia,drew.garcia.2649@example.com,2023-11-01,2024-04-19 12:37:01,9874.98,true,Pro
2650,Alex,Nguyen,alex.nguyen.2650@example.com,2025-08-26,2026-05-14 11:42:05,2193.23,false,Team
2651,Jordan,Lopez,jordan.lopez.2651@example.com,2024-12-16,2025-05-11 07:46:14,4356.64,true,Enterprise
2652,Taylor,Kim,taylor.kim.2652@example.com,2024-12-18,2025-01-08 02:52:34,4986.96,true,Free
2653,Casey,Smith,casey.smith.2653@example.com,2025-08-08,2025-11-04 17:52:42,4028.34,false,Pro
2654,Morgan,Singh,morgan.singh.2654@example.com,2023-09-11,2023-11-29 17:03:26,7688.65,false,Team
2655,Riley,Müller,riley.müller.2655@example.com,2025-02-04,2025-10-03 01:40:05,44.99,false,Enterprise
2656,Avery,Patel,avery.patel.2656@example.com,2025-01-18,2025-12-20 18:21:10,4968.80,true,Free
2657,Quinn,Brown,quinn.brown.2657@example.com,2024-10-10,2024-10-30 19:00:14,4345.43,true,Pro
2658,Sasha,Johnson,sasha.johnson.2658@example.com,2023-04-15,2023-12-07 20:34:33,8223.52,true,Team
2659,Drew,Garcia,drew.garcia.2659@example.com,2025-10-01,2025-10-12 07:39:39,5628.03,true,Enterprise
2660,Alex,Nguyen,alex.nguyen.2660@example.com,2025-03-02,2025-08-14 08:29:52,2105.20,true,Free
2661,Jordan,Lopez,jordan.lopez.2661@example.com,2025-01-22,2025-06-10 15:00:28,4183.24,true,Pro
2662,Taylor,Kim,taylor.kim.2662@example.com,2024-09-13,2024-12-21 21:45:53,1070.77,false,Team
2663,Casey,Smith,casey.smith.2663@example.com,2024-03-09,2024-08-14 03:48:47,1791.95,true,Enterprise
2664,Morgan,Singh,morgan.singh.2664@example.com,2023-01-05,2023-07-19 08:11:56,8999.75,true,Free
2665,Riley,Müller,riley.müller.2665@example.com,2023-05-18,2023-06-01 17:09:34,1456.38,true,Pro
2666,Avery,Patel,avery.patel.2666@example.com,2025-10-02,2025-12-10 08:09:43,9501.97,false,Team
2667,Quinn,Brown,quinn.brown.2667@example.com,2024-09-11,2025-08-06 00:39:25,2170.97,true,Enterprise
2668,Sasha,Johnson,sasha.johnson.2668@example.com,2024-07-05,2024-11-11 18:59:07,7859.76,true,Free
2669,Drew,Garcia,drew.garcia.2669@example.com,2023-09-24,2024-07-14 04:40:45,6861.86,true,Pro
2670,Alex,Nguyen,alex.nguyen.2670@example.com,2025-07-07,2026-01-16 23:38:40,4611.01,true,Team
2671,Jordan,Lopez,jordan.lopez.2671@example.com,2024-07-15,2024-11-20 01:12:38,5604.25,true,Enterprise
2672,Taylor,Kim,taylor.kim.2672@example.com,2025-05-17,2025-09-22 09:10:44,3804.20,true,Free
2673,Casey,Smith,casey.smith.2673@example.com,2026-04-03,2026-11-01 13:06:34,8711.63,true,Pro
2674,Morgan,Singh,morgan.singh.2674@example.com,2023-12-02,2024-09-04 10:02:06,2776.81,true,Team
2675,Riley,Müller,riley.müller.2675@example.com,2025-08-29,2026-01-31 23:28:20,100.06,false,Enterprise
2676,Avery,Patel,avery.patel.2676@example.com,2026-01-25,2026-10-06 05:03:34,8321.82,false,Free
2677,Quinn,Brown,quinn.brown.2677@example.com,2025-10-11,2026-08-01 14:49:21,1748.16,false,Pro
2678,Sasha,Johnson,sasha.johnson.2678@example.com,2024-05-05,2024-09-15 05:44:54,3906.14,true,Team
2679,Drew,Garcia,drew.garcia.2679@example.com,2025-12-15,2026-07-22 23:02:59,7548.71,true,Enterprise
2680,Alex,Nguyen,alex.nguyen.2680@example.com,2025-09-01,2025-10-24 12:38:45,337.17,true,Free
2681,Jordan,Lopez,jordan.lopez.2681@example.com,2024-12-06,2025-09-24 21:43:35,2291.32,true,Pro
2682,Taylor,Kim,taylor.kim.2682@example.com,2025-06-09,2026-01-09 14:04:24,8154.70,true,Team
2683,Casey,Smith,casey.smith.2683@example.com,2026-01-07,2026-06-03 03:49:44,5312.74,true,Enterprise
2684,Morgan,Singh,morgan.singh.2684@example.com,2025-09-18,2026-02-11 04:57:34,5499.13,false,Free
2685,Riley,Müller,riley.müller.2685@example.com,2023-05-13,2023-09-05 21:28:15,3772.13,true,Pro
2686,Avery,Patel,avery.patel.2686@example.com,2023-06-21,2024-04-21 06:22:19,3785.40,false,Team
2687,Quinn,Brown,quinn.brown.2687@example.com,2025-04-29,2025-05-15 17:23:55,7566.41,true,Enterprise
2688,Sasha,Johnson,sasha.johnson.2688@example.com,2026-01-13,2026-02-19 17:01:29,8087.23,true,Free
2689,Drew,Garcia,drew.garcia.2689@example.com,2023-06-03,2024-02-05 17:59:30,9872.47,true,Pro
2690,Alex,Nguyen,alex.nguyen.2690@example.com,2025-04-04,2026-03-31 23:11:21,4384.35,true,Team
2691,Jordan,Lopez,jordan.lopez.2691@example.com,2025-11-13,2026-04-30 08:01:42,6853.08,true,Enterprise
2692,Taylor,Kim,taylor.kim.2692@example.com,2023-02-21,2023-12-21 18:18:17,1083.54,true,Free
2693,Casey,Smith,casey.smith.2693@example.com,2023-11-28,2024-08-05 08:27:41,4072.10,false,Pro
2694,Morgan,Singh,morgan.singh.2694@example.com,2023-12-14,2024-10-11 17:42:24,955.61,true,Team
2695,Riley,Müller,riley.müller.2695@example.com,2023-09-03,2023-09-28 11:35:53,3791.78,true,Enterprise
2696,Avery,Patel,avery.patel.2696@example.com,2023-03-11,2023-05-02 06:11:24,6994.68,true,Free
2697,Quinn,Brown,quinn.brown.2697@example.com,2024-06-15,2025-03-23 07:20:11,8734.85,false,Pro
2698,Sasha,Johnson,sasha.johnson.2698@example.com,2025-03-15,2025-09-15 03:07:33,6231.39,true,Team
2699,Drew,Garcia,drew.garcia.2699@example.com,2026-04-05,2026-10-25 10:10:15,2778.83,true,Enterprise
2700,Alex,Nguyen,alex.nguyen.2700@example.com,2025-07-04,2025-10-31 12:55:12,6906.71,true,Free
2701,Jordan,Lopez,jordan.lopez.2701@example.com,2023-01-15,2023-09-30 15:16:49,5764.49,false,Pro
2702,Taylor,Kim,taylor.kim.2702@example.com,2026-01-26,2026-10-03 15:42:01,6238.96,true,Team
2703,Casey,Smith,casey.smith.2703@example.com,2025-06-16,2026-04-21 12:26:54,5499.39,true,Enterprise
2704,Morgan,Singh,morgan.singh.2704@example.com,2025-12-08,2026-02-22 13:51:10,7795.91,true,Free
2705,Riley,Müller,riley.müller.2705@example.com,2025-04-10,2025-12-14 05:30:50,4133.30,false,Pro
2706,Avery,Patel,avery.patel.2706@example.com,2026-04-06,2026-12-23 15:07:16,7430.34,true,Team
2707,Quinn,Brown,quinn.brown.2707@example.com,2024-01-20,2024-09-04 16:39:27,4025.17,true,Enterprise
2708,Sasha,Johnson,sasha.johnson.2708@example.com,2024-07-26,2024-10-25 18:17:02,1424.01,false,Free
2709,Drew,Garcia,drew.garcia.2709@example.com,2023-02-13,2023-09-09 13:14:27,1136.17,true,Pro
2710,Alex,Nguyen,alex.nguyen.2710@example.com,2023-04-05,2024-03-31 17:24:18,4331.45,true,Team
2711,Jordan,Lopez,jordan.lopez.2711@example.com,2024-07-13,2025-03-20 19:58:14,3543.56,true,Enterprise
2712,Taylor,Kim,taylor.kim.2712@example.com,2023-06-22,2024-05-12 04:47:46,2154.03,true,Free
2713,Casey,Smith,casey.smith.2713@example.com,2025-06-13,2025-10-12 05:23:11,9201.29,true,Pro
2714,Morgan,Singh,morgan.singh.2714@example.com,2023-10-12,2024-06-26 18:08:44,7491.27,true,Team
2715,Riley,Müller,riley.müller.2715@example.com,2025-06-08,2025-11-07 05:18:29,3973.12,true,Enterprise
2716,Avery,Patel,avery.patel.2716@example.com,2023-12-22,2024-03-28 15:07:08,592.43,false,Free
2717,Quinn,Brown,quinn.brown.2717@example.com,2024-11-24,2025-11-01 12:16:36,567.32,true,Pro
2718,Sasha,Johnson,sasha.johnson.2718@example.com,2024-03-06,2024-10-13 20:33:40,8757.86,false,Team
2719,Drew,Garcia,drew.garcia.2719@example.com,2025-07-06,2026-04-23 16:35:31,4717.81,true,Enterprise
2720,Alex,Nguyen,alex.nguyen.2720@example.com,2023-04-23,2023-10-31 06:29:44,4512.54,true,Free
2721,Jordan,Lopez,jordan.lopez.2721@example.com,2023-11-14,2024-04-17 02:56:23,9803.33,true,Pro
2722,Taylor,Kim,taylor.kim.2722@example.com,2024-01-20,2024-02-26 12:58:13,5019.07,true,Team
2723,Casey,Smith,casey.smith.2723@example.com,2026-02-04,2026-06-19 16:33:31,6400.06,true,Enterprise
2724,Morgan,Singh,morgan.singh.2724@example.com,2026-03-31,2026-08-29 18:20:16,4165.82,true,Free
2725,Riley,Müller,riley.müller.2725@example.com,2025-11-23,2026-07-11 06:39:21,6584.07,true,Pro
2726,Avery,Patel,avery.patel.2726@example.com,2024-06-09,2025-01-17 05:58:25,2234.86,true,Team
2727,Quinn,Brown,quinn.brown.2727@example.com,2023-11-13,2023-12-29 12:28:46,1292.10,true,Enterprise
2728,Sasha,Johnson,sasha.johnson.2728@example.com,2025-05-25,2025-08-18 12:28:01,4209.97,false,Free
2729,Drew,Garcia,drew.garcia.2729@example.com,2025-05-02,2026-02-01 08:18:34,8272.98,true,Pro
2730,Alex,Nguyen,alex.nguyen.2730@example.com,2023-02-24,2023-07-28 01:46:41,8131.34,true,Team
2731,Jordan,Lopez,jordan.lopez.2731@example.com,2025-10-16,2026-07-07 09:26:54,1049.66,true,Enterprise
2732,Taylor,Kim,taylor.kim.2732@example.com,2025-01-30,2025-11-28 06:12:16,3838.46,true,Free
2733,Casey,Smith,casey.smith.2733@example.com,2026-04-19,2026-12-15 16:38:33,5377.50,true,Pro
2734,Morgan,Singh,morgan.singh.2734@example.com,2023-06-24,2024-06-23 11:37:38,9832.07,true,Team
2735,Riley,Müller,riley.müller.2735@example.com,2024-10-30,2025-05-21 16:49:32,9751.16,true,Enterprise
2736,Avery,Patel,avery.patel.2736@example.com,2025-06-15,2026-05-16 11:38:26,5326.82,true,Free
2737,Quinn,Brown,quinn.brown.2737@example.com,2025-04-03,2025-09-29 05:21:43,512.42,true,Pro
2738,Sasha,Johnson,sasha.johnson.2738@example.com,2025-01-17,2025-10-05 00:11:21,9777.12,true,Team
2739,Drew,Garcia,drew.garcia.2739@example.com,2025-02-18,2025-11-07 15:05:03,3753.80,true,Enterprise
2740,Alex,Nguyen,alex.nguyen.2740@example.com,2023-05-31,2023-11-12 12:10:07,2596.11,true,Free
2741,Jordan,Lopez,jordan.lopez.2741@example.com,2025-03-12,2026-01-17 15:31:02,828.30,true,Pro
2742,Taylor,Kim,taylor.kim.2742@example.com,2023-01-08,2023-02-04 10:06:52,1872.21,true,Team
2743,Casey,Smith,casey.smith.2743@example.com,2023-11-17,2024-01-09 09:05:27,3174.14,true,Enterprise
2744,Morgan,Singh,morgan.singh.2744@example.com,2024-09-18,2025-02-01 02:25:57,2370.46,true,Free
2745,Riley,Müller,riley.müller.2745@example.com,2023-05-26,2023-09-14 03:25:20,8928.76,false,Pro
2746,Avery,Patel,avery.patel.2746@example.com,2026-03-01,2027-01-25 20:27:08,2510.61,true,Team
2747,Quinn,Brown,quinn.brown.2747@example.com,2023-12-30,2024-06-04 08:46:23,3026.18,true,Enterprise
2748,Sasha,Johnson,sasha.johnson.2748@example.com,2023-04-27,2023-06-16 20:43:02,1733.49,true,Free
2749,Drew,Garcia,drew.garcia.2749@example.com,2024-08-19,2025-08-11 17:07:18,5368.26,false,Pro
2750,Alex,Nguyen,alex.nguyen.2750@example.com,2025-03-18,2025-11-30 13:33:53,483.33,false,Team
2751,Jordan,Lopez,jordan.lopez.2751@example.com,2024-10-16,2025-08-31 10:06:54,6712.78,true,Enterprise
2752,Taylor,Kim,taylor.kim.2752@example.com,2023-03-20,2023-05-29 22:21:38,1746.10,true,Free
2753,Casey,Smith,casey.smith.2753@example.com,2024-08-03,2025-05-05 02:31:33,1879.22,true,Pro
2754,Morgan,Singh,morgan.singh.2754@example.com,2024-04-12,2024-12-08 00:23:26,8823.57,true,Team
2755,Riley,Müller,riley.müller.2755@example.com,2024-05-07,2025-02-10 13:04:51,530.97,false,Enterprise
2756,Avery,Patel,avery.patel.2756@example.com,2024-12-01,2025-02-03 22:47:33,6784.72,true,Free
2757,Quinn,Brown,quinn.brown.2757@example.com,2025-05-29,2026-03-27 03:52:23,7565.98,true,Pro
2758,Sasha,Johnson,sasha.johnson.2758@example.com,2024-03-17,2024-08-02 10:10:45,3097.84,true,Team
2759,Drew,Garcia,drew.garcia.2759@example.com,2024-07-07,2025-04-04 08:51:10,4129.66,true,Enterprise
2760,Alex,Nguyen,alex.nguyen.2760@example.com,2024-04-27,2025-04-15 21:16:12,6587.08,false,Free
2761,Jordan,Lopez,jordan.lopez.2761@example.com,2024-05-02,2025-03-13 03:00:28,565.50,true,Pro
2762,Taylor,Kim,taylor.kim.2762@example.com,2024-05-27,2025-04-26 10:40:46,2455.27,true,Team
2763,Casey,Smith,casey.smith.2763@example.com,2023-12-04,2024-08-15 12:53:16,8780.86,true,Enterprise
2764,Morgan,Singh,morgan.singh.2764@example.com,2023-03-22,2023-10-25 15:13:22,93.55,true,Free
2765,Riley,Müller,riley.müller.2765@example.com,2025-08-22,2026-02-25 03:47:47,9119.91,true,Pro
2766,Avery,Patel,avery.patel.2766@example.com,2025-12-07,2025-12-23 07:09:56,3847.09,true,Team
2767,Quinn,Brown,quinn.brown.2767@example.com,2025-11-11,2026-08-12 05:19:43,338.66,true,Enterprise
2768,Sasha,Johnson,sasha.johnson.2768@example.com,2025-02-27,2026-01-06 20:02:43,8256.45,true,Free
2769,Drew,Garcia,drew.garcia.2769@example.com,2025-09-16,2026-07-30 17:47:46,8861.23,false,Pro
2770,Alex,Nguyen,alex.nguyen.2770@example.com,2023-07-04,2023-10-28 16:13:02,7951.99,true,Team
2771,Jordan,Lopez,jordan.lopez.2771@example.com,2024-09-19,2024-11-08 13:55:24,6620.79,true,Enterprise
2772,Taylor,Kim,taylor.kim.2772@example.com,2024-07-10,2025-05-08 14:11:32,8616.03,true,Free
2773,Casey,Smith,casey.smith.2773@example.com,2025-09-21,2025-11-23 07:23:54,7793.06,false,Pro
2774,Morgan,Singh,morgan.singh.2774@example.com,2025-01-25,2025-09-12 14:13:52,9709.18,true,Team
2775,Riley,Müller,riley.müller.2775@example.com,2023-03-23,2023-04-17 04:35:45,1006.14,true,Enterprise
2776,Avery,Patel,avery.patel.2776@example.com,2025-10-26,2026-10-04 00:07:17,6201.79,true,Free
2777,Quinn,Brown,quinn.brown.2777@example.com,2025-02-12,2025-03-08 12:31:06,5427.60,true,Pro
2778,Sasha,Johnson,sasha.johnson.2778@example.com,2024-07-15,2025-05-18 08:24:18,1931.40,true,Team
2779,Drew,Garcia,drew.garcia.2779@example.com,2025-04-14,2026-04-08 09:47:55,6630.85,true,Enterprise
2780,Alex,Nguyen,alex.nguyen.2780@example.com,2025-03-25,2025-07-10 23:52:46,959.18,true,Free
2781,Jordan,Lopez,jordan.lopez.2781@example.com,2025-06-04,2026-01-08 18:07:41,4403.17,false,Pro
2782,Taylor,Kim,taylor.kim.2782@example.com,2023-11-23,2024-06-02 11:50:27,8567.73,true,Team
2783,Casey,Smith,casey.smith.2783@example.com,2023-11-26,2024-11-18 18:03:07,5369.45,true,Enterprise
2784,Morgan,Singh,morgan.singh.2784@example.com,2023-03-12,2023-11-08 16:01:17,471.32,true,Free
2785,Riley,Müller,riley.müller.2785@example.com,2023-10-18,2024-04-18 11:36:17,4762.93,true,Pro
2786,Avery,Patel,avery.patel.2786@example.com,2024-09-23,2025-06-18 11:53:28,6827.95,true,Team
2787,Quinn,Brown,quinn.brown.2787@example.com,2026-04-08,2026-10-26 22:42:28,922.64,true,Enterprise
2788,Sasha,Johnson,sasha.johnson.2788@example.com,2024-09-27,2025-07-28 17:40:54,1845.41,true,Free
2789,Drew,Garcia,drew.garcia.2789@example.com,2024-07-01,2025-05-01 09:52:58,7347.00,true,Pro
2790,Alex,Nguyen,alex.nguyen.2790@example.com,2024-10-28,2024-11-14 15:47:43,6964.63,true,Team
2791,Jordan,Lopez,jordan.lopez.2791@example.com,2024-12-20,2025-06-20 02:01:03,6126.45,true,Enterprise
2792,Taylor,Kim,taylor.kim.2792@example.com,2023-06-27,2024-04-01 09:17:11,509.36,true,Free
2793,Casey,Smith,casey.smith.2793@example.com,2023-11-18,2024-07-11 04:32:53,8305.26,false,Pro
2794,Morgan,Singh,morgan.singh.2794@example.com,2025-02-19,2025-05-05 10:41:36,1086.29,true,Team
2795,Riley,Müller,riley.müller.2795@example.com,2024-06-22,2025-05-06 22:53:58,9499.47,true,Enterprise
2796,Avery,Patel,avery.patel.2796@example.com,2026-01-30,2026-08-13 11:24:41,9495.83,true,Free
2797,Quinn,Brown,quinn.brown.2797@example.com,2024-02-28,2024-10-16 17:21:10,3999.12,true,Pro
2798,Sasha,Johnson,sasha.johnson.2798@example.com,2024-06-02,2024-10-19 05:16:55,3740.34,false,Team
2799,Drew,Garcia,drew.garcia.2799@example.com,2024-07-30,2025-06-22 04:36:47,6658.88,true,Enterprise
2800,Alex,Nguyen,alex.nguyen.2800@example.com,2023-08-02,2024-06-27 11:24:36,8359.66,false,Free
2801,Jordan,Lopez,jordan.lopez.2801@example.com,2024-12-10,2025-04-20 20:27:16,2183.99,true,Pro
2802,Taylor,Kim,taylor.kim.2802@example.com,2023-01-08,2023-10-08 01:33:59,2210.83,true,Team
2803,Casey,Smith,casey.smith.2803@example.com,2023-04-25,2023-06-29 04:50:30,9620.56,false,Enterprise
2804,Morgan,Singh,morgan.singh.2804@example.com,2023-02-06,2023-10-11 02:20:43,9864.98,true,Free
2805,Riley,Müller,riley.müller.2805@example.com,2025-02-11,2025-04-24 14:14:35,2883.07,true,Pro
2806,Avery,Patel,avery.patel.2806@example.com,2025-12-20,2026-04-19 04:05:13,9644.36,true,Team
2807,Quinn,Brown,quinn.brown.2807@example.com,2025-06-22,2025-08-07 01:39:07,987.15,true,Enterprise
2808,Sasha,Johnson,sasha.johnson.2808@example.com,2024-12-07,2025-04-17 10:30:46,6755.95,true,Free
2809,Drew,Garcia,drew.garcia.2809@example.com,2025-01-05,2025-06-09 07:14:27,5622.95,false,Pro
2810,Alex,Nguyen,alex.nguyen.2810@example.com,2023-12-05,2024-09-28 18:27:40,301.28,true,Team
2811,Jordan,Lopez,jordan.lopez.2811@example.com,2024-07-07,2024-10-26 10:46:03,9918.83,true,Enterprise
2812,Taylor,Kim,taylor.kim.2812@example.com,2025-09-27,2025-11-16 17:13:04,3493.61,true,Free
2813,Casey,Smith,casey.smith.2813@example.com,2025-06-16,2025-07-12 08:41:14,6484.94,true,Pro
2814,Morgan,Singh,morgan.singh.2814@example.com,2025-03-01,2026-01-14 21:38:48,7504.76,true,Team
2815,Riley,Müller,riley.müller.2815@example.com,2023-09-05,2024-07-06 20:43:52,9728.89,true,Enterprise
2816,Avery,Patel,avery.patel.2816@example.com,2024-05-12,2024-09-20 12:40:59,1417.06,true,Free
2817,Quinn,Brown,quinn.brown.2817@example.com,2025-07-18,2026-03-26 18:14:54,6301.38,false,Pro
2818,Sasha,Johnson,sasha.johnson.2818@example.com,2025-04-05,2026-02-02 02:10:52,3856.74,true,Team
2819,Drew,Garcia,drew.garcia.2819@example.com,2023-06-17,2023-08-02 20:12:26,2424.72,true,Enterprise
2820,Alex,Nguyen,alex.nguyen.2820@example.com,2023-08-07,2024-02-06 20:32:02,2848.42,true,Free
2821,Jordan,Lopez,jordan.lopez.2821@example.com,2024-04-26,2025-02-13 08:52:12,2227.88,true,Pro
2822,Taylor,Kim,taylor.kim.2822@example.com,2024-01-20,2024-04-25 07:54:23,179.34,true,Team
2823,Casey,Smith,casey.smith.2823@example.com,2023-04-02,2023-08-06 14:00:10,9304.49,false,Enterprise
2824,Morgan,Singh,morgan.singh.2824@example.com,2023-07-28,2024-04-21 13:14:51,7563.56,false,Free
2825,Riley,Müller,riley.müller.2825@example.com,2024-03-24,2024-03-28 08:38:24,1403.70,true,Pro
2826,Avery,Patel,avery.patel.2826@example.com,2025-04-09,2026-01-08 11:19:29,252.09,false,Team
2827,Quinn,Brown,quinn.brown.2827@example.com,2026-03-07,2026-08-15 07:40:51,5942.90,true,Enterprise
2828,Sasha,Johnson,sasha.johnson.2828@example.com,2024-05-30,2025-02-07 09:11:39,667.77,true,Free
2829,Drew,Garcia,drew.garcia.2829@example.com,2025-05-18,2025-08-12 13:09:22,1505.66,true,Pro
2830,Alex,Nguyen,alex.nguyen.2830@example.com,2025-10-04,2026-05-25 07:19:33,8408.12,true,Team
2831,Jordan,Lopez,jordan.lopez.2831@example.com,2024-08-15,2024-09-08 20:21:25,567.80,false,Enterprise
2832,Taylor,Kim,taylor.kim.2832@example.com,2023-04-22,2023-09-14 03:08:28,5546.92,false,Free
2833,Casey,Smith,casey.smith.2833@example.com,2024-08-20,2025-07-23 11:13:12,5506.85,true,Pro
2834,Morgan,Singh,morgan.singh.2834@example.com,2023-08-16,2023-11-26 14:35:12,6520.60,true,Team
2835,Riley,Müller,riley.müller.2835@example.com,2026-01-17,2027-01-02 20:11:10,4950.44,true,Enterprise
2836,Avery,Patel,avery.patel.2836@example.com,2025-07-03,2026-04-01 21:14:05,2889.31,true,Free
2837,Quinn,Brown,quinn.brown.2837@example.com,2024-11-25,2025-01-14 14:05:02,1585.63,true,Pro
2838,Sasha,Johnson,sasha.johnson.2838@example.com,2023-11-06,2024-04-24 17:47:40,946.93,true,Team
2839,Drew,Garcia,drew.garcia.2839@example.com,2023-09-24,2024-09-13 16:07:06,5147.99,true,Enterprise
2840,Alex,Nguyen,alex.nguyen.2840@example.com,2025-11-02,2026-08-21 04:37:22,3300.45,true,Free
2841,Jordan,Lopez,jordan.lopez.2841@example.com,2025-04-20,2025-10-30 17:34:56,4697.00,false,Pro
2842,Taylor,Kim,taylor.kim.2842@example.com,2024-12-20,2025-05-23 09:47:21,6676.40,true,Team
2843,Casey,Smith,casey.smith.2843@example.com,2024-09-28,2025-03-08 17:57:58,6980.96,true,Enterprise
2844,Morgan,Singh,morgan.singh.2844@example.com,2024-06-11,2024-07-07 15:35:00,69.49,true,Free
2845,Riley,Müller,riley.müller.2845@example.com,2025-05-07,2026-01-11 17:50:01,4601.42,true,Pro
2846,Avery,Patel,avery.patel.2846@example.com,2024-06-10,2024-07-27 00:10:34,1163.76,true,Team
2847,Quinn,Brown,quinn.brown.2847@example.com,2024-01-15,2024-12-04 22:29:59,8220.26,true,Enterprise
2848,Sasha,Johnson,sasha.johnson.2848@example.com,2025-11-02,2026-07-26 13:40:59,7345.73,true,Free
2849,Drew,Garcia,drew.garcia.2849@example.com,2024-11-21,2024-12-15 05:52:20,7379.81,true,Pro
2850,Alex,Nguyen,alex.nguyen.2850@example.com,2024-07-02,2024-07-19 10:45:48,4971.73,true,Team
2851,Jordan,Lopez,jordan.lopez.2851@example.com,2023-01-29,2023-05-15 14:37:19,7232.57,false,Enterprise
2852,Taylor,Kim,taylor.kim.2852@example.com,2024-04-07,2024-11-15 14:45:35,9153.11,false,Free
2853,Casey,Smith,casey.smith.2853@example.com,2025-08-30,2025-10-21 21:30:40,1215.75,true,Pro
2854,Morgan,Singh,morgan.singh.2854@example.com,2025-09-21,2026-04-21 01:22:03,179.73,true,Team
2855,Riley,Müller,riley.müller.2855@example.com,2026-04-16,2027-02-10 23:52:40,7450.96,true,Enterprise
2856,Avery,Patel,avery.patel.2856@example.com,2026-02-07,2026-07-22 09:52:38,5799.29,true,Free
2857,Quinn,Brown,quinn.brown.2857@example.com,2025-01-01,2025-10-19 01:53:23,1593.11,true,Pro
2858,Sasha,Johnson,sasha.johnson.2858@example.com,2024-09-30,2025-05-14 17:26:41,3972.06,true,Team
2859,Drew,Garcia,drew.garcia.2859@example.com,2025-03-04,2025-07-26 01:58:28,6539.16,true,Enterprise
2860,Alex,Nguyen,alex.nguyen.2860@example.com,2023-07-29,2024-07-19 19:18:03,5619.81,false,Free
2861,Jordan,Lopez,jordan.lopez.2861@example.com,2024-02-24,2024-09-29 16:17:57,8089.93,true,Pro
2862,Taylor,Kim,taylor.kim.2862@example.com,2023-01-13,2023-01-31 09:02:22,4717.88,true,Team
2863,Casey,Smith,casey.smith.2863@example.com,2024-11-17,2025-04-13 21:58:03,8608.62,true,Enterprise
2864,Morgan,Singh,morgan.singh.2864@example.com,2023-09-12,2024-09-01 14:19:21,8942.04,true,Free
2865,Riley,Müller,riley.müller.2865@example.com,2023-07-01,2024-05-16 18:14:42,6099.73,true,Pro
2866,Avery,Patel,avery.patel.2866@example.com,2023-12-11,2024-04-21 06:42:21,7257.58,true,Team
2867,Quinn,Brown,quinn.brown.2867@example.com,2023-11-15,2024-09-06 16:09:14,7561.56,true,Enterprise
2868,Sasha,Johnson,sasha.johnson.2868@example.com,2024-05-24,2025-02-06 09:50:32,627.70,true,Free
2869,Drew,Garcia,drew.garcia.2869@example.com,2023-06-04,2023-10-17 01:39:58,2901.72,true,Pro
2870,Alex,Nguyen,alex.nguyen.2870@example.com,2025-09-19,2026-06-29 18:58:25,4198.24,true,Team
2871,Jordan,Lopez,jordan.lopez.2871@example.com,2023-07-10,2023-08-01 06:16:07,6782.42,true,Enterprise
2872,Taylor,Kim,taylor.kim.2872@example.com,2025-07-28,2025-11-06 23:36:36,6990.32,true,Free
2873,Casey,Smith,casey.smith.2873@example.com,2025-11-21,2026-05-11 01:13:15,9830.35,true,Pro
2874,Morgan,Singh,morgan.singh.2874@example.com,2025-09-24,2026-08-14 21:10:03,3358.55,true,Team
2875,Riley,Müller,riley.müller.2875@example.com,2023-05-31,2023-08-31 20:20:41,7324.56,true,Enterprise
2876,Avery,Patel,avery.patel.2876@example.com,2024-09-20,2024-11-16 19:09:59,9926.44,true,Free
2877,Quinn,Brown,quinn.brown.2877@example.com,2024-04-14,2024-09-26 22:47:41,5332.90,true,Pro
2878,Sasha,Johnson,sasha.johnson.2878@example.com,2024-09-08,2025-03-12 10:35:52,7635.98,true,Team
2879,Drew,Garcia,drew.garcia.2879@example.com,2024-03-24,2024-09-06 06:12:00,8799.18,true,Enterprise
2880,Alex,Nguyen,alex.nguyen.2880@example.com,2023-06-23,2023-10-12 11:26:31,4769.09,true,Free
2881,Jordan,Lopez,jordan.lopez.2881@example.com,2026-01-24,2026-02-11 09:19:25,5503.45,true,Pro
2882,Taylor,Kim,taylor.kim.2882@example.com,2026-04-05,2026-08-15 14:57:52,2534.59,false,Team
2883,Casey,Smith,casey.smith.2883@example.com,2023-07-14,2023-07-17 09:56:23,8201.75,false,Enterprise
2884,Morgan,Singh,morgan.singh.2884@example.com,2026-02-19,2026-10-27 20:33:38,1430.53,true,Free
2885,Riley,Müller,riley.müller.2885@example.com,2024-01-02,2024-08-28 06:05:58,6866.18,true,Pro
2886,Avery,Patel,avery.patel.2886@example.com,2024-09-28,2024-10-13 06:03:45,4455.07,true,Team
2887,Quinn,Brown,quinn.brown.2887@example.com,2025-05-24,2025-12-04 13:54:25,4856.50,true,Enterprise
2888,Sasha,Johnson,sasha.johnson.2888@example.com,2025-06-11,2025-06-24 08:30:53,3461.14,true,Free
2889,Drew,Garcia,drew.garcia.2889@example.com,2023-07-23,2024-01-16 14:03:40,5128.67,true,Pro
2890,Alex,Nguyen,alex.nguyen.2890@example.com,2024-09-22,2024-11-24 01:47:24,2393.40,true,Team
2891,Jordan,Lopez,jordan.lopez.2891@example.com,2024-03-25,2024-05-03 17:32:41,8007.95,false,Enterprise
2892,Taylor,Kim,taylor.kim.2892@example.com,2023-04-18,2024-04-15 22:04:36,1685.66,false,Free
2893,Casey,Smith,casey.smith.2893@example.com,2024-11-26,2025-03-29 12:44:28,9550.06,true,Pro
2894,Morgan,Singh,morgan.singh.2894@example.com,2025-03-26,2025-11-18 03:15:45,8862.11,true,Team
2895,Riley,Müller,riley.müller.2895@example.com,2023-01-26,2023-05-30 20:07:47,1720.38,true,Enterprise
2896,Avery,Patel,avery.patel.2896@example.com,2024-04-28,2024-08-02 21:11:40,7767.42,true,Free
2897,Quinn,Brown,quinn.brown.2897@example.com,2026-01-21,2026-04-21 19:21:37,7959.87,true,Pro
2898,Sasha,Johnson,sasha.johnson.2898@example.com,2026-03-29,2026-09-21 07:02:47,6897.10,true,Team
2899,Drew,Garcia,drew.garcia.2899@example.com,2025-07-02,2026-01-07 20:10:44,3053.26,false,Enterprise
2900,Alex,Nguyen,alex.nguyen.2900@example.com,2024-12-10,2025-06-12 10:40:28,7146.02,true,Free
2901,Jordan,Lopez,jordan.lopez.2901@example.com,2025-10-05,2026-05-22 02:13:46,4942.63,true,Pro
2902,Taylor,Kim,taylor.kim.2902@example.com,2023-05-04,2023-09-27 14:16:22,9251.97,true,Team
2903,Casey,Smith,casey.smith.2903@example.com,2023-12-19,2024-03-07 16:03:41,7838.38,true,Enterprise
2904,Morgan,Singh,morgan.singh.2904@example.com,2025-03-02,2025-10-25 21:17:06,8080.82,true,Free
2905,Riley,Müller,riley.müller.2905@example.com,2025-02-03,2025-09-06 10:07:59,150.71,false,Pro
2906,Avery,Patel,avery.patel.2906@example.com,2026-02-03,2026-08-24 09:16:11,3294.95,true,Team
2907,Quinn,Brown,quinn.brown.2907@example.com,2024-09-05,2025-01-15 11:23:10,1109.81,false,Enterprise
2908,Sasha,Johnson,sasha.johnson.2908@example.com,2025-04-01,2025-11-10 16:18:58,5644.77,true,Free
2909,Drew,Garcia,drew.garcia.2909@example.com,2023-11-25,2024-10-02 22:40:10,7538.90,true,Pro
2910,Alex,Nguyen,alex.nguyen.2910@example.com,2025-10-14,2025-12-05 22:04:31,4273.60,false,Team
2911,Jordan,Lopez,jordan.lopez.2911@example.com,2023-08-24,2024-02-15 20:36:27,2992.29,true,Enterprise
2912,Taylor,Kim,taylor.kim.2912@example.com,2023-07-06,2023-10-03 13:04:26,8850.60,true,Free
2913,Casey,Smith,casey.smith.2913@example.com,2024-07-21,2025-01-07 12:17:25,2852.12,true,Pro
2914,Morgan,Singh,morgan.singh.2914@example.com,2023-12-29,2024-11-26 10:50:54,306.41,true,Team
2915,Riley,Müller,riley.müller.2915@example.com,2023-06-19,2023-12-24 20:39:15,619.54,true,Enterprise
2916,Avery,Patel,avery.patel.2916@example.com,2023-11-12,2024-04-09 06:12:24,6616.56,true,Free
2917,Quinn,Brown,quinn.brown.2917@example.com,2025-09-24,2026-08-11 05:49:36,9776.28,true,Pro
2918,Sasha,Johnson,sasha.johnson.2918@example.com,2023-04-26,2023-09-30 03:49:30,6812.69,false,Team
2919,Drew,Garcia,drew.garcia.2919@example.com,2023-03-06,2023-04-04 17:17:54,4094.65,true,Enterprise
2920,Alex,Nguyen,alex.nguyen.2920@example.com,2026-04-01,2026-10-04 11:01:23,6127.25,true,Free
2921,Jordan,Lopez,jordan.lopez.2921@example.com,2024-09-22,2025-05-10 05:24:45,8430.88,true,Pro
2922,Taylor,Kim,taylor.kim.2922@example.com,2023-05-26,2023-09-28 19:33:43,7232.38,true,Team
2923,Casey,Smith,casey.smith.2923@example.com,2025-07-08,2025-09-03 09:47:05,2377.34,true,Enterprise
2924,Morgan,Singh,morgan.singh.2924@example.com,2023-12-06,2024-06-19 21:24:44,3092.68,true,Free
2925,Riley,Müller,riley.müller.2925@example.com,2023-10-13,2024-09-09 19:44:28,6929.16,false,Pro
2926,Avery,Patel,avery.patel.2926@example.com,2023-08-11,2023-11-03 12:40:04,8474.48,false,Team
2927,Quinn,Brown,quinn.brown.2927@example.com,2025-07-08,2025-10-28 20:08:31,6936.73,true,Enterprise
2928,Sasha,Johnson,sasha.johnson.2928@example.com,2026-04-14,2026-08-12 17:11:02,1500.77,true,Free
2929,Drew,Garcia,drew.garcia.2929@example.com,2023-07-08,2023-07-17 03:07:03,9932.51,true,Pro
2930,Alex,Nguyen,alex.nguyen.2930@example.com,2025-10-19,2026-08-24 01:57:11,3938.76,true,Team
2931,Jordan,Lopez,jordan.lopez.2931@example.com,2023-09-29,2023-11-25 02:09:30,5663.04,true,Enterprise
2932,Taylor,Kim,taylor.kim.2932@example.com,2025-01-15,2025-04-25 16:01:42,3464.11,true,Free
2933,Casey,Smith,casey.smith.2933@example.com,2023-01-13,2023-11-22 19:30:01,5144.15,true,Pro
2934,Morgan,Singh,morgan.singh.2934@example.com,2024-01-15,2024-08-10 07:05:00,5615.83,true,Team
2935,Riley,Müller,riley.müller.2935@example.com,2025-06-10,2026-04-17 06:34:35,86.89,true,Enterprise
2936,Avery,Patel,avery.patel.2936@example.com,2024-08-09,2024-12-01 02:22:39,4691.66,false,Free
2937,Quinn,Brown,quinn.brown.2937@example.com,2025-05-05,2025-05-17 15:40:08,9072.73,true,Pro
2938,Sasha,Johnson,sasha.johnson.2938@example.com,2026-02-04,2026-11-05 14:50:29,736.48,true,Team
2939,Drew,Garcia,drew.garcia.2939@example.com,2024-06-03,2025-01-28 11:49:01,6620.30,true,Enterprise
2940,Alex,Nguyen,alex.nguyen.2940@example.com,2025-09-26,2025-11-26 03:45:11,867.55,false,Free
2941,Jordan,Lopez,jordan.lopez.2941@example.com,2024-07-14,2024-10-25 08:29:38,9048.53,true,Pro
2942,Taylor,Kim,taylor.kim.2942@example.com,2023-05-30,2024-04-22 19:12:30,3771.06,true,Team
2943,Casey,Smith,casey.smith.2943@example.com,2025-11-20,2025-12-10 12:52:55,1351.26,false,Enterprise
2944,Morgan,Singh,morgan.singh.2944@example.com,2023-09-19,2024-02-22 12:44:00,3898.45,true,Free
2945,Riley,Müller,riley.müller.2945@example.com,2024-09-08,2025-03-05 21:44:47,7405.77,true,Pro
2946,Avery,Patel,avery.patel.2946@example.com,2023-08-10,2024-04-28 16:50:32,8729.15,true,Team
2947,Quinn,Brown,quinn.brown.2947@example.com,2023-02-14,2023-08-20 18:23:38,7310.82,true,Enterprise
2948,Sasha,Johnson,sasha.johnson.2948@example.com,2024-08-29,2025-04-18 23:44:44,8664.21,true,Free
2949,Drew,Garcia,drew.garcia.2949@example.com,2026-01-04,2026-06-16 10:42:10,1086.16,true,Pro
2950,Alex,Nguyen,alex.nguyen.2950@example.com,2025-06-14,2026-01-30 13:16:58,9031.99,true,Team
2951,Jordan,Lopez,jordan.lopez.2951@example.com,2025-12-17,2026-10-18 05:23:03,1125.52,false,Enterprise
2952,Taylor,Kim,taylor.kim.2952@example.com,2025-03-22,2025-04-14 16:05:48,5073.13,true,Free
2953,Casey,Smith,casey.smith.2953@example.com,2025-01-25,2025-05-31 20:36:36,6085.61,false,Pro
2954,Morgan,Singh,morgan.singh.2954@example.com,2025-01-15,2025-08-15 10:57:47,125.73,false,Team
2955,Riley,Müller,riley.müller.2955@example.com,2024-04-05,2024-07-26 21:29:43,9525.68,true,Enterprise
2956,Avery,Patel,avery.patel.2956@example.com,2023-01-28,2023-08-17 01:18:45,4701.71,true,Free
2957,Quinn,Brown,quinn.brown.2957@example.com,2024-07-04,2024-09-27 17:14:37,1969.81,true,Pro
2958,Sasha,Johnson,sasha.johnson.2958@example.com,2024-02-29,2024-06-13 07:44:19,9771.24,true,Team
2959,Drew,Garcia,drew.garcia.2959@example.com,2024-06-20,2025-02-27 14:53:51,1340.77,true,Enterprise
2960,Alex,Nguyen,alex.nguyen.2960@example.com,2024-04-14,2024-06-09 02:25:42,361.87,true,Free
2961,Jordan,Lopez,jordan.lopez.2961@example.com,2026-01-29,2026-11-24 19:00:35,6504.98,true,Pro
2962,Taylor,Kim,taylor.kim.2962@example.com,2023-05-23,2024-01-27 13:31:00,7517.29,true,Team
2963,Casey,Smith,casey.smith.2963@example.com,2023-05-30,2023-10-25 01:14:20,8130.09,true,Enterprise
2964,Morgan,Singh,morgan.singh.2964@example.com,2025-06-07,2026-01-28 10:55:56,1939.06,true,Free
2965,Riley,Müller,riley.müller.2965@example.com,2023-12-09,2024-09-16 06:20:11,277.10,true,Pro
2966,Avery,Patel,avery.patel.2966@example.com,2026-03-05,2026-06-08 05:55:21,3510.06,true,Team
2967,Quinn,Brown,quinn.brown.2967@example.com,2023-09-18,2023-09-23 10:07:00,3130.93,true,Enterprise
2968,Sasha,Johnson,sasha.johnson.2968@example.com,2023-01-21,2023-09-26 05:35:58,214.44,true,Free
2969,Drew,Garcia,drew.garcia.2969@example.com,2025-07-15,2025-11-15 04:47:13,1907.11,true,Pro
2970,Alex,Nguyen,alex.nguyen.2970@example.com,2023-02-16,2023-04-02 08:57:27,8445.48,true,Team
2971,Jordan,Lopez,jordan.lopez.2971@example.com,2025-04-10,2025-12-15 18:42:36,9051.54,true,Enterprise
2972,Taylor,Kim,taylor.kim.2972@example.com,2023-08-03,2024-03-12 17:18:49,2268.69,false,Free
2973,Casey,Smith,casey.smith.2973@example.com,2025-03-31,2026-03-03 23:15:12,3262.74,true,Pro
2974,Morgan,Singh,morgan.singh.2974@example.com,2025-05-04,2026-01-26 08:48:18,9590.37,true,Team
2975,Riley,Müller,riley.müller.2975@example.com,2025-12-27,2026-03-10 19:26:01,2300.12,true,Enterprise
2976,Avery,Patel,avery.patel.2976@example.com,2024-04-18,2024-07-03 10:26:38,4957.56,true,Free
2977,Quinn,Brown,quinn.brown.2977@example.com,2024-04-18,2024-04-25 18:38:57,7424.49,true,Pro
2978,Sasha,Johnson,sasha.johnson.2978@example.com,2026-04-05,2027-03-12 08:19:37,8041.66,true,Team
2979,Drew,Garcia,drew.garcia.2979@example.com,2024-06-14,2024-11-02 14:59:18,4788.55,true,Enterprise
2980,Alex,Nguyen,alex.nguyen.2980@example.com,2025-08-20,2026-01-03 21:19:04,8870.06,true,Free
2981,Jordan,Lopez,jordan.lopez.2981@example.com,2023-10-23,2024-06-13 02:21:47,7079.46,true,Pro
2982,Taylor,Kim,taylor.kim.2982@example.com,2024-06-29,2025-01-30 04:21:38,428.85,true,Team
2983,Casey,Smith,casey.smith.2983@example.com,2023-01-21,2023-09-17 04:52:01,551.57,true,Enterprise
2984,Morgan,Singh,morgan.singh.2984@example.com,2023-05-26,2024-05-03 00:36:25,2635.17,true,Free
2985,Riley,Müller,riley.müller.2985@example.com,2023-07-16,2024-04-17 21:51:36,7314.40,true,Pro
2986,Avery,Patel,avery.patel.2986@example.com,2025-09-01,2025-12-29 16:51:43,503.97,true,Team
2987,Quinn,Brown,quinn.brown.2987@example.com,2023-09-15,2024-06-24 17:51:58,7521.99,true,Enterprise
2988,Sasha,Johnson,sasha.johnson.2988@example.com,2026-01-30,2027-01-08 15:13:57,6851.12,false,Free
2989,Drew,Garcia,drew.garcia.2989@example.com,2023-08-04,2023-12-08 01:45:39,6555.37,true,Pro
2990,Alex,Nguyen,alex.nguyen.2990@example.com,2023-10-02,2024-01-09 21:39:18,8053.92,true,Team
2991,Jordan,Lopez,jordan.lopez.2991@example.com,2025-03-10,2025-09-01 08:41:02,9497.71,true,Enterprise
2992,Taylor,Kim,taylor.kim.2992@example.com,2024-06-01,2024-09-24 10:36:23,6330.24,true,Free
2993,Casey,Smith,casey.smith.2993@example.com,2025-11-24,2026-09-01 08:54:47,6483.20,true,Pro
2994,Morgan,Singh,morgan.singh.2994@example.com,2025-10-29,2026-04-08 09:07:24,8285.87,true,Team
2995,Riley,Müller,riley.müller.2995@example.com,2024-04-04,2024-08-06 18:57:16,9767.85,true,Enterprise
2996,Avery,Patel,avery.patel.2996@example.com,2026-01-25,2026-01-29 07:04:47,234.37,true,Free
2997,Quinn,Brown,quinn.brown.2997@example.com,2023-06-01,2024-03-06 13:27:56,9226.73,false,Pro
2998,Sasha,Johnson,sasha.johnson.2998@example.com,2024-01-09,2024-04-17 02:16:13,8594.17,true,Team
2999,Drew,Garcia,drew.garcia.2999@example.com,2023-04-17,2024-04-04 20:18:41,2345.91,true,Enterprise
3000,Alex,Nguyen,alex.nguyen.3000@example.com,2026-03-25,2026-09-27 17:36:59,458.08,true,Free
3001,Jordan,Lopez,jordan.lopez.3001@example.com,2024-04-23,2024-09-18 13:30:26,2090.90,true,Pro
3002,Taylor,Kim,taylor.kim.3002@example.com,2023-08-06,2023-10-30 00:47:25,5981.18,false,Team
3003,Casey,Smith,casey.smith.3003@example.com,2023-01-16,2024-01-05 15:26:11,6661.17,false,Enterprise
3004,Morgan,Singh,morgan.singh.3004@example.com,2024-11-13,2025-05-04 02:24:51,3739.77,false,Free
3005,Riley,Müller,riley.müller.3005@example.com,2023-08-13,2024-04-24 22:06:01,7324.30,true,Pro
3006,Avery,Patel,avery.patel.3006@example.com,2023-10-07,2024-07-08 01:06:16,5176.89,true,Team
3007,Quinn,Brown,quinn.brown.3007@example.com,2023-02-08,2023-03-06 17:05:41,4777.07,true,Enterprise
3008,Sasha,Johnson,sasha.johnson.3008@example.com,2025-12-10,2026-09-19 18:01:58,4075.46,true,Free
3009,Drew,Garcia,drew.garcia.3009@example.com,2023-01-18,2024-01-09 23:20:52,423.45,true,Pro
3010,Alex,Nguyen,alex.nguyen.3010@example.com,2026-02-10,2026-08-15 17:16:32,5172.79,true,Team
3011,Jordan,Lopez,jordan.lopez.3011@example.com,2025-12-30,2026-08-22 22:46:48,2703.04,true,Enterprise
3012,Taylor,Kim,taylor.kim.3012@example.com,2023-02-27,2023-12-27 10:03:49,8783.37,true,Free
3013,Casey,Smith,casey.smith.3013@example.com,2025-08-27,2026-06-08 11:37:25,7280.95,true,Pro
3014,Morgan,Singh,morgan.singh.3014@example.com,2025-03-01,2025-06-26 04:29:47,7267.03,true,Team
3015,Riley,Müller,riley.müller.3015@example.com,2026-02-13,2026-02-19 00:41:49,2876.82,false,Enterprise
3016,Avery,Patel,avery.patel.3016@example.com,2026-02-19,2026-10-07 12:47:57,4095.36,true,Free
3017,Quinn,Brown,quinn.brown.3017@example.com,2025-03-19,2025-11-08 21:49:33,9991.99,true,Pro
3018,Sasha,Johnson,sasha.johnson.3018@example.com,2025-04-13,2025-06-13 21:44:46,8447.69,true,Team
3019,Drew,Garcia,drew.garcia.3019@example.com,2025-06-28,2025-10-21 04:13:05,4069.58,true,Enterprise
3020,Alex,Nguyen,alex.nguyen.3020@example.com,2024-01-16,2024-01-22 08:52:20,9093.48,true,Free
3021,Jordan,Lopez,jordan.lopez.3021@example.com,2024-03-30,2025-01-18 04:00:06,7793.68,true,Pro
3022,Taylor,Kim,taylor.kim.3022@example.com,2024-02-11,2024-03-18 00:29:31,323.27,true,Team
3023,Casey,Smith,casey.smith.3023@example.com,2023-03-19,2023-12-29 22:26:39,5721.77,true,Enterprise
3024,Morgan,Singh,morgan.singh.3024@example.com,2023-03-22,2023-09-12 23:32:51,1504.09,true,Free
3025,Riley,Müller,riley.müller.3025@example.com,2025-01-24,2025-03-26 20:27:33,3383.58,true,Pro
3026,Avery,Patel,avery.patel.3026@example.com,2023-02-23,2023-10-12 20:53:35,4123.20,true,Team
3027,Quinn,Brown,quinn.brown.3027@example.com,2024-08-18,2025-02-04 01:41:46,3702.73,true,Enterprise
3028,Sasha,Johnson,sasha.johnson.3028@example.com,2025-02-06,2025-09-12 19:34:51,9461.65,true,Free
3029,Drew,Garcia,drew.garcia.3029@example.com,2024-03-14,2024-10-26 21:20:38,8722.65,true,Pro
3030,Alex,Nguyen,alex.nguyen.3030@example.com,2025-10-23,2026-04-21 07:31:01,9791.18,true,Team
3031,Jordan,Lopez,jordan.lopez.3031@example.com,2023-08-17,2024-03-29 19:16:29,555.33,true,Enterprise
3032,Taylor,Kim,taylor.kim.3032@example.com,2025-06-06,2026-05-12 00:23:37,5945.98,true,Free
3033,Casey,Smith,casey.smith.3033@example.com,2024-08-27,2025-07-05 04:16:15,6946.61,false,Pro
3034,Morgan,Singh,morgan.singh.3034@example.com,2024-03-10,2024-08-18 11:27:27,3888.63,false,Team
3035,Riley,Müller,riley.müller.3035@example.com,2025-02-01,2025-08-12 12:51:35,4200.37,true,Enterprise
3036,Avery,Patel,avery.patel.3036@example.com,2023-01-14,2023-05-02 06:17:09,5952.29,true,Free
3037,Quinn,Brown,quinn.brown.3037@example.com,2026-04-22,2027-01-08 19:36:48,366.93,true,Pro
3038,Sasha,Johnson,sasha.johnson.3038@example.com,2025-07-02,2026-03-08 11:58:00,8165.18,true,Team
3039,Drew,Garcia,drew.garcia.3039@example.com,2025-05-18,2026-03-18 11:09:13,9198.03,true,Enterprise
3040,Alex,Nguyen,alex.nguyen.3040@example.com,2024-11-10,2025-05-20 04:32:03,9138.40,true,Free
3041,Jordan,Lopez,jordan.lopez.3041@example.com,2026-02-09,2026-04-23 18:04:51,2931.03,true,Pro
3042,Taylor,Kim,taylor.kim.3042@example.com,2024-12-28,2025-08-13 08:22:24,1874.25,true,Team
3043,Casey,Smith,casey.smith.3043@example.com,2025-10-05,2026-08-02 21:32:09,631.56,true,Enterprise
3044,Morgan,Singh,morgan.singh.3044@example.com,2026-03-25,2026-08-26 15:44:27,3241.03,true,Free
3045,Riley,Müller,riley.müller.3045@example.com,2025-05-22,2025-12-19 22:55:24,6787.74,true,Pro
3046,Avery,Patel,avery.patel.3046@example.com,2023-04-12,2024-02-19 23:28:17,8059.44,true,Team
3047,Quinn,Brown,quinn.brown.3047@example.com,2023-06-18,2024-04-24 14:10:57,7018.07,false,Enterprise
3048,Sasha,Johnson,sasha.johnson.3048@example.com,2025-11-11,2025-11-15 21:03:29,5967.92,false,Free
3049,Drew,Garcia,drew.garcia.3049@example.com,2025-06-25,2025-10-15 14:49:04,4661.52,true,Pro
3050,Alex,Nguyen,alex.nguyen.3050@example.com,2025-08-04,2026-06-26 23:44:07,6881.41,true,Team
3051,Jordan,Lopez,jordan.lopez.3051@example.com,2023-11-19,2024-03-08 02:16:43,3366.38,false,Enterprise
3052,Taylor,Kim,taylor.kim.3052@example.com,2024-06-18,2025-05-20 12:18:57,56.82,false,Free
3053,Casey,Smith,casey.smith.3053@example.com,2024-04-06,2024-09-23 16:16:28,8893.79,true,Pro
3054,Morgan,Singh,morgan.singh.3054@example.com,2025-04-09,2025-10-16 21:12:22,6742.42,true,Team
3055,Riley,Müller,riley.müller.3055@example.com,2023-06-18,2023-11-09 15:46:15,2946.32,true,Enterprise
3056,Avery,Patel,avery.patel.3056@example.com,2024-01-31,2025-01-04 22:55:20,2653.07,false,Free
3057,Quinn,Brown,quinn.brown.3057@example.com,2023-01-17,2023-02-22 09:47:51,7402.94,true,Pro
3058,Sasha,Johnson,sasha.johnson.3058@example.com,2024-11-15,2025-01-31 17:48:21,2520.56,true,Team
3059,Drew,Garcia,drew.garcia.3059@example.com,2026-03-22,2027-03-14 03:34:57,1756.16,true,Enterprise
3060,Alex,Nguyen,alex.nguyen.3060@example.com,2025-09-21,2026-05-05 20:08:44,7015.49,true,Free
3061,Jordan,Lopez,jordan.lopez.3061@example.com,2025-05-24,2025-06-19 09:13:12,7836.17,true,Pro
3062,Taylor,Kim,taylor.kim.3062@example.com,2024-01-28,2024-10-30 11:06:14,8854.82,true,Team
3063,Casey,Smith,casey.smith.3063@example.com,2024-11-23,2025-11-05 14:01:55,7376.19,false,Enterprise
3064,Morgan,Singh,morgan.singh.3064@example.com,2025-03-04,2025-12-09 18:33:57,2077.06,false,Free
3065,Riley,Müller,riley.müller.3065@example.com,2024-09-26,2024-11-30 20:11:46,8959.89,true,Pro
3066,Avery,Patel,avery.patel.3066@example.com,2023-07-17,2024-07-13 14:09:08,9464.13,true,Team
3067,Quinn,Brown,quinn.brown.3067@example.com,2023-03-16,2023-04-02 17:34:10,5127.24,true,Enterprise
3068,Sasha,Johnson,sasha.johnson.3068@example.com,2024-07-14,2025-05-30 09:06:43,5580.30,false,Free
3069,Drew,Garcia,drew.garcia.3069@example.com,2023-11-05,2024-07-28 05:46:37,9021.14,false,Pro
3070,Alex,Nguyen,alex.nguyen.3070@example.com,2024-07-15,2025-05-24 11:05:20,917.48,false,Team
3071,Jordan,Lopez,jordan.lopez.3071@example.com,2025-08-12,2025-08-28 09:38:24,1699.94,true,Enterprise
3072,Taylor,Kim,taylor.kim.3072@example.com,2023-03-12,2023-11-29 21:16:27,6412.46,true,Free
3073,Casey,Smith,casey.smith.3073@example.com,2024-06-05,2024-12-10 18:02:15,5066.92,true,Pro
3074,Morgan,Singh,morgan.singh.3074@example.com,2023-04-16,2023-09-15 13:37:47,7666.45,false,Team
3075,Riley,Müller,riley.müller.3075@example.com,2024-06-16,2024-08-09 18:26:09,1619.72,true,Enterprise
3076,Avery,Patel,avery.patel.3076@example.com,2024-04-12,2024-11-13 15:20:09,8022.20,true,Free
3077,Quinn,Brown,quinn.brown.3077@example.com,2024-04-24,2025-01-27 23:23:05,2553.38,true,Pro
3078,Sasha,Johnson,sasha.johnson.3078@example.com,2025-01-25,2025-03-04 07:14:16,3665.00,true,Team
3079,Drew,Garcia,drew.garcia.3079@example.com,2024-04-16,2024-08-16 00:25:30,7026.49,false,Enterprise
3080,Alex,Nguyen,alex.nguyen.3080@example.com,2023-11-14,2024-01-17 09:41:58,4432.14,true,Free
3081,Jordan,Lopez,jordan.lopez.3081@example.com,2025-03-23,2025-06-23 23:47:57,3087.01,true,Pro
3082,Taylor,Kim,taylor.kim.3082@example.com,2025-04-05,2025-07-22 04:45:10,7266.20,true,Team
3083,Casey,Smith,casey.smith.3083@example.com,2024-06-20,2024-10-04 21:00:11,9674.06,true,Enterprise
3084,Morgan,Singh,morgan.singh.3084@example.com,2025-02-16,2026-02-05 07:36:35,2600.60,true,Free
3085,Riley,Müller,riley.müller.3085@example.com,2023-09-10,2024-01-12 04:19:27,5558.73,true,Pro
3086,Avery,Patel,avery.patel.3086@example.com,2025-03-27,2026-02-18 07:30:30,727.64,true,Team
3087,Quinn,Brown,quinn.brown.3087@example.com,2023-11-30,2024-07-04 18:32:35,4893.01,true,Enterprise
3088,Sasha,Johnson,sasha.johnson.3088@example.com,2025-01-26,2025-03-09 05:00:08,2759.21,true,Free
3089,Drew,Garcia,drew.garcia.3089@example.com,2024-12-25,2025-06-01 00:07:07,9989.87,true,Pro
3090,Alex,Nguyen,alex.nguyen.3090@example.com,2024-11-12,2025-06-18 20:11:55,869.08,true,Team
3091,Jordan,Lopez,jordan.lopez.3091@example.com,2025-03-27,2025-06-06 20:11:44,7940.20,true,Enterprise
3092,Taylor,Kim,taylor.kim.3092@example.com,2023-08-04,2023-09-26 17:16:24,8534.76,true,Free
3093,Casey,Smith,casey.smith.3093@example.com,2024-05-19,2024-07-23 19:25:09,6592.15,false,Pro
3094,Morgan,Singh,morgan.singh.3094@example.com,2023-12-07,2024-04-24 16:30:17,1980.76,true,Team
3095,Riley,Müller,riley.müller.3095@example.com,2025-09-26,2026-03-15 19:10:07,4882.01,true,Enterprise
3096,Avery,Patel,avery.patel.3096@example.com,2025-08-21,2026-05-28 21:48:46,3653.39,false,Free
3097,Quinn,Brown,quinn.brown.3097@example.com,2024-03-28,2024-09-09 18:31:26,5318.17,true,Pro
3098,Sasha,Johnson,sasha.johnson.3098@example.com,2023-03-23,2023-11-07 05:12:14,8461.43,true,Team
3099,Drew,Garcia,drew.garcia.3099@example.com,2025-10-11,2026-02-11 02:21:17,1310.86,true,Enterprise
3100,Alex,Nguyen,alex.nguyen.3100@example.com,2025-12-29,2026-11-24 10:45:18,8801.95,true,Free
3101,Jordan,Lopez,jordan.lopez.3101@example.com,2023-09-01,2024-06-09 23:16:58,773.28,true,Pro
3102,Taylor,Kim,taylor.kim.3102@example.com,2024-09-16,2025-04-17 09:30:53,7581.91,true,Team
3103,Casey,Smith,casey.smith.3103@example.com,2023-01-21,2023-12-25 15:38:42,7760.06,true,Enterprise
3104,Morgan,Singh,morgan.singh.3104@example.com,2023-06-24,2023-10-19 14:59:03,3338.63,false,Free
3105,Riley,Müller,riley.müller.3105@example.com,2023-05-01,2023-11-15 17:13:22,7782.81,false,Pro
3106,Avery,Patel,avery.patel.3106@example.com,2026-04-01,2026-04-13 01:14:00,1510.79,true,Team
3107,Quinn,Brown,quinn.brown.3107@example.com,2025-10-27,2026-04-22 09:01:22,6500.33,true,Enterprise
3108,Sasha,Johnson,sasha.johnson.3108@example.com,2026-03-10,2026-05-09 02:46:14,9394.69,true,Free
3109,Drew,Garcia,drew.garcia.3109@example.com,2025-12-07,2026-04-21 15:15:36,5521.87,false,Pro
3110,Alex,Nguyen,alex.nguyen.3110@example.com,2025-01-22,2025-08-16 00:59:28,3689.83,true,Team
3111,Jordan,Lopez,jordan.lopez.3111@example.com,2023-05-30,2023-08-21 22:05:01,314.28,false,Enterprise
3112,Taylor,Kim,taylor.kim.3112@example.com,2024-02-19,2024-05-05 08:06:00,9749.28,true,Free
3113,Casey,Smith,casey.smith.3113@example.com,2025-09-11,2026-07-17 23:05:10,7913.49,true,Pro
3114,Morgan,Singh,morgan.singh.3114@example.com,2025-06-22,2026-01-27 18:30:37,8469.36,true,Team
3115,Riley,Müller,riley.müller.3115@example.com,2023-10-25,2024-05-05 15:15:14,2158.15,false,Enterprise
3116,Avery,Patel,avery.patel.3116@example.com,2024-12-26,2025-10-10 06:48:49,4074.57,true,Free
3117,Quinn,Brown,quinn.brown.3117@example.com,2026-04-07,2026-09-03 19:37:15,9043.41,true,Pro
3118,Sasha,Johnson,sasha.johnson.3118@example.com,2025-07-11,2026-04-12 22:14:50,5627.76,false,Team
3119,Drew,Garcia,drew.garcia.3119@example.com,2026-04-21,2026-12-16 22:44:40,8507.08,true,Enterprise
3120,Alex,Nguyen,alex.nguyen.3120@example.com,2024-06-12,2024-09-10 14:52:42,2953.92,true,Free
3121,Jordan,Lopez,jordan.lopez.3121@example.com,2026-03-04,2026-12-30 14:59:34,6999.31,false,Pro
3122,Taylor,Kim,taylor.kim.3122@example.com,2024-02-18,2024-09-20 21:16:35,4855.42,false,Team
3123,Casey,Smith,casey.smith.3123@example.com,2026-02-17,2026-06-07 08:38:23,3668.54,true,Enterprise
3124,Morgan,Singh,morgan.singh.3124@example.com,2026-04-18,2026-10-06 17:00:06,2345.31,true,Free
3125,Riley,Müller,riley.müller.3125@example.com,2024-12-20,2025-03-24 08:02:38,7934.91,true,Pro
3126,Avery,Patel,avery.patel.3126@example.com,2025-12-07,2026-11-18 17:12:13,2167.74,true,Team
3127,Quinn,Brown,quinn.brown.3127@example.com,2023-07-10,2024-03-29 18:39:12,2844.93,true,Enterprise
3128,Sasha,Johnson,sasha.johnson.3128@example.com,2023-11-01,2024-04-29 07:16:15,1163.27,false,Free
3129,Drew,Garcia,drew.garcia.3129@example.com,2024-06-07,2024-10-16 20:03:45,6388.79,true,Pro
3130,Alex,Nguyen,alex.nguyen.3130@example.com,2023-10-21,2024-06-19 20:02:10,9791.01,true,Team
3131,Jordan,Lopez,jordan.lopez.3131@example.com,2026-01-25,2026-06-14 01:47:16,5174.53,true,Enterprise
3132,Taylor,Kim,taylor.kim.3132@example.com,2025-07-07,2025-08-27 18:41:16,3566.13,true,Free
3133,Casey,Smith,casey.smith.3133@example.com,2025-12-06,2026-02-14 03:42:59,3444.94,true,Pro
3134,Morgan,Singh,morgan.singh.3134@example.com,2025-03-23,2025-12-15 20:30:35,2128.59,false,Team
3135,Riley,Müller,riley.müller.3135@example.com,2023-06-22,2023-10-05 13:51:04,7846.69,true,Enterprise
3136,Avery,Patel,avery.patel.3136@example.com,2025-04-18,2026-04-17 23:21:52,1851.20,true,Free
3137,Quinn,Brown,quinn.brown.3137@example.com,2024-06-17,2025-06-02 19:33:56,4212.55,true,Pro
3138,Sasha,Johnson,sasha.johnson.3138@example.com,2026-01-29,2026-09-27 02:48:25,1416.33,true,Team
3139,Drew,Garcia,drew.garcia.3139@example.com,2024-12-26,2025-11-14 02:25:10,5546.50,false,Enterprise
3140,Alex,Nguyen,alex.nguyen.3140@example.com,2023-11-23,2024-05-16 16:41:39,9608.76,false,Free
3141,Jordan,Lopez,jordan.lopez.3141@example.com,2023-08-02,2024-07-21 00:32:38,6488.65,true,Pro
3142,Taylor,Kim,taylor.kim.3142@example.com,2025-09-07,2025-10-16 21:07:23,6617.65,true,Team
3143,Casey,Smith,casey.smith.3143@example.com,2025-08-07,2026-04-29 21:41:08,1394.80,false,Enterprise
3144,Morgan,Singh,morgan.singh.3144@example.com,2025-05-24,2025-09-20 10:11:09,7767.16,true,Free
3145,Riley,Müller,riley.müller.3145@example.com,2023-04-01,2024-02-11 05:44:25,7997.51,false,Pro
3146,Avery,Patel,avery.patel.3146@example.com,2024-02-21,2024-12-26 02:57:07,8908.38,false,Team
3147,Quinn,Brown,quinn.brown.3147@example.com,2024-01-21,2024-09-13 23:06:12,5863.77,true,Enterprise
3148,Sasha,Johnson,sasha.johnson.3148@example.com,2025-12-21,2026-06-15 06:55:40,329.72,false,Free
3149,Drew,Garcia,drew.garcia.3149@example.com,2023-12-22,2024-11-27 00:38:52,9301.37,true,Pro
3150,Alex,Nguyen,alex.nguyen.3150@example.com,2025-04-07,2025-08-30 01:48:27,9402.35,true,Team
3151,Jordan,Lopez,jordan.lopez.3151@example.com,2024-06-13,2024-12-30 14:46:37,9106.97,true,Enterprise
3152,Taylor,Kim,taylor.kim.3152@example.com,2023-06-06,2023-10-11 23:48:06,9200.27,true,Free
3153,Casey,Smith,casey.smith.3153@example.com,2024-06-20,2024-07-30 15:11:48,3226.52,true,Pro
3154,Morgan,Singh,morgan.singh.3154@example.com,2024-01-04,2024-03-15 20:35:02,7741.55,true,Team
3155,Riley,Müller,riley.müller.3155@example.com,2024-03-05,2024-10-17 20:06:54,2271.19,true,Enterprise
3156,Avery,Patel,avery.patel.3156@example.com,2025-12-08,2026-06-13 06:59:58,7666.81,true,Free
3157,Quinn,Brown,quinn.brown.3157@example.com,2024-11-05,2025-03-22 06:43:37,40.38,true,Pro
3158,Sasha,Johnson,sasha.johnson.3158@example.com,2025-04-21,2025-04-25 02:50:39,7413.87,true,Team
3159,Drew,Garcia,drew.garcia.3159@example.com,2025-07-08,2025-08-01 15:18:09,998.75,false,Enterprise
3160,Alex,Nguyen,alex.nguyen.3160@example.com,2024-01-20,2025-01-13 02:09:58,1364.28,true,Free
3161,Jordan,Lopez,jordan.lopez.3161@example.com,2025-09-15,2025-09-28 11:56:36,6128.63,true,Pro
3162,Taylor,Kim,taylor.kim.3162@example.com,2023-06-01,2024-05-05 23:37:58,5259.72,false,Team
3163,Casey,Smith,casey.smith.3163@example.com,2023-03-18,2023-08-28 14:09:27,1221.91,true,Enterprise
3164,Morgan,Singh,morgan.singh.3164@example.com,2026-02-22,2026-09-23 09:51:59,5086.86,true,Free
3165,Riley,Müller,riley.müller.3165@example.com,2024-09-25,2024-12-07 05:58:32,8362.04,false,Pro
3166,Avery,Patel,avery.patel.3166@example.com,2025-01-30,2025-04-13 12:35:35,184.49,true,Team
3167,Quinn,Brown,quinn.brown.3167@example.com,2025-03-11,2025-11-26 20:33:18,2409.86,true,Enterprise
3168,Sasha,Johnson,sasha.johnson.3168@example.com,2023-07-05,2024-06-29 04:10:39,8628.81,true,Free
3169,Drew,Garcia,drew.garcia.3169@example.com,2025-04-22,2025-11-07 03:25:11,1303.29,true,Pro
3170,Alex,Nguyen,alex.nguyen.3170@example.com,2025-02-23,2025-05-18 04:56:54,3149.92,true,Team
3171,Jordan,Lopez,jordan.lopez.3171@example.com,2024-04-18,2024-06-15 13:29:47,8739.36,true,Enterprise
3172,Taylor,Kim,taylor.kim.3172@example.com,2026-04-09,2026-05-27 14:10:02,5504.02,true,Free
3173,Casey,Smith,casey.smith.3173@example.com,2023-01-22,2023-06-18 07:34:14,2991.25,true,Pro
3174,Morgan,Singh,morgan.singh.3174@example.com,2025-07-29,2026-05-15 15:47:16,6464.48,true,Team
3175,Riley,Müller,riley.müller.3175@example.com,2025-06-22,2026-01-23 13:42:21,6683.89,true,Enterprise
3176,Avery,Patel,avery.patel.3176@example.com,2023-01-17,2023-10-28 10:25:57,5967.17,true,Free
3177,Quinn,Brown,quinn.brown.3177@example.com,2025-07-08,2025-12-22 14:26:19,5679.38,true,Pro
3178,Sasha,Johnson,sasha.johnson.3178@example.com,2023-06-26,2024-02-11 10:00:01,7005.58,true,Team
3179,Drew,Garcia,drew.garcia.3179@example.com,2024-12-28,2025-08-15 15:12:46,3211.91,false,Enterprise
3180,Alex,Nguyen,alex.nguyen.3180@example.com,2023-08-25,2023-12-31 07:27:34,9033.09,false,Free
3181,Jordan,Lopez,jordan.lopez.3181@example.com,2025-04-28,2025-05-15 15:27:05,7517.57,true,Pro
3182,Taylor,Kim,taylor.kim.3182@example.com,2023-05-14,2023-06-23 11:13:26,4561.08,true,Team
3183,Casey,Smith,casey.smith.3183@example.com,2024-03-09,2025-02-05 15:00:11,4823.48,true,Enterprise
3184,Morgan,Singh,morgan.singh.3184@example.com,2025-11-13,2026-01-07 21:16:49,1343.90,true,Free
3185,Riley,Müller,riley.müller.3185@example.com,2026-02-19,2026-09-14 21:33:34,8982.22,true,Pro
3186,Avery,Patel,avery.patel.3186@example.com,2024-08-09,2024-12-19 20:59:49,6819.25,true,Team
3187,Quinn,Brown,quinn.brown.3187@example.com,2024-01-02,2024-09-30 23:44:56,8454.95,false,Enterprise
3188,Sasha,Johnson,sasha.johnson.3188@example.com,2025-01-06,2025-05-30 17:59:02,4450.72,false,Free
3189,Drew,Garcia,drew.garcia.3189@example.com,2024-11-08,2025-09-30 02:20:55,325.15,true,Pro
3190,Alex,Nguyen,alex.nguyen.3190@example.com,2025-10-08,2025-11-09 00:38:45,3448.06,true,Team
3191,Jordan,Lopez,jordan.lopez.3191@example.com,2024-10-25,2024-12-24 06:26:10,7829.91,true,Enterprise
3192,Taylor,Kim,taylor.kim.3192@example.com,2023-06-19,2024-02-09 15:31:09,5659.63,true,Free
3193,Casey,Smith,casey.smith.3193@example.com,2025-09-11,2026-01-11 19:01:15,4332.00,true,Pro
3194,Morgan,Singh,morgan.singh.3194@example.com,2026-01-09,2026-08-10 12:40:05,9928.68,true,Team
3195,Riley,Müller,riley.müller.3195@example.com,2023-07-01,2023-08-26 18:19:57,4225.41,true,Enterprise
3196,Avery,Patel,avery.patel.3196@example.com,2024-10-29,2024-11-09 07:47:46,3174.59,true,Free
3197,Quinn,Brown,quinn.brown.3197@example.com,2025-02-17,2025-05-19 10:06:43,5242.59,true,Pro
3198,Sasha,Johnson,sasha.johnson.3198@example.com,2024-03-01,2024-11-13 20:34:09,2533.96,true,Team
3199,Drew,Garcia,drew.garcia.3199@example.com,2025-02-28,2025-07-19 10:13:38,2484.44,true,Enterprise
3200,Alex,Nguyen,alex.nguyen.3200@example.com,2023-04-22,2024-04-11 16:12:29,5449.14,true,Free
3201,Jordan,Lopez,jordan.lopez.3201@example.com,2025-07-07,2026-03-13 09:05:57,4889.09,true,Pro
3202,Taylor,Kim,taylor.kim.3202@example.com,2023-07-06,2023-08-15 05:27:31,855.81,true,Team
3203,Casey,Smith,casey.smith.3203@example.com,2023-05-24,2023-06-28 04:19:13,8022.37,false,Enterprise
3204,Morgan,Singh,morgan.singh.3204@example.com,2024-01-10,2024-07-02 11:03:20,6147.99,true,Free
3205,Riley,Müller,riley.müller.3205@example.com,2025-02-09,2025-02-17 09:21:24,8022.17,true,Pro
3206,Avery,Patel,avery.patel.3206@example.com,2023-01-19,2023-08-23 09:21:08,1940.28,true,Team
3207,Quinn,Brown,quinn.brown.3207@example.com,2023-02-08,2023-09-16 18:56:25,7149.53,true,Enterprise
3208,Sasha,Johnson,sasha.johnson.3208@example.com,2026-04-01,2026-04-02 01:33:30,4223.65,false,Free
3209,Drew,Garcia,drew.garcia.3209@example.com,2023-01-12,2023-05-07 10:08:04,8168.96,false,Pro
3210,Alex,Nguyen,alex.nguyen.3210@example.com,2024-12-10,2025-02-10 07:56:31,7020.81,true,Team
3211,Jordan,Lopez,jordan.lopez.3211@example.com,2024-02-25,2024-12-12 16:53:36,8012.20,true,Enterprise
3212,Taylor,Kim,taylor.kim.3212@example.com,2024-01-31,2024-02-07 09:18:29,4290.77,true,Free
3213,Casey,Smith,casey.smith.3213@example.com,2025-12-08,2026-01-19 07:59:16,3524.80,true,Pro
3214,Morgan,Singh,morgan.singh.3214@example.com,2024-07-28,2025-01-16 20:36:37,7109.95,false,Team
3215,Riley,Müller,riley.müller.3215@example.com,2024-08-15,2025-04-18 05:23:13,5096.25,true,Enterprise
3216,Avery,Patel,avery.patel.3216@example.com,2024-01-24,2024-04-12 11:35:53,9470.10,true,Free
3217,Quinn,Brown,quinn.brown.3217@example.com,2023-11-22,2024-01-24 01:25:29,403.98,true,Pro
3218,Sasha,Johnson,sasha.johnson.3218@example.com,2023-08-25,2024-08-16 02:26:20,9917.89,false,Team
3219,Drew,Garcia,drew.garcia.3219@example.com,2023-11-06,2024-07-03 21:13:04,8223.84,true,Enterprise
3220,Alex,Nguyen,alex.nguyen.3220@example.com,2024-10-01,2025-09-16 20:07:20,458.92,true,Free
3221,Jordan,Lopez,jordan.lopez.3221@example.com,2024-10-23,2025-07-17 01:50:01,6072.33,true,Pro
3222,Taylor,Kim,taylor.kim.3222@example.com,2025-01-21,2025-11-17 17:12:07,8074.25,true,Team
3223,Casey,Smith,casey.smith.3223@example.com,2025-10-10,2026-04-09 06:02:26,1765.12,false,Enterprise
3224,Morgan,Singh,morgan.singh.3224@example.com,2023-06-23,2024-02-03 16:12:52,541.75,false,Free
3225,Riley,Müller,riley.müller.3225@example.com,2023-01-16,2023-12-14 09:35:43,8420.12,true,Pro
3226,Avery,Patel,avery.patel.3226@example.com,2023-04-22,2023-12-19 19:52:50,6019.83,true,Team
3227,Quinn,Brown,quinn.brown.3227@example.com,2023-08-13,2023-12-27 04:58:37,1435.97,true,Enterprise
3228,Sasha,Johnson,sasha.johnson.3228@example.com,2023-10-10,2024-08-13 02:16:53,5543.66,true,Free
3229,Drew,Garcia,drew.garcia.3229@example.com,2024-12-20,2025-01-22 16:25:31,6631.36,true,Pro
3230,Alex,Nguyen,alex.nguyen.3230@example.com,2025-09-14,2026-04-17 06:23:18,4428.81,true,Team
3231,Jordan,Lopez,jordan.lopez.3231@example.com,2025-01-07,2025-03-18 01:00:04,6414.36,true,Enterprise
3232,Taylor,Kim,taylor.kim.3232@example.com,2024-03-28,2025-02-08 03:00:10,1361.04,true,Free
3233,Casey,Smith,casey.smith.3233@example.com,2026-04-11,2026-06-20 14:17:21,1653.67,true,Pro
3234,Morgan,Singh,morgan.singh.3234@example.com,2023-05-25,2024-04-11 10:06:58,4025.06,true,Team
3235,Riley,Müller,riley.müller.3235@example.com,2024-07-08,2025-06-24 18:06:45,8058.93,true,Enterprise
3236,Avery,Patel,avery.patel.3236@example.com,2024-11-18,2025-09-06 21:40:43,2611.21,true,Free
3237,Quinn,Brown,quinn.brown.3237@example.com,2025-05-30,2026-02-24 18:43:21,3875.04,true,Pro
3238,Sasha,Johnson,sasha.johnson.3238@example.com,2024-09-29,2024-12-29 18:50:34,7130.05,true,Team
3239,Drew,Garcia,drew.garcia.3239@example.com,2023-06-22,2024-03-29 06:11:03,4016.06,true,Enterprise
3240,Alex,Nguyen,alex.nguyen.3240@example.com,2023-10-05,2023-11-11 11:34:10,3878.17,true,Free
3241,Jordan,Lopez,jordan.lopez.3241@example.com,2024-07-19,2025-06-23 18:55:41,9634.63,true,Pro
3242,Taylor,Kim,taylor.kim.3242@example.com,2025-05-06,2025-05-07 07:12:26,9310.91,true,Team
3243,Casey,Smith,casey.smith.3243@example.com,2023-10-05,2024-08-25 12:28:03,5635.00,false,Enterprise
3244,Morgan,Singh,morgan.singh.3244@example.com,2025-02-13,2025-04-16 20:56:28,3143.62,true,Free
3245,Riley,Müller,riley.müller.3245@example.com,2026-04-19,2026-10-05 23:15:34,1265.53,false,Pro
3246,Avery,Patel,avery.patel.3246@example.com,2025-03-11,2025-10-25 13:34:55,8730.59,true,Team
3247,Quinn,Brown,quinn.brown.3247@example.com,2024-05-25,2024-09-22 03:32:53,511.55,true,Enterprise
3248,Sasha,Johnson,sasha.johnson.3248@example.com,2025-11-02,2026-04-11 20:17:36,4057.28,false,Free
3249,Drew,Garcia,drew.garcia.3249@example.com,2024-06-10,2024-08-19 15:48:54,8140.38,false,Pro
3250,Alex,Nguyen,alex.nguyen.3250@example.com,2024-06-23,2024-09-04 06:30:49,5022.46,true,Team
3251,Jordan,Lopez,jordan.lopez.3251@example.com,2026-02-21,2026-03-27 18:29:00,3190.13,false,Enterprise
3252,Taylor,Kim,taylor.kim.3252@example.com,2024-12-04,2025-04-16 00:42:49,6183.87,true,Free
3253,Casey,Smith,casey.smith.3253@example.com,2024-04-25,2024-10-18 09:11:19,6614.81,true,Pro
3254,Morgan,Singh,morgan.singh.3254@example.com,2024-11-01,2025-09-14 00:32:03,1270.90,true,Team
3255,Riley,Müller,riley.müller.3255@example.com,2023-12-11,2024-05-04 21:20:45,6400.44,true,Enterprise
3256,Avery,Patel,avery.patel.3256@example.com,2025-08-04,2026-04-19 09:14:18,7319.89,true,Free
3257,Quinn,Brown,quinn.brown.3257@example.com,2024-09-24,2024-10-19 07:26:31,9658.32,true,Pro
3258,Sasha,Johnson,sasha.johnson.3258@example.com,2023-10-17,2024-05-08 19:23:38,8567.64,true,Team
3259,Drew,Garcia,drew.garcia.3259@example.com,2025-12-31,2026-07-10 07:09:57,9750.50,false,Enterprise
3260,Alex,Nguyen,alex.nguyen.3260@example.com,2025-04-27,2026-03-30 11:16:35,6854.00,true,Free
3261,Jordan,Lopez,jordan.lopez.3261@example.com,2023-02-28,2023-10-21 14:58:36,6114.04,true,Pro
3262,Taylor,Kim,taylor.kim.3262@example.com,2024-08-11,2025-06-16 22:04:35,9047.28,false,Team
3263,Casey,Smith,casey.smith.3263@example.com,2023-06-13,2024-05-17 19:15:47,3216.77,false,Enterprise
3264,Morgan,Singh,morgan.singh.3264@example.com,2025-05-16,2026-02-10 18:52:56,5002.14,true,Free
3265,Riley,Müller,riley.müller.3265@example.com,2023-08-01,2024-03-29 15:23:03,7176.05,true,Pro
3266,Avery,Patel,avery.patel.3266@example.com,2023-03-30,2023-05-30 16:22:41,148.39,true,Team
3267,Quinn,Brown,quinn.brown.3267@example.com,2023-12-22,2024-07-28 14:59:22,5910.01,true,Enterprise
3268,Sasha,Johnson,sasha.johnson.3268@example.com,2025-05-21,2025-10-13 04:11:43,8477.69,true,Free
3269,Drew,Garcia,drew.garcia.3269@example.com,2026-04-19,2026-12-13 08:24:30,4832.43,true,Pro
3270,Alex,Nguyen,alex.nguyen.3270@example.com,2024-11-14,2025-05-17 07:46:44,2119.87,true,Team
3271,Jordan,Lopez,jordan.lopez.3271@example.com,2025-07-03,2026-02-14 05:24:44,7501.88,false,Enterprise
3272,Taylor,Kim,taylor.kim.3272@example.com,2025-08-03,2026-02-05 22:29:15,2567.46,true,Free
3273,Casey,Smith,casey.smith.3273@example.com,2023-05-13,2024-04-26 22:13:03,1397.64,true,Pro
3274,Morgan,Singh,morgan.singh.3274@example.com,2024-07-28,2025-04-13 16:31:35,2836.05,true,Team
3275,Riley,Müller,riley.müller.3275@example.com,2024-08-06,2025-04-22 08:08:33,8578.78,true,Enterprise
3276,Avery,Patel,avery.patel.3276@example.com,2025-12-30,2026-04-14 02:07:33,6119.24,false,Free
3277,Quinn,Brown,quinn.brown.3277@example.com,2023-10-16,2024-08-19 00:04:55,8055.84,true,Pro
3278,Sasha,Johnson,sasha.johnson.3278@example.com,2025-11-19,2026-01-20 09:05:34,692.85,true,Team
3279,Drew,Garcia,drew.garcia.3279@example.com,2026-01-04,2026-04-02 10:53:03,503.29,false,Enterprise
3280,Alex,Nguyen,alex.nguyen.3280@example.com,2023-05-06,2023-10-16 21:18:25,741.84,true,Free
3281,Jordan,Lopez,jordan.lopez.3281@example.com,2023-05-04,2023-12-28 12:47:48,9599.69,true,Pro
3282,Taylor,Kim,taylor.kim.3282@example.com,2025-07-03,2026-01-27 11:43:17,5478.60,true,Team
3283,Casey,Smith,casey.smith.3283@example.com,2023-09-11,2024-01-31 02:39:10,9331.94,true,Enterprise
3284,Morgan,Singh,morgan.singh.3284@example.com,2025-01-07,2025-08-25 06:40:02,7865.81,true,Free
3285,Riley,Müller,riley.müller.3285@example.com,2023-11-28,2024-09-02 21:32:50,2271.41,true,Pro
3286,Avery,Patel,avery.patel.3286@example.com,2025-04-07,2025-08-27 17:52:10,143.89,true,Team
3287,Quinn,Brown,quinn.brown.3287@example.com,2026-04-10,2026-05-05 14:54:10,8974.45,false,Enterprise
3288,Sasha,Johnson,sasha.johnson.3288@example.com,2023-12-12,2024-09-23 21:04:04,1155.88,true,Free
3289,Drew,Garcia,drew.garcia.3289@example.com,2026-03-23,2026-07-30 21:32:17,2943.25,false,Pro
3290,Alex,Nguyen,alex.nguyen.3290@example.com,2025-04-08,2025-11-08 06:49:44,6184.17,true,Team
3291,Jordan,Lopez,jordan.lopez.3291@example.com,2023-08-07,2024-02-18 23:51:29,8374.73,false,Enterprise
3292,Taylor,Kim,taylor.kim.3292@example.com,2023-06-06,2024-03-28 19:32:23,3074.11,true,Free
3293,Casey,Smith,casey.smith.3293@example.com,2023-08-24,2024-01-18 18:20:07,4756.85,true,Pro
3294,Morgan,Singh,morgan.singh.3294@example.com,2024-08-02,2025-04-13 10:26:27,4.06,true,Team
3295,Riley,Müller,riley.müller.3295@example.com,2025-07-25,2025-11-22 20:33:03,8786.45,true,Enterprise
3296,Avery,Patel,avery.patel.3296@example.com,2025-09-09,2025-10-21 00:12:40,5014.15,true,Free
3297,Quinn,Brown,quinn.brown.3297@example.com,2025-04-10,2025-09-22 08:22:36,390.96,true,Pro
3298,Sasha,Johnson,sasha.johnson.3298@example.com,2025-07-03,2025-07-28 05:29:26,2070.55,true,Team
3299,Drew,Garcia,drew.garcia.3299@example.com,2026-03-02,2026-11-27 11:58:10,9670.94,true,Enterprise
3300,Alex,Nguyen,alex.nguyen.3300@example.com,2023-05-09,2023-07-17 03:11:56,1076.59,true,Free
3301,Jordan,Lopez,jordan.lopez.3301@example.com,2023-06-20,2023-08-28 21:10:26,2381.67,true,Pro
3302,Taylor,Kim,taylor.kim.3302@example.com,2023-08-29,2024-07-15 02:52:03,1532.31,true,Team
3303,Casey,Smith,casey.smith.3303@example.com,2025-06-24,2026-05-01 11:34:30,1580.21,true,Enterprise
3304,Morgan,Singh,morgan.singh.3304@example.com,2024-04-08,2024-10-23 01:16:08,8699.28,true,Free
3305,Riley,Müller,riley.müller.3305@example.com,2025-02-25,2025-05-01 10:45:09,2809.52,true,Pro
3306,Avery,Patel,avery.patel.3306@example.com,2024-10-11,2025-03-18 03:41:38,1456.75,true,Team
3307,Quinn,Brown,quinn.brown.3307@example.com,2024-06-22,2025-01-05 18:06:18,1611.27,false,Enterprise
3308,Sasha,Johnson,sasha.johnson.3308@example.com,2023-05-09,2024-03-16 07:23:29,4897.28,true,Free
3309,Drew,Garcia,drew.garcia.3309@example.com,2024-02-13,2024-11-13 19:20:35,959.80,true,Pro
3310,Alex,Nguyen,alex.nguyen.3310@example.com,2023-05-25,2024-03-19 14:53:20,4944.09,true,Team
3311,Jordan,Lopez,jordan.lopez.3311@example.com,2025-08-22,2026-05-12 05:26:00,9795.50,true,Enterprise
3312,Taylor,Kim,taylor.kim.3312@example.com,2023-09-08,2024-03-12 19:36:41,8218.28,false,Free
3313,Casey,Smith,casey.smith.3313@example.com,2023-08-11,2023-09-16 06:23:26,4308.06,false,Pro
3314,Morgan,Singh,morgan.singh.3314@example.com,2023-07-26,2023-07-28 12:34:27,5492.89,false,Team
3315,Riley,Müller,riley.müller.3315@example.com,2025-09-25,2026-08-20 14:25:19,7467.56,true,Enterprise
3316,Avery,Patel,avery.patel.3316@example.com,2024-10-08,2025-06-25 03:37:55,7032.45,true,Free
3317,Quinn,Brown,quinn.brown.3317@example.com,2023-06-17,2024-03-05 04:38:25,4208.23,true,Pro
3318,Sasha,Johnson,sasha.johnson.3318@example.com,2026-04-24,2027-03-31 19:56:02,9153.86,true,Team
3319,Drew,Garcia,drew.garcia.3319@example.com,2025-06-26,2026-01-19 07:50:48,8023.03,true,Enterprise
3320,Alex,Nguyen,alex.nguyen.3320@example.com,2024-01-31,2024-09-12 17:17:29,2429.05,true,Free
3321,Jordan,Lopez,jordan.lopez.3321@example.com,2025-11-28,2026-08-15 00:15:27,6689.53,true,Pro
3322,Taylor,Kim,taylor.kim.3322@example.com,2024-08-10,2025-02-27 04:57:08,9053.28,true,Team
3323,Casey,Smith,casey.smith.3323@example.com,2023-07-28,2024-04-17 23:49:05,9904.88,true,Enterprise
3324,Morgan,Singh,morgan.singh.3324@example.com,2025-12-27,2026-07-28 07:56:22,2340.07,false,Free
3325,Riley,Müller,riley.müller.3325@example.com,2025-01-21,2025-01-26 00:23:22,287.86,true,Pro
3326,Avery,Patel,avery.patel.3326@example.com,2026-04-05,2027-03-05 21:57:53,5733.53,false,Team
3327,Quinn,Brown,quinn.brown.3327@example.com,2023-07-29,2023-10-01 05:29:21,6136.92,true,Enterprise
3328,Sasha,Johnson,sasha.johnson.3328@example.com,2024-09-10,2025-05-22 17:13:18,9371.07,false,Free
3329,Drew,Garcia,drew.garcia.3329@example.com,2024-09-20,2025-03-02 00:36:10,2613.58,true,Pro
3330,Alex,Nguyen,alex.nguyen.3330@example.com,2023-07-23,2024-03-26 05:35:30,6505.56,true,Team
3331,Jordan,Lopez,jordan.lopez.3331@example.com,2025-03-15,2026-02-20 17:14:55,3670.17,true,Enterprise
3332,Taylor,Kim,taylor.kim.3332@example.com,2023-09-01,2023-11-25 11:27:51,1914.31,true,Free
3333,Casey,Smith,casey.smith.3333@example.com,2025-02-17,2025-10-11 14:52:49,9248.58,true,Pro
3334,Morgan,Singh,morgan.singh.3334@example.com,2024-08-15,2024-12-21 00:17:30,9760.77,true,Team
3335,Riley,Müller,riley.müller.3335@example.com,2024-02-17,2024-05-28 19:35:02,9526.65,true,Enterprise
3336,Avery,Patel,avery.patel.3336@example.com,2025-09-06,2026-07-29 05:46:17,2321.76,true,Free
3337,Quinn,Brown,quinn.brown.3337@example.com,2024-08-19,2025-03-02 14:19:20,6297.92,true,Pro
3338,Sasha,Johnson,sasha.johnson.3338@example.com,2024-11-25,2025-05-12 20:36:56,2019.35,true,Team
3339,Drew,Garcia,drew.garcia.3339@example.com,2024-08-03,2024-08-10 09:15:54,7310.85,true,Enterprise
3340,Alex,Nguyen,alex.nguyen.3340@example.com,2024-09-22,2025-07-16 10:37:28,1492.47,true,Free
3341,Jordan,Lopez,jordan.lopez.3341@example.com,2025-04-28,2025-08-24 12:35:38,8707.49,true,Pro
3342,Taylor,Kim,taylor.kim.3342@example.com,2025-01-03,2025-12-05 09:21:28,9580.04,true,Team
3343,Casey,Smith,casey.smith.3343@example.com,2024-04-08,2024-07-13 21:31:39,791.71,false,Enterprise
3344,Morgan,Singh,morgan.singh.3344@example.com,2025-12-29,2025-12-30 13:17:12,4089.09,true,Free
3345,Riley,Müller,riley.müller.3345@example.com,2024-04-12,2024-09-13 08:22:54,7253.94,false,Pro
3346,Avery,Patel,avery.patel.3346@example.com,2026-03-02,2026-12-09 03:02:59,3332.95,true,Team
3347,Quinn,Brown,quinn.brown.3347@example.com,2026-04-11,2026-10-11 00:34:19,8724.00,false,Enterprise
3348,Sasha,Johnson,sasha.johnson.3348@example.com,2023-03-15,2023-07-25 17:44:07,7828.48,true,Free
3349,Drew,Garcia,drew.garcia.3349@example.com,2025-03-03,2025-04-30 10:57:45,7969.68,false,Pro
3350,Alex,Nguyen,alex.nguyen.3350@example.com,2023-01-22,2023-09-07 07:06:46,9459.80,true,Team
3351,Jordan,Lopez,jordan.lopez.3351@example.com,2025-11-18,2026-09-30 16:31:01,6585.56,true,Enterprise
3352,Taylor,Kim,taylor.kim.3352@example.com,2024-01-01,2024-12-11 10:53:37,9561.75,true,Free
3353,Casey,Smith,casey.smith.3353@example.com,2023-09-13,2023-09-13 21:06:43,4534.48,true,Pro
3354,Morgan,Singh,morgan.singh.3354@example.com,2023-03-09,2023-04-29 02:42:20,8900.10,false,Team
3355,Riley,Müller,riley.müller.3355@example.com,2023-07-02,2024-03-25 13:37:41,4831.95,true,Enterprise
3356,Avery,Patel,avery.patel.3356@example.com,2023-05-26,2024-04-16 15:29:56,337.96,true,Free
3357,Quinn,Brown,quinn.brown.3357@example.com,2025-04-27,2025-11-14 04:20:56,6134.80,true,Pro
3358,Sasha,Johnson,sasha.johnson.3358@example.com,2025-02-21,2025-08-07 22:18:53,4118.91,true,Team
3359,Drew,Garcia,drew.garcia.3359@example.com,2025-09-18,2025-11-24 16:10:21,9023.08,true,Enterprise
3360,Alex,Nguyen,alex.nguyen.3360@example.com,2024-05-29,2024-09-09 04:33:56,6923.79,true,Free
3361,Jordan,Lopez,jordan.lopez.3361@example.com,2024-03-26,2024-12-17 12:19:24,1140.44,false,Pro
3362,Taylor,Kim,taylor.kim.3362@example.com,2023-06-12,2023-07-26 09:58:06,1957.43,true,Team
3363,Casey,Smith,casey.smith.3363@example.com,2024-03-07,2025-01-19 04:00:16,6796.97,true,Enterprise
3364,Morgan,Singh,morgan.singh.3364@example.com,2025-02-25,2025-09-17 08:18:40,6309.05,true,Free
3365,Riley,Müller,riley.müller.3365@example.com,2025-04-04,2025-05-03 12:31:48,2905.43,false,Pro
3366,Avery,Patel,avery.patel.3366@example.com,2026-01-17,2026-06-21 17:55:12,1553.38,false,Team
3367,Quinn,Brown,quinn.brown.3367@example.com,2025-10-19,2026-08-14 09:43:16,9143.96,true,Enterprise
3368,Sasha,Johnson,sasha.johnson.3368@example.com,2023-06-18,2023-08-12 02:03:28,8214.47,true,Free
3369,Drew,Garcia,drew.garcia.3369@example.com,2025-01-25,2025-12-10 17:29:38,6082.59,false,Pro
3370,Alex,Nguyen,alex.nguyen.3370@example.com,2023-07-31,2023-12-28 05:05:11,2006.54,true,Team
3371,Jordan,Lopez,jordan.lopez.3371@example.com,2024-10-25,2025-02-10 15:19:42,4405.40,false,Enterprise
3372,Taylor,Kim,taylor.kim.3372@example.com,2024-01-21,2024-12-18 13:30:57,7316.28,true,Free
3373,Casey,Smith,casey.smith.3373@example.com,2025-11-08,2026-04-23 02:32:07,8002.32,true,Pro
3374,Morgan,Singh,morgan.singh.3374@example.com,2025-01-28,2025-12-07 18:54:18,7178.92,true,Team
3375,Riley,Müller,riley.müller.3375@example.com,2023-02-18,2023-07-25 00:33:41,7121.06,true,Enterprise
3376,Avery,Patel,avery.patel.3376@example.com,2025-05-24,2026-01-28 10:58:27,2811.64,false,Free
3377,Quinn,Brown,quinn.brown.3377@example.com,2024-01-11,2024-02-01 04:49:02,7344.47,true,Pro
3378,Sasha,Johnson,sasha.johnson.3378@example.com,2025-07-30,2026-07-18 06:52:24,8928.31,true,Team
3379,Drew,Garcia,drew.garcia.3379@example.com,2025-05-27,2026-03-28 23:45:10,2364.77,true,Enterprise
3380,Alex,Nguyen,alex.nguyen.3380@example.com,2023-08-24,2023-09-24 09:17:17,7826.65,true,Free
3381,Jordan,Lopez,jordan.lopez.3381@example.com,2024-07-28,2024-09-04 05:25:56,5301.13,false,Pro
3382,Taylor,Kim,taylor.kim.3382@example.com,2023-12-29,2024-10-11 10:14:06,5434.07,false,Team
3383,Casey,Smith,casey.smith.3383@example.com,2024-10-22,2025-05-06 09:17:35,4087.89,false,Enterprise
3384,Morgan,Singh,morgan.singh.3384@example.com,2024-04-21,2025-02-01 00:56:54,5184.37,true,Free
3385,Riley,Müller,riley.müller.3385@example.com,2023-04-27,2023-06-19 16:50:29,5224.99,true,Pro
3386,Avery,Patel,avery.patel.3386@example.com,2023-09-02,2024-05-02 19:56:09,8696.63,true,Team
3387,Quinn,Brown,quinn.brown.3387@example.com,2023-10-03,2024-02-08 20:02:56,5336.04,true,Enterprise
3388,Sasha,Johnson,sasha.johnson.3388@example.com,2025-04-13,2026-04-05 20:55:52,5966.07,true,Free
3389,Drew,Garcia,drew.garcia.3389@example.com,2023-04-14,2024-02-01 11:24:26,2273.63,true,Pro
3390,Alex,Nguyen,alex.nguyen.3390@example.com,2024-07-28,2025-04-01 17:33:33,7748.42,true,Team
3391,Jordan,Lopez,jordan.lopez.3391@example.com,2026-03-01,2026-06-27 08:48:06,2865.75,true,Enterprise
3392,Taylor,Kim,taylor.kim.3392@example.com,2024-06-19,2024-09-01 17:15:07,5267.90,true,Free
3393,Casey,Smith,casey.smith.3393@example.com,2024-11-24,2025-03-22 20:34:51,8738.05,true,Pro
3394,Morgan,Singh,morgan.singh.3394@example.com,2023-11-19,2024-10-18 09:25:36,5043.68,true,Team
3395,Riley,Müller,riley.müller.3395@example.com,2023-01-11,2023-09-22 13:49:06,7638.08,true,Enterprise
3396,Avery,Patel,avery.patel.3396@example.com,2024-06-28,2025-04-24 14:40:29,2080.36,true,Free
3397,Quinn,Brown,quinn.brown.3397@example.com,2023-05-21,2024-03-23 15:37:09,6144.56,true,Pro
3398,Sasha,Johnson,sasha.johnson.3398@example.com,2024-12-23,2025-04-01 04:07:47,5420.58,true,Team
3399,Drew,Garcia,drew.garcia.3399@example.com,2026-01-16,2026-11-17 18:52:15,1728.80,false,Enterprise
3400,Alex,Nguyen,alex.nguyen.3400@example.com,2023-10-15,2024-04-10 11:50:17,1555.31,false,Free
3401,Jordan,Lopez,jordan.lopez.3401@example.com,2024-09-11,2024-12-20 01:30:30,5786.01,true,Pro
3402,Taylor,Kim,taylor.kim.3402@example.com,2023-10-17,2024-05-28 16:15:27,7395.88,true,Team
3403,Casey,Smith,casey.smith.3403@example.com,2024-10-20,2025-09-26 06:36:14,3853.43,true,Enterprise
3404,Morgan,Singh,morgan.singh.3404@example.com,2025-03-23,2025-06-26 20:56:40,2238.15,true,Free
3405,Riley,Müller,riley.müller.3405@example.com,2024-03-22,2024-05-25 16:12:22,6567.35,true,Pro
3406,Avery,Patel,avery.patel.3406@example.com,2024-10-18,2024-10-20 09:20:10,3638.85,true,Team
3407,Quinn,Brown,quinn.brown.3407@example.com,2024-06-27,2025-04-23 03:50:54,8889.73,true,Enterprise
3408,Sasha,Johnson,sasha.johnson.3408@example.com,2024-03-30,2024-04-23 16:40:02,8727.30,false,Free
3409,Drew,Garcia,drew.garcia.3409@example.com,2024-12-03,2025-10-24 18:38:07,5034.69,true,Pro
3410,Alex,Nguyen,alex.nguyen.3410@example.com,2026-03-18,2026-08-28 21:46:02,8254.58,true,Team
3411,Jordan,Lopez,jordan.lopez.3411@example.com,2024-03-11,2024-05-19 21:43:30,430.47,false,Enterprise
3412,Taylor,Kim,taylor.kim.3412@example.com,2023-09-21,2024-04-03 03:14:44,818.18,true,Free
3413,Casey,Smith,casey.smith.3413@example.com,2024-03-30,2024-11-15 21:02:13,2282.24,true,Pro
3414,Morgan,Singh,morgan.singh.3414@example.com,2026-03-02,2026-07-11 15:13:40,6464.80,true,Team
3415,Riley,Müller,riley.müller.3415@example.com,2024-02-29,2024-08-29 18:10:41,9313.15,true,Enterprise
3416,Avery,Patel,avery.patel.3416@example.com,2025-12-02,2026-10-22 00:30:39,4039.23,true,Free
3417,Quinn,Brown,quinn.brown.3417@example.com,2024-04-29,2024-07-12 18:59:35,7340.38,true,Pro
3418,Sasha,Johnson,sasha.johnson.3418@example.com,2025-02-21,2026-01-28 21:26:36,8176.93,false,Team
3419,Drew,Garcia,drew.garcia.3419@example.com,2023-05-20,2024-04-13 12:03:21,586.34,true,Enterprise
3420,Alex,Nguyen,alex.nguyen.3420@example.com,2023-01-13,2023-09-22 14:14:43,1478.01,true,Free
3421,Jordan,Lopez,jordan.lopez.3421@example.com,2024-08-21,2024-10-08 08:55:43,3133.36,true,Pro
3422,Taylor,Kim,taylor.kim.3422@example.com,2023-07-03,2024-04-09 02:26:41,8754.97,true,Team
3423,Casey,Smith,casey.smith.3423@example.com,2025-09-15,2026-08-19 18:49:49,914.17,true,Enterprise
3424,Morgan,Singh,morgan.singh.3424@example.com,2025-07-25,2026-02-01 14:29:19,6589.35,true,Free
3425,Riley,Müller,riley.müller.3425@example.com,2024-01-10,2024-09-16 15:33:34,7515.31,false,Pro
3426,Avery,Patel,avery.patel.3426@example.com,2025-03-01,2025-08-04 22:11:31,4546.28,true,Team
3427,Quinn,Brown,quinn.brown.3427@example.com,2023-12-29,2024-11-27 10:40:32,7664.73,true,Enterprise
3428,Sasha,Johnson,sasha.johnson.3428@example.com,2024-06-21,2025-06-11 04:38:19,9852.20,false,Free
3429,Drew,Garcia,drew.garcia.3429@example.com,2024-12-05,2025-03-17 11:41:59,7198.68,true,Pro
3430,Alex,Nguyen,alex.nguyen.3430@example.com,2024-05-28,2024-10-23 06:01:37,4347.66,true,Team
3431,Jordan,Lopez,jordan.lopez.3431@example.com,2023-06-23,2024-06-20 13:04:35,801.02,false,Enterprise
3432,Taylor,Kim,taylor.kim.3432@example.com,2025-04-01,2025-09-12 17:47:44,3865.11,false,Free
3433,Casey,Smith,casey.smith.3433@example.com,2026-02-07,2026-08-03 02:18:06,5577.40,false,Pro
3434,Morgan,Singh,morgan.singh.3434@example.com,2025-03-29,2025-08-16 19:56:34,8066.90,false,Team
3435,Riley,Müller,riley.müller.3435@example.com,2025-06-04,2025-11-21 08:04:43,8016.91,true,Enterprise
3436,Avery,Patel,avery.patel.3436@example.com,2025-03-09,2025-12-31 14:27:09,8826.25,false,Free
3437,Quinn,Brown,quinn.brown.3437@example.com,2025-05-24,2025-07-28 17:32:01,4243.84,false,Pro
3438,Sasha,Johnson,sasha.johnson.3438@example.com,2026-03-19,2026-05-05 19:42:17,164.85,true,Team
3439,Drew,Garcia,drew.garcia.3439@example.com,2025-06-24,2026-01-30 17:12:51,9823.40,true,Enterprise
3440,Alex,Nguyen,alex.nguyen.3440@example.com,2025-04-24,2025-06-27 09:41:42,3267.46,false,Free
3441,Jordan,Lopez,jordan.lopez.3441@example.com,2023-05-04,2024-03-27 11:35:23,3009.69,true,Pro
3442,Taylor,Kim,taylor.kim.3442@example.com,2025-04-08,2025-12-30 02:22:25,4990.03,true,Team
3443,Casey,Smith,casey.smith.3443@example.com,2024-12-31,2025-11-15 14:41:11,1693.64,true,Enterprise
3444,Morgan,Singh,morgan.singh.3444@example.com,2026-03-22,2026-03-25 03:27:22,7395.60,true,Free
3445,Riley,Müller,riley.müller.3445@example.com,2023-03-12,2023-10-28 18:57:22,4359.11,false,Pro
3446,Avery,Patel,avery.patel.3446@example.com,2023-06-05,2024-03-28 04:38:32,5464.47,true,Team
3447,Quinn,Brown,quinn.brown.3447@example.com,2026-04-22,2027-01-16 14:09:48,3013.36,true,Enterprise
3448,Sasha,Johnson,sasha.johnson.3448@example.com,2025-11-05,2025-11-16 01:27:59,5051.30,true,Free
3449,Drew,Garcia,drew.garcia.3449@example.com,2026-02-22,2026-04-02 16:57:23,8656.20,true,Pro
3450,Alex,Nguyen,alex.nguyen.3450@example.com,2025-05-11,2025-07-30 14:43:03,1242.39,true,Team
3451,Jordan,Lopez,jordan.lopez.3451@example.com,2024-04-24,2024-05-09 00:22:14,5422.11,false,Enterprise
3452,Taylor,Kim,taylor.kim.3452@example.com,2023-09-23,2024-08-27 18:36:14,5848.44,false,Free
3453,Casey,Smith,casey.smith.3453@example.com,2023-09-24,2023-09-26 10:22:42,4125.25,true,Pro
3454,Morgan,Singh,morgan.singh.3454@example.com,2025-06-09,2025-08-28 19:19:27,6872.51,true,Team
3455,Riley,Müller,riley.müller.3455@example.com,2023-04-05,2023-10-02 09:14:14,3452.34,true,Enterprise
3456,Avery,Patel,avery.patel.3456@example.com,2023-11-12,2024-08-02 09:20:40,7022.39,true,Free
3457,Quinn,Brown,quinn.brown.3457@example.com,2025-04-01,2025-07-16 07:16:58,6038.01,true,Pro
3458,Sasha,Johnson,sasha.johnson.3458@example.com,2026-02-06,2026-09-14 20:08:24,8611.38,true,Team
3459,Drew,Garcia,drew.garcia.3459@example.com,2025-04-06,2025-11-22 14:39:57,3731.70,true,Enterprise
3460,Alex,Nguyen,alex.nguyen.3460@example.com,2023-01-18,2023-06-03 11:50:12,1423.05,true,Free
3461,Jordan,Lopez,jordan.lopez.3461@example.com,2023-03-26,2023-04-06 13:38:04,8138.55,true,Pro
3462,Taylor,Kim,taylor.kim.3462@example.com,2026-03-19,2026-03-24 13:43:20,8935.14,true,Team
3463,Casey,Smith,casey.smith.3463@example.com,2025-11-26,2026-01-02 17:29:26,5229.35,true,Enterprise
3464,Morgan,Singh,morgan.singh.3464@example.com,2023-12-26,2024-02-20 07:58:42,6486.84,true,Free
3465,Riley,Müller,riley.müller.3465@example.com,2025-07-16,2026-07-05 07:19:04,731.95,true,Pro
3466,Avery,Patel,avery.patel.3466@example.com,2023-01-28,2023-05-26 19:58:29,6555.19,true,Team
3467,Quinn,Brown,quinn.brown.3467@example.com,2023-03-13,2023-09-22 07:42:35,1601.46,true,Enterprise
3468,Sasha,Johnson,sasha.johnson.3468@example.com,2025-07-26,2026-02-14 07:19:33,5423.04,false,Free
3469,Drew,Garcia,drew.garcia.3469@example.com,2023-01-22,2023-10-10 12:31:44,6191.86,true,Pro
3470,Alex,Nguyen,alex.nguyen.3470@example.com,2023-08-31,2024-03-13 21:08:40,1065.11,false,Team
3471,Jordan,Lopez,jordan.lopez.3471@example.com,2025-05-22,2025-10-17 00:47:09,8851.39,true,Enterprise
3472,Taylor,Kim,taylor.kim.3472@example.com,2025-10-31,2026-09-19 07:33:48,7917.38,true,Free
3473,Casey,Smith,casey.smith.3473@example.com,2023-05-30,2024-02-17 03:38:20,6779.30,true,Pro
3474,Morgan,Singh,morgan.singh.3474@example.com,2023-01-06,2023-04-04 12:48:16,644.95,true,Team
3475,Riley,Müller,riley.müller.3475@example.com,2024-09-12,2025-05-04 21:05:48,4517.64,true,Enterprise
3476,Avery,Patel,avery.patel.3476@example.com,2024-02-07,2024-07-23 14:25:43,4363.04,true,Free
3477,Quinn,Brown,quinn.brown.3477@example.com,2023-08-25,2023-09-16 08:24:13,2132.27,false,Pro
3478,Sasha,Johnson,sasha.johnson.3478@example.com,2024-08-09,2024-09-07 00:22:08,4431.58,false,Team
3479,Drew,Garcia,drew.garcia.3479@example.com,2024-11-30,2025-06-20 06:00:16,9362.12,true,Enterprise
3480,Alex,Nguyen,alex.nguyen.3480@example.com,2025-04-12,2025-04-28 08:12:33,6001.52,false,Free
3481,Jordan,Lopez,jordan.lopez.3481@example.com,2024-04-28,2025-01-01 19:28:43,5412.71,true,Pro
3482,Taylor,Kim,taylor.kim.3482@example.com,2026-01-01,2027-01-01 15:29:45,8181.19,false,Team
3483,Casey,Smith,casey.smith.3483@example.com,2023-02-14,2023-11-17 16:36:36,2952.06,true,Enterprise
3484,Morgan,Singh,morgan.singh.3484@example.com,2026-04-07,2026-09-15 16:28:52,4864.37,true,Free
3485,Riley,Müller,riley.müller.3485@example.com,2025-05-12,2026-03-12 06:16:51,54.72,true,Pro
3486,Avery,Patel,avery.patel.3486@example.com,2025-06-28,2026-02-14 05:39:41,8189.16,false,Team
3487,Quinn,Brown,quinn.brown.3487@example.com,2023-11-02,2024-02-07 19:09:04,2717.89,true,Enterprise
3488,Sasha,Johnson,sasha.johnson.3488@example.com,2025-02-18,2025-12-31 10:24:38,7727.94,true,Free
3489,Drew,Garcia,drew.garcia.3489@example.com,2024-05-11,2024-10-11 11:18:58,4487.21,false,Pro
3490,Alex,Nguyen,alex.nguyen.3490@example.com,2023-05-04,2024-02-05 08:10:03,5363.81,false,Team
3491,Jordan,Lopez,jordan.lopez.3491@example.com,2023-12-27,2024-01-03 19:48:16,5968.60,true,Enterprise
3492,Taylor,Kim,taylor.kim.3492@example.com,2025-10-10,2026-08-11 09:23:28,2426.86,false,Free
3493,Casey,Smith,casey.smith.3493@example.com,2023-06-20,2024-02-11 10:11:56,6174.10,true,Pro
3494,Morgan,Singh,morgan.singh.3494@example.com,2025-02-10,2025-05-29 16:28:06,1656.14,true,Team
3495,Riley,Müller,riley.müller.3495@example.com,2023-07-28,2024-06-01 03:36:10,9300.31,true,Enterprise
3496,Avery,Patel,avery.patel.3496@example.com,2024-04-20,2025-02-08 01:27:29,1827.27,true,Free
3497,Quinn,Brown,quinn.brown.3497@example.com,2025-04-18,2025-06-09 11:18:19,4258.71,false,Pro
3498,Sasha,Johnson,sasha.johnson.3498@example.com,2025-09-04,2026-04-24 07:07:10,8144.86,true,Team
3499,Drew,Garcia,drew.garcia.3499@example.com,2024-10-11,2025-07-28 14:36:14,1256.97,true,Enterprise
3500,Alex,Nguyen,alex.nguyen.3500@example.com,2026-04-03,2026-04-17 19:27:41,5165.10,true,Free
3501,Jordan,Lopez,jordan.lopez.3501@example.com,2025-01-05,2025-05-09 11:41:20,6702.95,false,Pro
3502,Taylor,Kim,taylor.kim.3502@example.com,2024-04-02,2024-11-08 01:16:58,4438.89,true,Team
3503,Casey,Smith,casey.smith.3503@example.com,2025-11-14,2026-09-13 20:57:21,5985.13,true,Enterprise
3504,Morgan,Singh,morgan.singh.3504@example.com,2023-12-09,2024-08-18 18:07:38,1404.30,true,Free
3505,Riley,Müller,riley.müller.3505@example.com,2024-07-28,2025-05-21 08:04:13,2860.10,true,Pro
3506,Avery,Patel,avery.patel.3506@example.com,2024-11-25,2025-08-29 22:47:50,7240.36,true,Team
3507,Quinn,Brown,quinn.brown.3507@example.com,2025-06-04,2025-10-05 13:33:05,1006.12,true,Enterprise
3508,Sasha,Johnson,sasha.johnson.3508@example.com,2025-10-06,2026-09-25 17:55:57,8341.36,true,Free
3509,Drew,Garcia,drew.garcia.3509@example.com,2024-05-05,2024-06-28 06:34:08,1690.87,false,Pro
3510,Alex,Nguyen,alex.nguyen.3510@example.com,2023-11-04,2024-03-25 12:55:47,9053.93,true,Team
3511,Jordan,Lopez,jordan.lopez.3511@example.com,2023-04-22,2023-04-26 04:27:48,4449.83,true,Enterprise
3512,Taylor,Kim,taylor.kim.3512@example.com,2024-01-20,2024-11-27 09:52:57,6172.48,false,Free
3513,Casey,Smith,casey.smith.3513@example.com,2023-02-06,2023-08-03 21:49:19,5695.27,true,Pro
3514,Morgan,Singh,morgan.singh.3514@example.com,2026-02-19,2026-09-01 20:07:16,9793.54,true,Team
3515,Riley,Müller,riley.müller.3515@example.com,2024-07-11,2025-05-14 14:23:30,654.38,true,Enterprise
3516,Avery,Patel,avery.patel.3516@example.com,2024-12-08,2025-11-13 09:41:12,8781.14,true,Free
3517,Quinn,Brown,quinn.brown.3517@example.com,2023-08-02,2023-12-04 22:04:26,550.87,true,Pro
3518,Sasha,Johnson,sasha.johnson.3518@example.com,2024-02-12,2024-12-12 23:26:05,1959.10,false,Team
3519,Drew,Garcia,drew.garcia.3519@example.com,2023-08-15,2023-11-25 06:55:01,6432.13,false,Enterprise
3520,Alex,Nguyen,alex.nguyen.3520@example.com,2023-01-12,2023-02-24 00:40:23,3231.29,true,Free
3521,Jordan,Lopez,jordan.lopez.3521@example.com,2025-01-29,2025-10-15 12:05:44,7649.33,true,Pro
3522,Taylor,Kim,taylor.kim.3522@example.com,2024-05-04,2024-08-01 21:44:18,1732.21,true,Team
3523,Casey,Smith,casey.smith.3523@example.com,2024-04-30,2025-01-14 17:16:05,5956.76,false,Enterprise
3524,Morgan,Singh,morgan.singh.3524@example.com,2024-05-09,2024-08-07 19:56:20,4274.63,true,Free
3525,Riley,Müller,riley.müller.3525@example.com,2024-02-14,2024-06-08 09:20:05,805.52,false,Pro
3526,Avery,Patel,avery.patel.3526@example.com,2023-07-18,2023-07-22 03:01:32,3791.79,false,Team
3527,Quinn,Brown,quinn.brown.3527@example.com,2025-01-24,2025-06-15 02:15:27,3766.23,false,Enterprise
3528,Sasha,Johnson,sasha.johnson.3528@example.com,2023-11-10,2023-11-19 20:30:29,5980.56,false,Free
3529,Drew,Garcia,drew.garcia.3529@example.com,2025-04-24,2025-11-08 18:10:05,5691.43,true,Pro
3530,Alex,Nguyen,alex.nguyen.3530@example.com,2025-04-17,2026-01-05 10:47:40,1551.05,true,Team
3531,Jordan,Lopez,jordan.lopez.3531@example.com,2023-05-24,2023-11-11 18:05:20,8156.03,true,Enterprise
3532,Taylor,Kim,taylor.kim.3532@example.com,2023-08-09,2024-07-10 11:33:54,1139.17,false,Free
3533,Casey,Smith,casey.smith.3533@example.com,2024-05-19,2024-12-25 04:49:22,8286.72,true,Pro
3534,Morgan,Singh,morgan.singh.3534@example.com,2023-06-14,2024-03-22 17:40:24,5910.90,false,Team
3535,Riley,Müller,riley.müller.3535@example.com,2026-04-23,2027-02-16 11:23:20,2131.78,true,Enterprise
3536,Avery,Patel,avery.patel.3536@example.com,2026-03-16,2026-04-10 09:27:22,8929.05,true,Free
3537,Quinn,Brown,quinn.brown.3537@example.com,2025-08-04,2026-04-22 14:08:02,6430.89,false,Pro
3538,Sasha,Johnson,sasha.johnson.3538@example.com,2025-10-12,2026-01-03 22:47:10,4994.56,false,Team
3539,Drew,Garcia,drew.garcia.3539@example.com,2025-08-21,2026-01-08 18:12:42,4182.13,true,Enterprise
3540,Alex,Nguyen,alex.nguyen.3540@example.com,2023-10-09,2023-12-02 12:53:48,4041.36,false,Free
3541,Jordan,Lopez,jordan.lopez.3541@example.com,2024-12-31,2025-07-11 05:49:20,5625.20,false,Pro
3542,Taylor,Kim,taylor.kim.3542@example.com,2025-11-15,2026-09-22 22:16:37,7161.73,true,Team
3543,Casey,Smith,casey.smith.3543@example.com,2025-12-07,2026-05-08 09:02:20,8119.68,true,Enterprise
3544,Morgan,Singh,morgan.singh.3544@example.com,2025-12-01,2026-10-08 19:53:41,2799.74,true,Free
3545,Riley,Müller,riley.müller.3545@example.com,2024-10-07,2025-05-12 10:02:43,5126.88,true,Pro
3546,Avery,Patel,avery.patel.3546@example.com,2023-10-14,2023-10-30 17:48:44,32.12,true,Team
3547,Quinn,Brown,quinn.brown.3547@example.com,2025-03-22,2025-04-27 20:14:28,8336.17,true,Enterprise
3548,Sasha,Johnson,sasha.johnson.3548@example.com,2025-02-13,2025-12-20 05:48:35,4209.82,true,Free
3549,Drew,Garcia,drew.garcia.3549@example.com,2024-09-21,2024-12-18 01:45:20,2777.58,true,Pro
3550,Alex,Nguyen,alex.nguyen.3550@example.com,2025-05-06,2025-08-27 05:31:47,1335.63,true,Team
3551,Jordan,Lopez,jordan.lopez.3551@example.com,2024-02-04,2024-03-15 11:16:02,2994.70,true,Enterprise
3552,Taylor,Kim,taylor.kim.3552@example.com,2023-12-07,2024-05-29 08:57:02,8699.80,true,Free
3553,Casey,Smith,casey.smith.3553@example.com,2024-10-12,2025-04-01 00:51:03,7526.35,true,Pro
3554,Morgan,Singh,morgan.singh.3554@example.com,2023-11-30,2024-09-20 17:51:28,6141.50,true,Team
3555,Riley,Müller,riley.müller.3555@example.com,2024-09-15,2025-01-19 00:28:44,2293.52,true,Enterprise
3556,Avery,Patel,avery.patel.3556@example.com,2024-10-24,2024-11-19 12:48:41,7638.40,true,Free
3557,Quinn,Brown,quinn.brown.3557@example.com,2023-07-05,2024-06-23 20:36:20,17.57,true,Pro
3558,Sasha,Johnson,sasha.johnson.3558@example.com,2024-05-07,2025-04-22 09:34:31,3574.32,true,Team
3559,Drew,Garcia,drew.garcia.3559@example.com,2025-07-14,2025-08-24 04:17:50,6808.74,true,Enterprise
3560,Alex,Nguyen,alex.nguyen.3560@example.com,2023-01-31,2024-01-18 18:33:47,3861.39,false,Free
3561,Jordan,Lopez,jordan.lopez.3561@example.com,2023-06-30,2023-07-12 19:17:42,6556.66,true,Pro
3562,Taylor,Kim,taylor.kim.3562@example.com,2025-01-20,2025-06-11 15:46:32,4431.46,true,Team
3563,Casey,Smith,casey.smith.3563@example.com,2025-08-14,2025-10-09 13:53:57,3137.32,false,Enterprise
3564,Morgan,Singh,morgan.singh.3564@example.com,2026-02-09,2026-04-17 18:51:09,9010.93,true,Free
3565,Riley,Müller,riley.müller.3565@example.com,2025-11-12,2025-11-29 22:12:00,6816.01,false,Pro
3566,Avery,Patel,avery.patel.3566@example.com,2023-10-12,2024-05-25 10:48:46,5283.38,true,Team
3567,Quinn,Brown,quinn.brown.3567@example.com,2023-12-30,2024-01-19 21:54:37,2803.09,true,Enterprise
3568,Sasha,Johnson,sasha.johnson.3568@example.com,2024-03-23,2024-12-02 04:03:58,1211.28,true,Free
3569,Drew,Garcia,drew.garcia.3569@example.com,2023-04-03,2023-12-01 12:45:14,1729.90,true,Pro
3570,Alex,Nguyen,alex.nguyen.3570@example.com,2025-07-09,2025-09-05 08:27:13,8651.22,true,Team
3571,Jordan,Lopez,jordan.lopez.3571@example.com,2025-11-07,2025-12-13 08:24:37,4828.67,true,Enterprise
3572,Taylor,Kim,taylor.kim.3572@example.com,2025-04-19,2025-09-06 01:57:20,7417.07,true,Free
3573,Casey,Smith,casey.smith.3573@example.com,2025-09-21,2026-01-17 23:39:59,5367.18,true,Pro
3574,Morgan,Singh,morgan.singh.3574@example.com,2023-09-22,2024-03-06 07:28:01,6391.48,false,Team
3575,Riley,Müller,riley.müller.3575@example.com,2023-04-10,2023-07-24 10:38:00,1881.22,true,Enterprise
3576,Avery,Patel,avery.patel.3576@example.com,2026-01-01,2026-07-02 10:56:50,5779.50,true,Free
3577,Quinn,Brown,quinn.brown.3577@example.com,2025-08-14,2026-04-21 00:46:33,465.36,true,Pro
3578,Sasha,Johnson,sasha.johnson.3578@example.com,2024-01-05,2024-03-03 22:48:51,3378.23,true,Team
3579,Drew,Garcia,drew.garcia.3579@example.com,2024-02-24,2024-10-23 14:03:39,2032.48,true,Enterprise
3580,Alex,Nguyen,alex.nguyen.3580@example.com,2024-10-11,2025-08-02 01:50:10,8301.07,false,Free
3581,Jordan,Lopez,jordan.lopez.3581@example.com,2023-08-06,2024-05-25 07:06:48,4616.42,true,Pro
3582,Taylor,Kim,taylor.kim.3582@example.com,2025-09-22,2025-10-21 08:49:29,967.85,true,Team
3583,Casey,Smith,casey.smith.3583@example.com,2024-07-09,2024-09-05 13:48:54,7619.01,true,Enterprise
3584,Morgan,Singh,morgan.singh.3584@example.com,2025-05-04,2026-03-30 18:35:57,7175.65,true,Free
3585,Riley,Müller,riley.müller.3585@example.com,2024-02-01,2024-07-07 11:32:52,5018.44,true,Pro
3586,Avery,Patel,avery.patel.3586@example.com,2024-01-05,2024-03-26 19:11:44,2463.59,false,Team
3587,Quinn,Brown,quinn.brown.3587@example.com,2023-08-27,2023-09-01 19:18:31,5960.38,true,Enterprise
3588,Sasha,Johnson,sasha.johnson.3588@example.com,2023-02-28,2023-11-14 07:13:21,734.39,false,Free
3589,Drew,Garcia,drew.garcia.3589@example.com,2023-01-11,2023-07-01 09:51:40,59.71,true,Pro
3590,Alex,Nguyen,alex.nguyen.3590@example.com,2023-09-08,2024-04-01 06:46:52,9486.82,true,Team
3591,Jordan,Lopez,jordan.lopez.3591@example.com,2026-01-31,2026-09-01 19:32:07,8628.00,false,Enterprise
3592,Taylor,Kim,taylor.kim.3592@example.com,2024-12-22,2025-12-19 12:51:42,844.76,true,Free
3593,Casey,Smith,casey.smith.3593@example.com,2025-03-12,2026-03-10 03:51:58,81.62,true,Pro
3594,Morgan,Singh,morgan.singh.3594@example.com,2025-01-29,2026-01-05 03:00:09,5389.75,true,Team
3595,Riley,Müller,riley.müller.3595@example.com,2023-05-06,2023-06-28 09:51:26,9172.40,true,Enterprise
3596,Avery,Patel,avery.patel.3596@example.com,2024-12-26,2025-06-13 00:24:44,9037.34,true,Free
3597,Quinn,Brown,quinn.brown.3597@example.com,2026-02-19,2027-01-25 10:24:21,863.09,true,Pro
3598,Sasha,Johnson,sasha.johnson.3598@example.com,2023-05-13,2024-02-21 20:39:22,1416.40,false,Team
3599,Drew,Garcia,drew.garcia.3599@example.com,2023-06-15,2024-02-11 19:37:51,7536.75,true,Enterprise
3600,Alex,Nguyen,alex.nguyen.3600@example.com,2025-08-16,2026-03-20 19:45:03,403.78,true,Free
3601,Jordan,Lopez,jordan.lopez.3601@example.com,2025-07-17,2026-02-19 10:07:09,2225.83,true,Pro
3602,Taylor,Kim,taylor.kim.3602@example.com,2023-04-07,2023-04-11 21:06:44,3988.99,true,Team
3603,Casey,Smith,casey.smith.3603@example.com,2023-10-18,2024-05-19 09:38:51,8450.88,true,Enterprise
3604,Morgan,Singh,morgan.singh.3604@example.com,2024-11-20,2025-11-15 15:51:31,9585.38,true,Free
3605,Riley,Müller,riley.müller.3605@example.com,2026-02-22,2026-04-06 10:40:08,5667.10,true,Pro
3606,Avery,Patel,avery.patel.3606@example.com,2023-01-08,2023-12-10 20:50:07,8094.28,false,Team
3607,Quinn,Brown,quinn.brown.3607@example.com,2023-12-23,2024-11-07 21:22:29,1175.04,true,Enterprise
3608,Sasha,Johnson,sasha.johnson.3608@example.com,2023-07-25,2024-04-01 13:20:40,5630.74,true,Free
3609,Drew,Garcia,drew.garcia.3609@example.com,2024-04-24,2024-08-16 01:38:32,5595.18,true,Pro
3610,Alex,Nguyen,alex.nguyen.3610@example.com,2025-01-20,2026-01-02 09:03:12,5034.38,true,Team
3611,Jordan,Lopez,jordan.lopez.3611@example.com,2025-09-13,2025-11-09 01:39:11,4610.67,true,Enterprise
3612,Taylor,Kim,taylor.kim.3612@example.com,2024-12-17,2025-09-12 10:52:42,9881.37,true,Free
3613,Casey,Smith,casey.smith.3613@example.com,2024-03-26,2025-01-11 17:46:11,4382.15,true,Pro
3614,Morgan,Singh,morgan.singh.3614@example.com,2026-01-27,2026-02-07 08:38:51,9137.37,true,Team
3615,Riley,Müller,riley.müller.3615@example.com,2025-09-29,2026-08-01 19:59:29,6243.92,true,Enterprise
3616,Avery,Patel,avery.patel.3616@example.com,2024-01-06,2024-05-06 03:35:03,3731.38,true,Free
3617,Quinn,Brown,quinn.brown.3617@example.com,2024-10-28,2025-06-11 07:50:23,4136.46,false,Pro
3618,Sasha,Johnson,sasha.johnson.3618@example.com,2023-01-26,2024-01-11 18:43:25,2979.07,true,Team
3619,Drew,Garcia,drew.garcia.3619@example.com,2023-05-29,2024-04-03 17:24:53,6520.17,true,Enterprise
3620,Alex,Nguyen,alex.nguyen.3620@example.com,2025-07-31,2025-11-11 10:10:54,5562.37,true,Free
3621,Jordan,Lopez,jordan.lopez.3621@example.com,2023-05-21,2023-10-16 19:12:54,1516.12,false,Pro
3622,Taylor,Kim,taylor.kim.3622@example.com,2026-02-03,2026-04-24 23:30:45,6523.05,true,Team
3623,Casey,Smith,casey.smith.3623@example.com,2026-04-22,2026-12-02 03:15:59,4623.88,true,Enterprise
3624,Morgan,Singh,morgan.singh.3624@example.com,2024-01-07,2024-08-17 16:15:23,2302.74,true,Free
3625,Riley,Müller,riley.müller.3625@example.com,2024-11-19,2025-09-07 11:58:40,6631.00,true,Pro
3626,Avery,Patel,avery.patel.3626@example.com,2023-01-23,2023-11-11 15:47:06,8915.66,true,Team
3627,Quinn,Brown,quinn.brown.3627@example.com,2024-08-25,2024-12-09 17:40:07,8057.00,true,Enterprise
3628,Sasha,Johnson,sasha.johnson.3628@example.com,2023-09-07,2024-06-24 21:15:48,3833.61,true,Free
3629,Drew,Garcia,drew.garcia.3629@example.com,2025-10-20,2026-04-01 00:17:53,5949.24,true,Pro
3630,Alex,Nguyen,alex.nguyen.3630@example.com,2025-11-25,2026-06-28 21:21:46,1319.16,true,Team
3631,Jordan,Lopez,jordan.lopez.3631@example.com,2025-09-26,2026-08-31 09:08:44,5590.20,true,Enterprise
3632,Taylor,Kim,taylor.kim.3632@example.com,2023-01-26,2023-07-26 10:52:25,301.51,true,Free
3633,Casey,Smith,casey.smith.3633@example.com,2024-06-19,2024-11-22 03:13:37,7776.62,false,Pro
3634,Morgan,Singh,morgan.singh.3634@example.com,2023-11-26,2023-12-27 14:34:12,5225.59,false,Team
3635,Riley,Müller,riley.müller.3635@example.com,2023-04-25,2023-12-20 08:35:17,9152.37,true,Enterprise
3636,Avery,Patel,avery.patel.3636@example.com,2025-02-12,2025-12-29 16:42:01,4617.60,true,Free
3637,Quinn,Brown,quinn.brown.3637@example.com,2023-12-09,2024-08-12 11:48:01,7029.04,true,Pro
3638,Sasha,Johnson,sasha.johnson.3638@example.com,2023-10-29,2024-01-05 15:22:21,3218.68,true,Team
3639,Drew,Garcia,drew.garcia.3639@example.com,2026-01-05,2026-12-15 04:28:46,4784.38,true,Enterprise
3640,Alex,Nguyen,alex.nguyen.3640@example.com,2023-08-04,2023-11-29 10:17:28,8318.58,true,Free
3641,Jordan,Lopez,jordan.lopez.3641@example.com,2023-06-06,2023-12-11 19:28:08,8585.64,true,Pro
3642,Taylor,Kim,taylor.kim.3642@example.com,2025-02-13,2025-07-01 21:41:04,9932.55,false,Team
3643,Casey,Smith,casey.smith.3643@example.com,2024-10-19,2025-03-13 06:05:34,8854.44,true,Enterprise
3644,Morgan,Singh,morgan.singh.3644@example.com,2025-08-27,2026-08-24 03:54:00,6581.34,true,Free
3645,Riley,Müller,riley.müller.3645@example.com,2024-12-09,2025-07-16 11:43:05,7014.22,true,Pro
3646,Avery,Patel,avery.patel.3646@example.com,2025-08-21,2026-07-10 03:48:46,7766.44,false,Team
3647,Quinn,Brown,quinn.brown.3647@example.com,2025-06-04,2025-07-13 03:36:16,4276.39,true,Enterprise
3648,Sasha,Johnson,sasha.johnson.3648@example.com,2024-12-05,2025-04-27 21:06:36,5265.43,true,Free
3649,Drew,Garcia,drew.garcia.3649@example.com,2024-02-24,2024-11-16 00:16:39,2768.94,false,Pro
3650,Alex,Nguyen,alex.nguyen.3650@example.com,2025-04-24,2025-05-07 05:25:14,861.00,true,Team
3651,Jordan,Lopez,jordan.lopez.3651@example.com,2025-06-17,2026-05-15 04:47:57,6874.22,true,Enterprise
3652,Taylor,Kim,taylor.kim.3652@example.com,2023-04-21,2023-10-05 08:40:23,3474.97,true,Free
3653,Casey,Smith,casey.smith.3653@example.com,2024-03-20,2024-07-29 05:01:02,8422.27,true,Pro
3654,Morgan,Singh,morgan.singh.3654@example.com,2023-01-20,2023-08-25 06:50:02,2728.37,true,Team
3655,Riley,Müller,riley.müller.3655@example.com,2025-11-28,2026-09-21 22:13:03,3219.67,true,Enterprise
3656,Avery,Patel,avery.patel.3656@example.com,2024-08-10,2025-06-30 01:34:46,352.85,true,Free
3657,Quinn,Brown,quinn.brown.3657@example.com,2024-03-06,2024-03-26 02:23:32,8046.49,false,Pro
3658,Sasha,Johnson,sasha.johnson.3658@example.com,2024-01-29,2024-03-27 04:22:17,9753.02,true,Team
3659,Drew,Garcia,drew.garcia.3659@example.com,2025-06-09,2025-06-22 19:55:38,2975.90,false,Enterprise
3660,Alex,Nguyen,alex.nguyen.3660@example.com,2025-04-13,2026-03-02 03:57:05,5736.95,false,Free
3661,Jordan,Lopez,jordan.lopez.3661@example.com,2023-01-24,2024-01-02 15:44:10,4739.91,true,Pro
3662,Taylor,Kim,taylor.kim.3662@example.com,2026-02-18,2026-04-11 20:24:42,7077.68,false,Team
3663,Casey,Smith,casey.smith.3663@example.com,2024-11-13,2025-10-12 16:25:33,9531.69,true,Enterprise
3664,Morgan,Singh,morgan.singh.3664@example.com,2025-04-14,2026-01-15 16:09:45,705.21,false,Free
3665,Riley,Müller,riley.müller.3665@example.com,2024-11-05,2025-08-30 01:20:49,1739.91,true,Pro
3666,Avery,Patel,avery.patel.3666@example.com,2023-10-10,2024-08-18 10:41:05,4388.40,true,Team
3667,Quinn,Brown,quinn.brown.3667@example.com,2024-12-19,2025-03-08 10:01:30,5046.79,true,Enterprise
3668,Sasha,Johnson,sasha.johnson.3668@example.com,2024-09-09,2024-10-29 03:00:59,7250.97,true,Free
3669,Drew,Garcia,drew.garcia.3669@example.com,2023-07-15,2024-04-10 09:46:04,4934.71,true,Pro
3670,Alex,Nguyen,alex.nguyen.3670@example.com,2024-12-08,2025-07-10 18:12:19,5138.02,true,Team
3671,Jordan,Lopez,jordan.lopez.3671@example.com,2025-08-03,2025-12-16 06:27:49,2682.12,true,Enterprise
3672,Taylor,Kim,taylor.kim.3672@example.com,2025-12-24,2026-10-21 14:19:41,5178.17,true,Free
3673,Casey,Smith,casey.smith.3673@example.com,2024-07-29,2024-11-16 10:45:52,5890.87,false,Pro
3674,Morgan,Singh,morgan.singh.3674@example.com,2025-03-21,2025-04-29 06:26:36,7004.39,false,Team
3675,Riley,Müller,riley.müller.3675@example.com,2025-08-13,2025-12-09 21:33:16,2296.85,true,Enterprise
3676,Avery,Patel,avery.patel.3676@example.com,2025-04-14,2025-08-28 03:00:45,3990.13,true,Free
3677,Quinn,Brown,quinn.brown.3677@example.com,2023-09-09,2024-09-04 15:35:43,6962.44,false,Pro
3678,Sasha,Johnson,sasha.johnson.3678@example.com,2025-12-31,2026-02-25 14:27:32,1567.29,false,Team
3679,Drew,Garcia,drew.garcia.3679@example.com,2025-04-07,2025-05-25 14:07:17,7900.39,true,Enterprise
3680,Alex,Nguyen,alex.nguyen.3680@example.com,2023-04-06,2023-06-24 06:18:53,8767.30,true,Free
3681,Jordan,Lopez,jordan.lopez.3681@example.com,2025-11-15,2026-05-25 09:01:17,568.15,true,Pro
3682,Taylor,Kim,taylor.kim.3682@example.com,2023-07-26,2023-11-20 21:49:13,6664.91,true,Team
3683,Casey,Smith,casey.smith.3683@example.com,2025-10-17,2025-12-24 23:20:10,2034.11,true,Enterprise
3684,Morgan,Singh,morgan.singh.3684@example.com,2023-12-15,2024-06-26 03:36:12,6731.67,true,Free
3685,Riley,Müller,riley.müller.3685@example.com,2025-09-19,2026-06-15 09:01:28,9378.08,true,Pro
3686,Avery,Patel,avery.patel.3686@example.com,2024-05-03,2024-10-04 06:36:17,2986.95,true,Team
3687,Quinn,Brown,quinn.brown.3687@example.com,2025-07-10,2026-04-21 23:19:35,9571.72,true,Enterprise
3688,Sasha,Johnson,sasha.johnson.3688@example.com,2023-07-07,2024-05-22 08:27:26,7293.39,true,Free
3689,Drew,Garcia,drew.garcia.3689@example.com,2024-08-26,2025-01-31 12:10:11,4286.70,true,Pro
3690,Alex,Nguyen,alex.nguyen.3690@example.com,2023-10-21,2024-09-28 12:43:09,4965.01,true,Team
3691,Jordan,Lopez,jordan.lopez.3691@example.com,2025-08-19,2025-11-30 20:38:47,2445.79,true,Enterprise
3692,Taylor,Kim,taylor.kim.3692@example.com,2025-05-12,2025-11-02 01:04:03,531.59,true,Free
3693,Casey,Smith,casey.smith.3693@example.com,2023-05-23,2023-11-07 20:47:19,8187.08,true,Pro
3694,Morgan,Singh,morgan.singh.3694@example.com,2025-08-26,2026-04-07 03:00:34,9810.91,true,Team
3695,Riley,Müller,riley.müller.3695@example.com,2026-03-19,2026-10-21 07:51:33,9048.27,true,Enterprise
3696,Avery,Patel,avery.patel.3696@example.com,2023-11-18,2024-01-02 19:04:58,4982.21,true,Free
3697,Quinn,Brown,quinn.brown.3697@example.com,2023-07-18,2024-06-26 08:41:48,732.31,true,Pro
3698,Sasha,Johnson,sasha.johnson.3698@example.com,2025-07-14,2025-07-17 12:05:33,8457.78,true,Team
3699,Drew,Garcia,drew.garcia.3699@example.com,2023-04-12,2023-07-30 01:45:30,8623.95,false,Enterprise
3700,Alex,Nguyen,alex.nguyen.3700@example.com,2023-05-17,2023-09-08 09:14:44,7532.58,true,Free
3701,Jordan,Lopez,jordan.lopez.3701@example.com,2023-02-10,2023-09-14 13:07:59,5751.90,false,Pro
3702,Taylor,Kim,taylor.kim.3702@example.com,2023-09-28,2024-08-08 10:50:46,8153.02,true,Team
3703,Casey,Smith,casey.smith.3703@example.com,2025-01-19,2026-01-14 10:04:08,7629.86,true,Enterprise
3704,Morgan,Singh,morgan.singh.3704@example.com,2023-02-11,2023-03-10 03:08:21,4315.23,false,Free
3705,Riley,Müller,riley.müller.3705@example.com,2023-05-19,2024-03-13 08:21:22,1476.32,true,Pro
3706,Avery,Patel,avery.patel.3706@example.com,2026-03-20,2026-10-02 22:21:38,2031.03,true,Team
3707,Quinn,Brown,quinn.brown.3707@example.com,2026-01-04,2026-10-12 03:08:56,2635.74,true,Enterprise
3708,Sasha,Johnson,sasha.johnson.3708@example.com,2025-06-26,2026-05-01 00:40:34,3562.29,true,Free
3709,Drew,Garcia,drew.garcia.3709@example.com,2024-10-23,2025-08-14 01:56:32,8474.38,true,Pro
3710,Alex,Nguyen,alex.nguyen.3710@example.com,2024-12-27,2025-11-02 05:33:29,6215.12,true,Team
3711,Jordan,Lopez,jordan.lopez.3711@example.com,2023-08-31,2024-05-29 06:11:34,2830.50,true,Enterprise
3712,Taylor,Kim,taylor.kim.3712@example.com,2023-09-15,2023-10-18 10:43:43,9892.50,true,Free
3713,Casey,Smith,casey.smith.3713@example.com,2024-08-07,2025-06-26 09:30:39,3545.27,true,Pro
3714,Morgan,Singh,morgan.singh.3714@example.com,2026-01-28,2026-05-28 09:40:28,5147.07,true,Team
3715,Riley,Müller,riley.müller.3715@example.com,2024-06-09,2024-08-19 15:47:58,6743.04,false,Enterprise
3716,Avery,Patel,avery.patel.3716@example.com,2023-12-06,2024-11-23 13:12:27,4346.35,false,Free
3717,Quinn,Brown,quinn.brown.3717@example.com,2024-11-28,2025-11-19 19:35:50,5783.69,true,Pro
3718,Sasha,Johnson,sasha.johnson.3718@example.com,2023-12-20,2024-10-01 23:16:44,6896.37,true,Team
3719,Drew,Garcia,drew.garcia.3719@example.com,2025-01-26,2025-09-14 14:50:27,3123.06,true,Enterprise
3720,Alex,Nguyen,alex.nguyen.3720@example.com,2024-12-17,2025-11-06 11:26:20,1691.28,true,Free
3721,Jordan,Lopez,jordan.lopez.3721@example.com,2025-06-20,2025-07-23 01:21:35,8794.91,true,Pro
3722,Taylor,Kim,taylor.kim.3722@example.com,2024-12-26,2025-04-19 04:36:27,3075.75,true,Team
3723,Casey,Smith,casey.smith.3723@example.com,2023-08-15,2024-01-23 19:04:33,1366.05,true,Enterprise
3724,Morgan,Singh,morgan.singh.3724@example.com,2023-12-17,2024-09-27 19:12:56,3410.36,false,Free
3725,Riley,Müller,riley.müller.3725@example.com,2024-01-16,2024-12-19 08:02:39,5381.11,true,Pro
3726,Avery,Patel,avery.patel.3726@example.com,2024-03-03,2024-08-27 00:55:15,6913.15,true,Team
3727,Quinn,Brown,quinn.brown.3727@example.com,2024-03-06,2024-11-22 14:49:32,7474.28,true,Enterprise
3728,Sasha,Johnson,sasha.johnson.3728@example.com,2026-01-31,2026-03-30 06:22:05,7286.46,false,Free
3729,Drew,Garcia,drew.garcia.3729@example.com,2026-01-09,2026-07-31 10:15:42,5093.80,true,Pro
3730,Alex,Nguyen,alex.nguyen.3730@example.com,2025-03-18,2025-09-04 17:29:00,2039.61,false,Team
3731,Jordan,Lopez,jordan.lopez.3731@example.com,2023-06-22,2024-03-03 19:44:50,1213.39,true,Enterprise
3732,Taylor,Kim,taylor.kim.3732@example.com,2023-11-21,2024-06-06 20:53:13,9301.65,true,Free
3733,Casey,Smith,casey.smith.3733@example.com,2024-11-02,2025-07-19 02:38:52,9951.80,true,Pro
3734,Morgan,Singh,morgan.singh.3734@example.com,2024-02-24,2024-12-30 09:45:11,5432.58,true,Team
3735,Riley,Müller,riley.müller.3735@example.com,2026-01-10,2026-05-31 12:30:16,4363.15,true,Enterprise
3736,Avery,Patel,avery.patel.3736@example.com,2024-10-24,2025-02-17 12:41:10,9742.65,true,Free
3737,Quinn,Brown,quinn.brown.3737@example.com,2024-11-30,2025-07-11 10:35:09,8627.83,true,Pro
3738,Sasha,Johnson,sasha.johnson.3738@example.com,2026-01-29,2026-12-07 14:47:34,8606.17,true,Team
3739,Drew,Garcia,drew.garcia.3739@example.com,2026-04-23,2027-03-07 12:10:53,8253.13,true,Enterprise
3740,Alex,Nguyen,alex.nguyen.3740@example.com,2023-03-13,2024-01-05 20:58:39,253.42,true,Free
3741,Jordan,Lopez,jordan.lopez.3741@example.com,2024-02-09,2024-03-17 07:40:17,5696.39,true,Pro
3742,Taylor,Kim,taylor.kim.3742@example.com,2023-12-17,2024-11-12 12:55:54,1908.19,true,Team
3743,Casey,Smith,casey.smith.3743@example.com,2025-04-27,2025-10-14 13:47:31,319.23,true,Enterprise
3744,Morgan,Singh,morgan.singh.3744@example.com,2026-01-18,2026-04-19 02:49:10,137.45,true,Free
3745,Riley,Müller,riley.müller.3745@example.com,2023-05-15,2023-10-14 09:36:24,4104.63,false,Pro
3746,Avery,Patel,avery.patel.3746@example.com,2023-11-23,2024-04-16 07:06:26,8436.57,true,Team
3747,Quinn,Brown,quinn.brown.3747@example.com,2025-12-19,2026-01-18 05:11:24,8415.04,true,Enterprise
3748,Sasha,Johnson,sasha.johnson.3748@example.com,2025-11-23,2026-10-24 03:52:52,631.38,false,Free
3749,Drew,Garcia,drew.garcia.3749@example.com,2025-06-06,2025-12-11 17:59:55,9809.95,true,Pro
3750,Alex,Nguyen,alex.nguyen.3750@example.com,2023-07-15,2024-07-03 14:11:52,3767.51,true,Team
3751,Jordan,Lopez,jordan.lopez.3751@example.com,2025-12-30,2026-09-11 15:13:31,8561.09,true,Enterprise
3752,Taylor,Kim,taylor.kim.3752@example.com,2024-12-23,2025-05-23 19:39:22,2927.35,true,Free
3753,Casey,Smith,casey.smith.3753@example.com,2024-10-08,2024-11-24 06:39:43,8769.22,true,Pro
3754,Morgan,Singh,morgan.singh.3754@example.com,2024-09-26,2025-03-19 16:04:44,6020.36,true,Team
3755,Riley,Müller,riley.müller.3755@example.com,2025-12-04,2025-12-30 04:23:37,1055.76,false,Enterprise
3756,Avery,Patel,avery.patel.3756@example.com,2024-09-07,2025-02-21 09:21:57,4231.71,true,Free
3757,Quinn,Brown,quinn.brown.3757@example.com,2025-05-13,2025-09-12 02:24:45,878.46,true,Pro
3758,Sasha,Johnson,sasha.johnson.3758@example.com,2023-05-02,2023-10-29 13:05:27,8533.70,true,Team
3759,Drew,Garcia,drew.garcia.3759@example.com,2025-03-09,2026-01-21 01:48:56,7591.26,true,Enterprise
3760,Alex,Nguyen,alex.nguyen.3760@example.com,2024-09-03,2025-05-24 21:10:30,7729.26,false,Free
3761,Jordan,Lopez,jordan.lopez.3761@example.com,2024-07-21,2024-10-01 06:07:02,4791.86,true,Pro
3762,Taylor,Kim,taylor.kim.3762@example.com,2024-12-24,2025-12-02 11:15:45,2571.22,true,Team
3763,Casey,Smith,casey.smith.3763@example.com,2026-03-23,2026-08-16 18:20:00,3133.33,true,Enterprise
3764,Morgan,Singh,morgan.singh.3764@example.com,2025-07-06,2026-06-02 17:57:21,586.14,true,Free
3765,Riley,Müller,riley.müller.3765@example.com,2025-11-03,2026-05-14 20:14:50,4132.79,false,Pro
3766,Avery,Patel,avery.patel.3766@example.com,2023-06-15,2024-04-14 17:49:23,2780.92,true,Team
3767,Quinn,Brown,quinn.brown.3767@example.com,2026-01-31,2026-07-05 10:49:28,2632.74,true,Enterprise
3768,Sasha,Johnson,sasha.johnson.3768@example.com,2023-03-31,2023-12-07 18:46:12,6786.42,true,Free
3769,Drew,Garcia,drew.garcia.3769@example.com,2026-01-26,2026-07-21 10:12:09,534.76,false,Pro
3770,Alex,Nguyen,alex.nguyen.3770@example.com,2023-09-16,2023-10-26 07:05:20,9151.21,true,Team
3771,Jordan,Lopez,jordan.lopez.3771@example.com,2023-02-19,2023-02-21 04:13:57,9309.86,true,Enterprise
3772,Taylor,Kim,taylor.kim.3772@example.com,2026-04-08,2027-02-25 03:12:32,9051.17,false,Free
3773,Casey,Smith,casey.smith.3773@example.com,2025-12-10,2026-01-04 07:21:44,2329.91,true,Pro
3774,Morgan,Singh,morgan.singh.3774@example.com,2024-06-12,2025-02-04 17:19:51,5069.81,false,Team
3775,Riley,Müller,riley.müller.3775@example.com,2025-07-28,2026-04-16 00:10:59,4644.81,true,Enterprise
3776,Avery,Patel,avery.patel.3776@example.com,2023-08-15,2023-09-03 02:58:54,4696.02,false,Free
3777,Quinn,Brown,quinn.brown.3777@example.com,2025-05-09,2025-06-24 00:18:15,961.47,true,Pro
3778,Sasha,Johnson,sasha.johnson.3778@example.com,2025-03-06,2025-12-29 17:07:57,4841.97,true,Team
3779,Drew,Garcia,drew.garcia.3779@example.com,2023-11-02,2024-10-10 13:28:42,2218.26,true,Enterprise
3780,Alex,Nguyen,alex.nguyen.3780@example.com,2023-07-25,2024-02-06 22:24:04,5494.44,true,Free
3781,Jordan,Lopez,jordan.lopez.3781@example.com,2026-01-26,2026-07-21 07:51:39,9699.12,true,Pro
3782,Taylor,Kim,taylor.kim.3782@example.com,2023-08-23,2024-08-16 06:08:58,5524.79,true,Team
3783,Casey,Smith,casey.smith.3783@example.com,2025-01-28,2025-03-02 12:27:31,5466.29,true,Enterprise
3784,Morgan,Singh,morgan.singh.3784@example.com,2023-05-03,2023-05-14 18:49:01,12.55,true,Free
3785,Riley,Müller,riley.müller.3785@example.com,2024-05-22,2024-06-21 13:15:59,5584.17,true,Pro
3786,Avery,Patel,avery.patel.3786@example.com,2025-05-10,2026-04-08 08:24:24,8758.20,true,Team
3787,Quinn,Brown,quinn.brown.3787@example.com,2025-08-19,2026-07-04 16:53:17,1068.78,true,Enterprise
3788,Sasha,Johnson,sasha.johnson.3788@example.com,2026-02-03,2026-02-09 23:47:32,2113.03,true,Free
3789,Drew,Garcia,drew.garcia.3789@example.com,2025-01-23,2025-02-28 04:41:30,5134.86,true,Pro
3790,Alex,Nguyen,alex.nguyen.3790@example.com,2024-07-15,2024-09-10 14:59:59,5583.94,true,Team
3791,Jordan,Lopez,jordan.lopez.3791@example.com,2024-04-18,2024-07-10 18:37:58,8350.32,true,Enterprise
3792,Taylor,Kim,taylor.kim.3792@example.com,2025-07-03,2025-12-21 05:13:07,4214.56,true,Free
3793,Casey,Smith,casey.smith.3793@example.com,2025-05-31,2025-10-20 12:15:05,3414.55,true,Pro
3794,Morgan,Singh,morgan.singh.3794@example.com,2025-02-02,2025-08-29 04:33:34,368.39,true,Team
3795,Riley,Müller,riley.müller.3795@example.com,2024-05-18,2024-08-24 04:26:13,9564.88,true,Enterprise
3796,Avery,Patel,avery.patel.3796@example.com,2024-07-24,2025-03-12 12:18:23,7223.33,true,Free
3797,Quinn,Brown,quinn.brown.3797@example.com,2026-02-01,2026-08-17 12:36:01,1750.66,true,Pro
3798,Sasha,Johnson,sasha.johnson.3798@example.com,2025-11-03,2026-08-29 07:44:02,497.23,true,Team
3799,Drew,Garcia,drew.garcia.3799@example.com,2025-02-09,2025-09-25 10:15:24,8532.86,true,Enterprise
3800,Alex,Nguyen,alex.nguyen.3800@example.com,2026-01-10,2026-05-04 20:33:42,7156.27,true,Free
3801,Jordan,Lopez,jordan.lopez.3801@example.com,2023-05-07,2023-06-06 16:42:04,1978.83,false,Pro
3802,Taylor,Kim,taylor.kim.3802@example.com,2024-01-20,2024-10-18 06:20:09,1044.92,true,Team
3803,Casey,Smith,casey.smith.3803@example.com,2026-01-25,2026-08-20 21:52:41,5539.85,true,Enterprise
3804,Morgan,Singh,morgan.singh.3804@example.com,2024-10-17,2025-02-20 03:24:36,2777.11,true,Free
3805,Riley,Müller,riley.müller.3805@example.com,2023-08-07,2024-01-07 22:11:21,9191.29,true,Pro
3806,Avery,Patel,avery.patel.3806@example.com,2023-05-04,2023-08-10 12:44:23,5841.60,true,Team
3807,Quinn,Brown,quinn.brown.3807@example.com,2024-06-08,2025-03-31 21:34:32,1546.53,true,Enterprise
3808,Sasha,Johnson,sasha.johnson.3808@example.com,2023-03-28,2023-10-18 20:48:55,7457.10,true,Free
3809,Drew,Garcia,drew.garcia.3809@example.com,2024-07-04,2025-02-26 23:43:56,86.36,true,Pro
3810,Alex,Nguyen,alex.nguyen.3810@example.com,2023-08-29,2023-12-30 09:02:34,4413.79,true,Team
3811,Jordan,Lopez,jordan.lopez.3811@example.com,2025-04-13,2025-11-07 23:27:43,9707.83,true,Enterprise
3812,Taylor,Kim,taylor.kim.3812@example.com,2026-02-18,2026-08-24 07:02:15,460.21,false,Free
3813,Casey,Smith,casey.smith.3813@example.com,2024-10-18,2025-04-05 21:59:19,5360.49,false,Pro
3814,Morgan,Singh,morgan.singh.3814@example.com,2025-03-02,2025-12-19 13:46:15,8627.38,true,Team
3815,Riley,Müller,riley.müller.3815@example.com,2025-01-12,2025-09-07 20:04:43,5192.43,false,Enterprise
3816,Avery,Patel,avery.patel.3816@example.com,2025-03-31,2025-12-08 04:30:24,7141.14,true,Free
3817,Quinn,Brown,quinn.brown.3817@example.com,2023-08-17,2024-03-15 08:08:45,2642.37,true,Pro
3818,Sasha,Johnson,sasha.johnson.3818@example.com,2026-01-18,2026-09-19 02:16:32,9680.27,false,Team
3819,Drew,Garcia,drew.garcia.3819@example.com,2023-09-27,2024-07-24 09:13:24,8170.74,true,Enterprise
3820,Alex,Nguyen,alex.nguyen.3820@example.com,2024-08-22,2025-05-26 00:04:10,3417.62,true,Free
3821,Jordan,Lopez,jordan.lopez.3821@example.com,2024-08-20,2024-08-29 20:34:38,7727.62,true,Pro
3822,Taylor,Kim,taylor.kim.3822@example.com,2025-09-16,2026-07-15 15:24:05,3558.01,true,Team
3823,Casey,Smith,casey.smith.3823@example.com,2023-03-25,2024-03-21 06:39:53,6752.49,true,Enterprise
3824,Morgan,Singh,morgan.singh.3824@example.com,2023-10-02,2024-03-16 10:20:30,5731.04,true,Free
3825,Riley,Müller,riley.müller.3825@example.com,2026-03-15,2026-08-29 15:13:58,7708.12,true,Pro
3826,Avery,Patel,avery.patel.3826@example.com,2026-03-30,2026-09-08 01:38:01,2127.96,true,Team
3827,Quinn,Brown,quinn.brown.3827@example.com,2024-07-25,2025-03-15 06:27:47,8164.75,true,Enterprise
3828,Sasha,Johnson,sasha.johnson.3828@example.com,2024-02-15,2024-11-28 11:47:53,5596.54,false,Free
3829,Drew,Garcia,drew.garcia.3829@example.com,2023-11-27,2024-03-13 10:29:32,3600.11,false,Pro
3830,Alex,Nguyen,alex.nguyen.3830@example.com,2024-07-14,2024-12-17 12:57:20,8109.48,true,Team
3831,Jordan,Lopez,jordan.lopez.3831@example.com,2023-06-10,2023-12-11 05:58:42,1106.40,true,Enterprise
3832,Taylor,Kim,taylor.kim.3832@example.com,2024-10-22,2025-09-12 17:34:21,9963.75,true,Free
3833,Casey,Smith,casey.smith.3833@example.com,2024-07-24,2025-07-20 10:03:13,884.30,true,Pro
3834,Morgan,Singh,morgan.singh.3834@example.com,2025-06-09,2026-01-05 11:53:41,8594.07,true,Team
3835,Riley,Müller,riley.müller.3835@example.com,2023-07-06,2023-07-26 01:45:29,8573.14,true,Enterprise
3836,Avery,Patel,avery.patel.3836@example.com,2025-06-23,2026-06-22 04:27:06,2998.59,false,Free
3837,Quinn,Brown,quinn.brown.3837@example.com,2024-07-10,2025-06-08 07:05:03,5368.71,false,Pro
3838,Sasha,Johnson,sasha.johnson.3838@example.com,2025-04-22,2025-04-22 11:46:01,733.85,false,Team
3839,Drew,Garcia,drew.garcia.3839@example.com,2023-02-19,2024-01-22 04:53:51,4362.07,true,Enterprise
3840,Alex,Nguyen,alex.nguyen.3840@example.com,2024-09-05,2024-10-20 23:26:51,6123.12,true,Free
3841,Jordan,Lopez,jordan.lopez.3841@example.com,2025-02-09,2025-04-12 01:31:45,8345.90,true,Pro
3842,Taylor,Kim,taylor.kim.3842@example.com,2024-04-02,2025-01-13 09:36:55,6451.84,false,Team
3843,Casey,Smith,casey.smith.3843@example.com,2024-06-18,2024-10-20 05:09:18,6190.85,true,Enterprise
3844,Morgan,Singh,morgan.singh.3844@example.com,2025-01-13,2025-01-29 20:32:33,7917.30,true,Free
3845,Riley,Müller,riley.müller.3845@example.com,2023-03-20,2023-07-23 09:54:45,9655.81,true,Pro
3846,Avery,Patel,avery.patel.3846@example.com,2026-01-02,2026-04-01 05:42:12,345.49,true,Team
3847,Quinn,Brown,quinn.brown.3847@example.com,2025-10-30,2026-01-11 16:59:30,6773.13,true,Enterprise
3848,Sasha,Johnson,sasha.johnson.3848@example.com,2023-12-03,2024-02-05 12:52:07,219.36,true,Free
3849,Drew,Garcia,drew.garcia.3849@example.com,2023-10-28,2023-11-08 10:35:34,9394.83,true,Pro
3850,Alex,Nguyen,alex.nguyen.3850@example.com,2025-09-12,2025-12-30 19:47:58,8036.07,true,Team
3851,Jordan,Lopez,jordan.lopez.3851@example.com,2024-07-08,2024-07-11 12:35:55,5008.38,true,Enterprise
3852,Taylor,Kim,taylor.kim.3852@example.com,2025-09-06,2025-11-29 23:33:22,4021.02,true,Free
3853,Casey,Smith,casey.smith.3853@example.com,2025-11-29,2026-04-20 15:23:45,7245.65,true,Pro
3854,Morgan,Singh,morgan.singh.3854@example.com,2024-08-24,2024-11-08 02:35:33,2494.41,true,Team
3855,Riley,Müller,riley.müller.3855@example.com,2024-09-07,2024-12-01 19:42:49,920.81,true,Enterprise
3856,Avery,Patel,avery.patel.3856@example.com,2023-09-07,2023-10-20 16:35:21,6284.83,false,Free
3857,Quinn,Brown,quinn.brown.3857@example.com,2024-07-19,2025-07-11 05:35:12,173.63,true,Pro
3858,Sasha,Johnson,sasha.johnson.3858@example.com,2023-09-14,2024-03-05 06:05:09,4282.90,true,Team
3859,Drew,Garcia,drew.garcia.3859@example.com,2025-02-04,2025-10-18 22:51:34,1190.62,true,Enterprise
3860,Alex,Nguyen,alex.nguyen.3860@example.com,2023-09-25,2024-02-27 07:09:53,451.92,true,Free
3861,Jordan,Lopez,jordan.lopez.3861@example.com,2026-02-25,2026-05-19 12:36:02,1826.89,false,Pro
3862,Taylor,Kim,taylor.kim.3862@example.com,2025-12-25,2026-01-14 17:44:14,3926.90,true,Team
3863,Casey,Smith,casey.smith.3863@example.com,2025-10-23,2025-10-28 13:14:51,1579.28,true,Enterprise
3864,Morgan,Singh,morgan.singh.3864@example.com,2026-03-10,2026-11-19 14:43:27,9092.93,true,Free
3865,Riley,Müller,riley.müller.3865@example.com,2026-03-03,2027-01-24 00:59:07,7496.95,true,Pro
3866,Avery,Patel,avery.patel.3866@example.com,2025-08-07,2025-12-01 07:49:54,9705.62,true,Team
3867,Quinn,Brown,quinn.brown.3867@example.com,2024-04-25,2024-05-11 05:46:14,606.56,true,Enterprise
3868,Sasha,Johnson,sasha.johnson.3868@example.com,2023-10-06,2024-05-05 04:55:49,5806.71,true,Free
3869,Drew,Garcia,drew.garcia.3869@example.com,2024-07-13,2024-10-14 00:09:34,8607.37,true,Pro
3870,Alex,Nguyen,alex.nguyen.3870@example.com,2025-10-31,2026-10-18 05:00:20,4148.75,true,Team
3871,Jordan,Lopez,jordan.lopez.3871@example.com,2023-12-06,2024-03-16 13:11:56,6741.97,true,Enterprise
3872,Taylor,Kim,taylor.kim.3872@example.com,2025-12-21,2026-04-17 22:22:11,2005.81,true,Free
3873,Casey,Smith,casey.smith.3873@example.com,2025-01-16,2025-07-26 23:06:02,3262.54,true,Pro
3874,Morgan,Singh,morgan.singh.3874@example.com,2025-11-29,2026-10-01 21:34:05,176.62,true,Team
3875,Riley,Müller,riley.müller.3875@example.com,2024-08-03,2024-12-28 23:29:32,6754.13,true,Enterprise
3876,Avery,Patel,avery.patel.3876@example.com,2025-10-19,2025-11-05 11:34:51,770.45,true,Free
3877,Quinn,Brown,quinn.brown.3877@example.com,2025-03-27,2025-05-25 04:44:35,9260.57,true,Pro
3878,Sasha,Johnson,sasha.johnson.3878@example.com,2024-02-18,2024-09-09 14:00:11,4748.30,true,Team
3879,Drew,Garcia,drew.garcia.3879@example.com,2024-07-02,2024-08-30 02:00:43,7684.10,false,Enterprise
3880,Alex,Nguyen,alex.nguyen.3880@example.com,2023-01-15,2023-12-30 03:05:14,6196.86,true,Free
3881,Jordan,Lopez,jordan.lopez.3881@example.com,2025-07-07,2026-04-07 06:19:59,4923.39,true,Pro
3882,Taylor,Kim,taylor.kim.3882@example.com,2024-08-26,2024-11-22 02:37:48,6010.52,true,Team
3883,Casey,Smith,casey.smith.3883@example.com,2026-02-04,2026-10-30 23:01:53,4330.25,true,Enterprise
3884,Morgan,Singh,morgan.singh.3884@example.com,2025-10-27,2025-11-08 16:52:51,2968.33,true,Free
3885,Riley,Müller,riley.müller.3885@example.com,2025-03-20,2025-11-02 08:59:15,2544.18,true,Pro
3886,Avery,Patel,avery.patel.3886@example.com,2025-02-09,2026-01-16 05:42:15,9623.06,false,Team
3887,Quinn,Brown,quinn.brown.3887@example.com,2025-01-02,2025-04-10 01:37:21,7078.13,true,Enterprise
3888,Sasha,Johnson,sasha.johnson.3888@example.com,2024-02-09,2024-03-14 22:17:56,6107.78,false,Free
3889,Drew,Garcia,drew.garcia.3889@example.com,2024-06-15,2024-09-12 14:08:18,7253.66,true,Pro
3890,Alex,Nguyen,alex.nguyen.3890@example.com,2023-11-13,2024-05-29 13:58:25,9038.82,true,Team
3891,Jordan,Lopez,jordan.lopez.3891@example.com,2023-09-14,2024-04-06 02:07:51,2776.94,true,Enterprise
3892,Taylor,Kim,taylor.kim.3892@example.com,2025-10-05,2026-05-28 16:07:50,1960.84,true,Free
3893,Casey,Smith,casey.smith.3893@example.com,2025-07-27,2025-10-20 09:50:57,5516.61,true,Pro
3894,Morgan,Singh,morgan.singh.3894@example.com,2025-02-01,2025-11-11 18:57:59,6964.64,true,Team
3895,Riley,Müller,riley.müller.3895@example.com,2026-01-15,2026-05-20 18:33:47,8855.01,true,Enterprise
3896,Avery,Patel,avery.patel.3896@example.com,2025-06-05,2025-10-24 16:15:08,2092.26,true,Free
3897,Quinn,Brown,quinn.brown.3897@example.com,2024-04-13,2024-11-10 15:40:38,5174.98,true,Pro
3898,Sasha,Johnson,sasha.johnson.3898@example.com,2024-12-04,2025-07-01 01:19:37,3243.28,true,Team
3899,Drew,Garcia,drew.garcia.3899@example.com,2025-03-09,2026-02-20 14:26:59,8284.68,true,Enterprise
3900,Alex,Nguyen,alex.nguyen.3900@example.com,2024-10-16,2024-12-17 14:40:23,3639.64,false,Free
3901,Jordan,Lopez,jordan.lopez.3901@example.com,2026-03-09,2026-12-11 17:44:31,6326.21,false,Pro
3902,Taylor,Kim,taylor.kim.3902@example.com,2023-11-06,2024-07-19 00:10:39,598.44,true,Team
3903,Casey,Smith,casey.smith.3903@example.com,2023-12-23,2024-06-12 18:06:09,8571.11,true,Enterprise
3904,Morgan,Singh,morgan.singh.3904@example.com,2023-11-03,2024-02-26 08:32:53,5100.52,true,Free
3905,Riley,Müller,riley.müller.3905@example.com,2024-09-01,2024-12-15 19:04:36,3047.77,true,Pro
3906,Avery,Patel,avery.patel.3906@example.com,2024-02-19,2024-04-22 09:29:35,1081.47,true,Team
3907,Quinn,Brown,quinn.brown.3907@example.com,2023-09-18,2024-02-22 17:58:33,4581.12,true,Enterprise
3908,Sasha,Johnson,sasha.johnson.3908@example.com,2025-03-11,2025-04-25 04:19:20,2089.74,true,Free
3909,Drew,Garcia,drew.garcia.3909@example.com,2023-03-07,2023-05-26 06:59:02,5242.44,true,Pro
3910,Alex,Nguyen,alex.nguyen.3910@example.com,2023-07-15,2023-07-21 17:37:51,8050.81,true,Team
3911,Jordan,Lopez,jordan.lopez.3911@example.com,2023-07-22,2024-04-20 23:00:45,5824.28,false,Enterprise
3912,Taylor,Kim,taylor.kim.3912@example.com,2023-05-02,2023-06-12 10:39:12,6765.20,true,Free
3913,Casey,Smith,casey.smith.3913@example.com,2024-03-11,2025-01-07 20:14:31,3461.90,true,Pro
3914,Morgan,Singh,morgan.singh.3914@example.com,2023-12-15,2024-04-06 18:38:12,9328.06,true,Team
3915,Riley,Müller,riley.müller.3915@example.com,2025-07-22,2026-03-27 22:35:01,4260.17,true,Enterprise
3916,Avery,Patel,avery.patel.3916@example.com,2023-10-07,2024-06-21 23:16:41,9101.84,true,Free
3917,Quinn,Brown,quinn.brown.3917@example.com,2024-04-28,2024-12-25 22:52:35,1699.43,true,Pro
3918,Sasha,Johnson,sasha.johnson.3918@example.com,2024-01-25,2024-03-15 01:05:09,4330.86,true,Team
3919,Drew,Garcia,drew.garcia.3919@example.com,2025-10-04,2026-01-26 05:36:38,4415.91,true,Enterprise
3920,Alex,Nguyen,alex.nguyen.3920@example.com,2023-02-27,2023-10-19 03:56:06,4509.19,true,Free
3921,Jordan,Lopez,jordan.lopez.3921@example.com,2024-08-30,2025-05-05 08:44:54,9423.05,true,Pro
3922,Taylor,Kim,taylor.kim.3922@example.com,2023-03-21,2023-10-21 19:21:39,769.40,false,Team
3923,Casey,Smith,casey.smith.3923@example.com,2024-08-24,2025-07-13 15:24:26,6716.61,true,Enterprise
3924,Morgan,Singh,morgan.singh.3924@example.com,2023-06-17,2024-04-11 19:47:31,1069.87,true,Free
3925,Riley,Müller,riley.müller.3925@example.com,2025-09-09,2026-07-07 20:26:37,8824.19,true,Pro
3926,Avery,Patel,avery.patel.3926@example.com,2023-04-25,2023-08-22 07:13:59,1637.95,true,Team
3927,Quinn,Brown,quinn.brown.3927@example.com,2025-05-09,2026-03-06 01:32:55,3965.12,true,Enterprise
3928,Sasha,Johnson,sasha.johnson.3928@example.com,2023-10-16,2024-07-24 05:20:42,8500.95,true,Free
3929,Drew,Garcia,drew.garcia.3929@example.com,2025-12-18,2026-12-18 07:54:00,8977.65,true,Pro
3930,Alex,Nguyen,alex.nguyen.3930@example.com,2025-06-04,2026-05-13 08:40:08,7130.68,true,Team
3931,Jordan,Lopez,jordan.lopez.3931@example.com,2024-11-04,2025-06-13 00:52:19,8323.73,true,Enterprise
3932,Taylor,Kim,taylor.kim.3932@example.com,2023-04-17,2024-03-06 16:07:10,1644.24,true,Free
3933,Casey,Smith,casey.smith.3933@example.com,2024-08-14,2025-08-10 19:13:04,3074.94,true,Pro
3934,Morgan,Singh,morgan.singh.3934@example.com,2025-09-11,2026-02-24 11:41:29,3942.54,false,Team
3935,Riley,Müller,riley.müller.3935@example.com,2024-09-24,2025-01-24 22:32:03,7059.39,true,Enterprise
3936,Avery,Patel,avery.patel.3936@example.com,2023-11-08,2024-02-21 12:26:20,4217.93,false,Free
3937,Quinn,Brown,quinn.brown.3937@example.com,2024-11-01,2024-11-26 14:46:15,3201.44,false,Pro
3938,Sasha,Johnson,sasha.johnson.3938@example.com,2023-03-27,2023-08-01 16:18:11,5586.21,true,Team
3939,Drew,Garcia,drew.garcia.3939@example.com,2024-10-19,2025-08-29 11:22:12,7425.07,true,Enterprise
3940,Alex,Nguyen,alex.nguyen.3940@example.com,2024-07-25,2025-04-30 15:27:39,8549.44,true,Free
3941,Jordan,Lopez,jordan.lopez.3941@example.com,2023-04-08,2023-07-29 15:53:31,1821.54,true,Pro
3942,Taylor,Kim,taylor.kim.3942@example.com,2023-02-12,2024-02-08 14:14:37,4090.74,true,Team
3943,Casey,Smith,casey.smith.3943@example.com,2026-03-16,2026-05-16 13:54:19,6065.51,false,Enterprise
3944,Morgan,Singh,morgan.singh.3944@example.com,2025-12-07,2026-02-12 02:42:34,4574.46,true,Free
3945,Riley,Müller,riley.müller.3945@example.com,2023-01-29,2024-01-01 19:35:27,9250.14,true,Pro
3946,Avery,Patel,avery.patel.3946@example.com,2025-01-10,2025-12-01 12:57:41,9125.74,true,Team
3947,Quinn,Brown,quinn.brown.3947@example.com,2025-07-28,2026-03-28 13:13:55,6988.56,false,Enterprise
3948,Sasha,Johnson,sasha.johnson.3948@example.com,2025-05-29,2025-06-06 15:45:10,4352.33,true,Free
3949,Drew,Garcia,drew.garcia.3949@example.com,2025-09-27,2026-03-12 14:09:05,3370.63,true,Pro
3950,Alex,Nguyen,alex.nguyen.3950@example.com,2025-09-15,2026-01-25 11:29:57,3505.12,true,Team
3951,Jordan,Lopez,jordan.lopez.3951@example.com,2023-08-07,2024-06-24 20:14:22,3282.82,true,Enterprise
3952,Taylor,Kim,taylor.kim.3952@example.com,2023-03-25,2023-07-12 19:36:22,4040.94,false,Free
3953,Casey,Smith,casey.smith.3953@example.com,2023-01-13,2023-08-23 19:49:44,436.80,true,Pro
3954,Morgan,Singh,morgan.singh.3954@example.com,2023-04-07,2024-03-03 16:51:18,5985.09,true,Team
3955,Riley,Müller,riley.müller.3955@example.com,2025-01-19,2025-12-13 22:38:54,9746.03,true,Enterprise
3956,Avery,Patel,avery.patel.3956@example.com,2023-07-12,2023-11-23 13:30:30,1496.45,true,Free
3957,Quinn,Brown,quinn.brown.3957@example.com,2025-01-15,2025-02-25 16:08:26,4248.56,false,Pro
3958,Sasha,Johnson,sasha.johnson.3958@example.com,2024-01-02,2024-06-01 14:28:09,3676.90,true,Team
3959,Drew,Garcia,drew.garcia.3959@example.com,2024-06-27,2024-12-28 09:53:44,6301.33,true,Enterprise
3960,Alex,Nguyen,alex.nguyen.3960@example.com,2023-04-15,2023-08-08 03:39:43,6872.34,true,Free
3961,Jordan,Lopez,jordan.lopez.3961@example.com,2024-01-18,2024-07-01 07:34:26,9722.75,true,Pro
3962,Taylor,Kim,taylor.kim.3962@example.com,2026-02-28,2026-05-15 20:15:04,88.02,false,Team
3963,Casey,Smith,casey.smith.3963@example.com,2023-01-29,2023-11-09 17:14:25,1768.39,true,Enterprise
3964,Morgan,Singh,morgan.singh.3964@example.com,2023-06-22,2024-04-20 01:52:45,5660.62,true,Free
3965,Riley,Müller,riley.müller.3965@example.com,2024-09-03,2025-06-20 20:37:54,7367.70,true,Pro
3966,Avery,Patel,avery.patel.3966@example.com,2023-04-03,2023-12-29 08:14:07,1728.10,false,Team
3967,Quinn,Brown,quinn.brown.3967@example.com,2025-12-25,2026-01-14 03:20:18,7527.16,true,Enterprise
3968,Sasha,Johnson,sasha.johnson.3968@example.com,2024-03-21,2024-07-07 04:45:13,4207.08,true,Free
3969,Drew,Garcia,drew.garcia.3969@example.com,2023-04-11,2023-04-25 03:03:16,2299.16,true,Pro
3970,Alex,Nguyen,alex.nguyen.3970@example.com,2024-11-26,2025-02-28 03:25:32,2928.37,true,Team
3971,Jordan,Lopez,jordan.lopez.3971@example.com,2025-04-16,2025-05-15 15:30:11,1747.73,true,Enterprise
3972,Taylor,Kim,taylor.kim.3972@example.com,2023-02-19,2024-01-23 05:17:56,493.56,false,Free
3973,Casey,Smith,casey.smith.3973@example.com,2024-09-24,2025-09-01 15:14:19,5973.64,true,Pro
3974,Morgan,Singh,morgan.singh.3974@example.com,2025-11-03,2025-12-29 05:40:11,9522.11,true,Team
3975,Riley,Müller,riley.müller.3975@example.com,2024-01-01,2024-01-25 08:46:19,5549.33,true,Enterprise
3976,Avery,Patel,avery.patel.3976@example.com,2023-03-10,2023-08-07 22:13:19,31.75,true,Free
3977,Quinn,Brown,quinn.brown.3977@example.com,2023-01-02,2023-05-31 16:21:12,9929.83,true,Pro
3978,Sasha,Johnson,sasha.johnson.3978@example.com,2025-07-02,2025-09-27 07:14:08,4958.65,true,Team
3979,Drew,Garcia,drew.garcia.3979@example.com,2025-08-28,2026-05-03 17:05:14,7145.74,true,Enterprise
3980,Alex,Nguyen,alex.nguyen.3980@example.com,2023-11-29,2023-12-27 04:55:55,5471.27,false,Free
3981,Jordan,Lopez,jordan.lopez.3981@example.com,2026-01-11,2026-01-23 06:39:47,4867.63,true,Pro
3982,Taylor,Kim,taylor.kim.3982@example.com,2026-04-24,2026-10-03 08:08:55,1256.38,true,Team
3983,Casey,Smith,casey.smith.3983@example.com,2023-08-25,2024-08-08 22:50:37,8423.72,true,Enterprise
3984,Morgan,Singh,morgan.singh.3984@example.com,2025-01-07,2025-01-16 19:46:59,7783.90,true,Free
3985,Riley,Müller,riley.müller.3985@example.com,2023-07-04,2023-10-12 21:36:27,1512.46,true,Pro
3986,Avery,Patel,avery.patel.3986@example.com,2024-02-14,2024-09-27 06:08:47,5060.10,true,Team
3987,Quinn,Brown,quinn.brown.3987@example.com,2025-10-13,2026-06-14 09:26:32,449.73,true,Enterprise
3988,Sasha,Johnson,sasha.johnson.3988@example.com,2023-12-18,2024-03-22 18:20:20,6781.51,true,Free
3989,Drew,Garcia,drew.garcia.3989@example.com,2023-05-08,2024-04-06 16:34:01,1361.68,true,Pro
3990,Alex,Nguyen,alex.nguyen.3990@example.com,2023-08-02,2024-04-22 00:31:38,4100.55,true,Team
3991,Jordan,Lopez,jordan.lopez.3991@example.com,2026-03-10,2027-02-19 20:54:16,6655.92,true,Enterprise
3992,Taylor,Kim,taylor.kim.3992@example.com,2023-10-24,2024-06-08 19:42:28,5526.16,true,Free
3993,Casey,Smith,casey.smith.3993@example.com,2024-09-15,2024-10-20 11:16:24,2580.40,true,Pro
3994,Morgan,Singh,morgan.singh.3994@example.com,2024-09-20,2025-07-21 15:35:45,5294.59,true,Team
3995,Riley,Müller,riley.müller.3995@example.com,2023-01-08,2023-06-25 05:46:33,8295.36,true,Enterprise
3996,Avery,Patel,avery.patel.3996@example.com,2024-06-05,2024-11-06 06:38:23,216.56,true,Free
3997,Quinn,Brown,quinn.brown.3997@example.com,2024-11-06,2025-06-30 23:36:06,8400.25,true,Pro
3998,Sasha,Johnson,sasha.johnson.3998@example.com,2025-11-18,2026-08-28 12:38:50,3107.24,false,Team
3999,Drew,Garcia,drew.garcia.3999@example.com,2025-01-18,2025-08-18 08:14:58,4223.87,true,Enterprise
4000,Alex,Nguyen,alex.nguyen.4000@example.com,2024-02-19,2024-12-30 13:01:55,7901.97,true,Free
4001,Jordan,Lopez,jordan.lopez.4001@example.com,2023-12-03,2023-12-20 03:07:07,2296.38,true,Pro
4002,Taylor,Kim,taylor.kim.4002@example.com,2023-06-28,2024-02-19 11:09:39,200.89,true,Team
4003,Casey,Smith,casey.smith.4003@example.com,2026-03-05,2027-01-10 13:14:01,1826.81,false,Enterprise
4004,Morgan,Singh,morgan.singh.4004@example.com,2025-09-13,2026-07-27 04:51:55,3548.17,true,Free
4005,Riley,Müller,riley.müller.4005@example.com,2024-10-23,2025-05-22 09:57:33,8643.82,true,Pro
4006,Avery,Patel,avery.patel.4006@example.com,2025-02-02,2025-11-21 03:50:54,694.69,true,Team
4007,Quinn,Brown,quinn.brown.4007@example.com,2024-09-30,2024-12-01 06:18:38,6990.86,true,Enterprise
4008,Sasha,Johnson,sasha.johnson.4008@example.com,2025-09-09,2026-01-03 05:53:03,546.37,true,Free
4009,Drew,Garcia,drew.garcia.4009@example.com,2026-01-18,2026-09-07 10:51:44,9002.14,true,Pro
4010,Alex,Nguyen,alex.nguyen.4010@example.com,2024-09-19,2025-02-20 21:45:24,8016.56,true,Team
4011,Jordan,Lopez,jordan.lopez.4011@example.com,2024-06-19,2024-10-08 06:41:53,2741.76,true,Enterprise
4012,Taylor,Kim,taylor.kim.4012@example.com,2023-08-19,2024-08-08 21:46:48,2840.37,false,Free
4013,Casey,Smith,casey.smith.4013@example.com,2025-01-10,2025-10-17 20:47:29,6292.55,true,Pro
4014,Morgan,Singh,morgan.singh.4014@example.com,2023-05-15,2024-04-30 04:26:14,3830.84,false,Team
4015,Riley,Müller,riley.müller.4015@example.com,2024-11-29,2025-10-28 09:22:15,7104.19,true,Enterprise
4016,Avery,Patel,avery.patel.4016@example.com,2024-05-20,2024-12-09 14:00:29,9908.21,true,Free
4017,Quinn,Brown,quinn.brown.4017@example.com,2024-08-14,2025-01-23 10:03:26,382.97,false,Pro
4018,Sasha,Johnson,sasha.johnson.4018@example.com,2023-05-10,2024-04-04 05:12:55,6769.63,false,Team
4019,Drew,Garcia,drew.garcia.4019@example.com,2023-06-07,2023-06-16 14:45:03,3958.80,true,Enterprise
4020,Alex,Nguyen,alex.nguyen.4020@example.com,2023-10-15,2024-10-01 16:43:16,1767.43,true,Free
4021,Jordan,Lopez,jordan.lopez.4021@example.com,2026-02-20,2026-05-11 10:15:40,8890.00,false,Pro
4022,Taylor,Kim,taylor.kim.4022@example.com,2025-02-05,2025-05-15 17:04:39,1496.48,true,Team
4023,Casey,Smith,casey.smith.4023@example.com,2023-06-08,2024-01-18 12:18:41,985.13,true,Enterprise
4024,Morgan,Singh,morgan.singh.4024@example.com,2025-02-26,2026-01-23 18:26:32,9751.64,true,Free
4025,Riley,Müller,riley.müller.4025@example.com,2023-11-22,2024-01-14 03:18:48,7749.85,false,Pro
4026,Avery,Patel,avery.patel.4026@example.com,2024-10-19,2025-06-15 23:25:19,7545.54,true,Team
4027,Quinn,Brown,quinn.brown.4027@example.com,2024-12-22,2025-09-14 11:15:15,1334.95,false,Enterprise
4028,Sasha,Johnson,sasha.johnson.4028@example.com,2025-05-31,2026-02-23 10:37:46,6748.43,true,Free
4029,Drew,Garcia,drew.garcia.4029@example.com,2024-07-23,2024-12-18 21:52:17,9986.20,false,Pro
4030,Alex,Nguyen,alex.nguyen.4030@example.com,2025-10-04,2026-06-17 09:24:02,7897.84,true,Team
4031,Jordan,Lopez,jordan.lopez.4031@example.com,2025-05-02,2025-12-03 16:41:38,4831.94,true,Enterprise
4032,Taylor,Kim,taylor.kim.4032@example.com,2025-08-04,2025-10-19 03:02:46,6376.76,true,Free
4033,Casey,Smith,casey.smith.4033@example.com,2025-05-17,2025-07-07 02:42:40,1016.66,true,Pro
4034,Morgan,Singh,morgan.singh.4034@example.com,2023-03-28,2023-08-11 13:42:38,2743.89,true,Team
4035,Riley,Müller,riley.müller.4035@example.com,2024-07-04,2025-03-03 19:18:22,6791.96,true,Enterprise
4036,Avery,Patel,avery.patel.4036@example.com,2026-02-08,2026-10-06 03:10:10,9031.81,true,Free
4037,Quinn,Brown,quinn.brown.4037@example.com,2025-09-04,2026-07-19 18:28:50,4643.18,true,Pro
4038,Sasha,Johnson,sasha.johnson.4038@example.com,2025-04-14,2025-07-06 19:24:02,6867.48,false,Team
4039,Drew,Garcia,drew.garcia.4039@example.com,2023-02-25,2023-07-22 18:16:41,1788.07,true,Enterprise
4040,Alex,Nguyen,alex.nguyen.4040@example.com,2023-09-29,2024-02-15 23:41:30,236.59,false,Free
4041,Jordan,Lopez,jordan.lopez.4041@example.com,2026-04-16,2026-04-21 11:34:45,1043.13,true,Pro
4042,Taylor,Kim,taylor.kim.4042@example.com,2024-05-04,2024-11-09 10:04:45,2450.72,true,Team
4043,Casey,Smith,casey.smith.4043@example.com,2025-11-17,2026-02-05 23:19:30,4957.96,true,Enterprise
4044,Morgan,Singh,morgan.singh.4044@example.com,2026-02-27,2026-12-08 17:12:53,1735.82,true,Free
4045,Riley,Müller,riley.müller.4045@example.com,2023-05-27,2023-09-07 05:50:48,513.15,true,Pro
4046,Avery,Patel,avery.patel.4046@example.com,2024-08-10,2025-07-03 14:42:00,6303.84,true,Team
4047,Quinn,Brown,quinn.brown.4047@example.com,2025-01-15,2025-02-21 11:22:16,2707.39,true,Enterprise
4048,Sasha,Johnson,sasha.johnson.4048@example.com,2024-11-12,2024-12-14 13:21:21,1862.71,true,Free
4049,Drew,Garcia,drew.garcia.4049@example.com,2023-07-16,2023-08-31 13:31:47,4053.98,true,Pro
4050,Alex,Nguyen,alex.nguyen.4050@example.com,2023-05-04,2023-08-22 20:28:52,6786.01,true,Team
4051,Jordan,Lopez,jordan.lopez.4051@example.com,2023-05-26,2023-09-07 21:51:48,5438.94,true,Enterprise
4052,Taylor,Kim,taylor.kim.4052@example.com,2025-11-04,2026-06-16 13:36:44,8797.71,false,Free
4053,Casey,Smith,casey.smith.4053@example.com,2023-09-10,2024-08-04 10:01:13,5675.38,true,Pro
4054,Morgan,Singh,morgan.singh.4054@example.com,2023-08-24,2024-05-04 21:59:00,7419.47,true,Team
4055,Riley,Müller,riley.müller.4055@example.com,2025-09-01,2026-04-06 23:50:57,8756.15,true,Enterprise
4056,Avery,Patel,avery.patel.4056@example.com,2023-12-04,2024-09-13 13:42:40,2731.97,true,Free
4057,Quinn,Brown,quinn.brown.4057@example.com,2025-07-23,2026-01-31 01:26:17,5270.05,true,Pro
4058,Sasha,Johnson,sasha.johnson.4058@example.com,2026-01-13,2026-09-20 02:01:11,6080.11,true,Team
4059,Drew,Garcia,drew.garcia.4059@example.com,2025-01-03,2025-12-15 13:41:29,6156.04,false,Enterprise
4060,Alex,Nguyen,alex.nguyen.4060@example.com,2023-09-22,2024-03-10 09:35:19,4048.91,true,Free
4061,Jordan,Lopez,jordan.lopez.4061@example.com,2024-12-22,2025-03-20 20:30:58,5553.16,true,Pro
4062,Taylor,Kim,taylor.kim.4062@example.com,2026-01-21,2026-12-08 23:03:46,1298.95,false,Team
4063,Casey,Smith,casey.smith.4063@example.com,2024-07-17,2024-11-12 07:53:18,6961.50,true,Enterprise
4064,Morgan,Singh,morgan.singh.4064@example.com,2023-09-30,2024-08-15 08:48:17,2950.77,false,Free
4065,Riley,Müller,riley.müller.4065@example.com,2024-02-21,2025-01-12 16:15:35,2530.96,false,Pro
4066,Avery,Patel,avery.patel.4066@example.com,2025-04-14,2025-05-20 13:43:52,1548.75,false,Team
4067,Quinn,Brown,quinn.brown.4067@example.com,2023-10-30,2024-10-26 22:44:43,4171.36,true,Enterprise
4068,Sasha,Johnson,sasha.johnson.4068@example.com,2024-08-28,2025-02-18 05:50:04,6624.47,true,Free
4069,Drew,Garcia,drew.garcia.4069@example.com,2023-04-11,2024-04-06 10:11:03,7821.01,true,Pro
4070,Alex,Nguyen,alex.nguyen.4070@example.com,2025-01-07,2025-09-01 03:14:25,1918.18,true,Team
4071,Jordan,Lopez,jordan.lopez.4071@example.com,2023-06-21,2024-04-12 00:23:15,390.55,true,Enterprise
4072,Taylor,Kim,taylor.kim.4072@example.com,2024-02-21,2025-02-13 04:29:59,5972.46,true,Free
4073,Casey,Smith,casey.smith.4073@example.com,2023-12-26,2024-07-22 15:15:02,2420.13,true,Pro
4074,Morgan,Singh,morgan.singh.4074@example.com,2026-01-28,2026-06-12 14:43:40,5688.46,false,Team
4075,Riley,Müller,riley.müller.4075@example.com,2023-10-14,2024-05-27 16:04:14,141.54,true,Enterprise
4076,Avery,Patel,avery.patel.4076@example.com,2025-12-16,2026-01-28 20:12:17,8749.39,true,Free
4077,Quinn,Brown,quinn.brown.4077@example.com,2025-05-14,2025-11-29 12:16:21,7763.14,true,Pro
4078,Sasha,Johnson,sasha.johnson.4078@example.com,2024-10-19,2025-05-05 11:53:58,9135.03,true,Team
4079,Drew,Garcia,drew.garcia.4079@example.com,2023-07-16,2024-05-08 17:00:01,2113.25,true,Enterprise
4080,Alex,Nguyen,alex.nguyen.4080@example.com,2025-11-27,2026-07-14 02:42:56,2116.66,true,Free
4081,Jordan,Lopez,jordan.lopez.4081@example.com,2023-07-18,2023-07-27 10:02:27,8365.55,true,Pro
4082,Taylor,Kim,taylor.kim.4082@example.com,2023-02-09,2023-03-29 01:56:46,5830.00,true,Team
4083,Casey,Smith,casey.smith.4083@example.com,2026-04-12,2026-08-11 00:57:59,3377.88,true,Enterprise
4084,Morgan,Singh,morgan.singh.4084@example.com,2025-05-30,2026-01-10 09:34:05,3730.45,true,Free
4085,Riley,Müller,riley.müller.4085@example.com,2023-04-04,2023-07-01 18:25:07,1876.47,false,Pro
4086,Avery,Patel,avery.patel.4086@example.com,2023-08-04,2024-02-26 07:44:59,941.20,true,Team
4087,Quinn,Brown,quinn.brown.4087@example.com,2025-12-25,2026-02-28 20:32:37,2246.85,false,Enterprise
4088,Sasha,Johnson,sasha.johnson.4088@example.com,2023-11-08,2024-03-23 06:41:33,7571.09,false,Free
4089,Drew,Garcia,drew.garcia.4089@example.com,2024-07-26,2024-09-24 16:39:14,4253.81,true,Pro
4090,Alex,Nguyen,alex.nguyen.4090@example.com,2024-10-02,2024-10-06 20:15:42,9383.85,true,Team
4091,Jordan,Lopez,jordan.lopez.4091@example.com,2025-09-18,2026-05-07 11:25:19,4552.53,true,Enterprise
4092,Taylor,Kim,taylor.kim.4092@example.com,2024-04-15,2024-11-01 19:46:57,4229.28,true,Free
4093,Casey,Smith,casey.smith.4093@example.com,2026-01-11,2026-09-12 02:45:36,6742.66,true,Pro
4094,Morgan,Singh,morgan.singh.4094@example.com,2023-10-09,2024-06-29 03:59:30,4973.59,true,Team
4095,Riley,Müller,riley.müller.4095@example.com,2024-05-06,2024-06-07 11:52:21,7929.02,false,Enterprise
4096,Avery,Patel,avery.patel.4096@example.com,2025-01-14,2026-01-04 06:08:38,6081.58,true,Free
4097,Quinn,Brown,quinn.brown.4097@example.com,2024-03-10,2024-11-16 09:15:16,3841.37,false,Pro
4098,Sasha,Johnson,sasha.johnson.4098@example.com,2025-07-01,2025-07-18 22:18:02,9527.94,false,Team
4099,Drew,Garcia,drew.garcia.4099@example.com,2025-04-24,2025-09-13 02:23:04,2032.64,true,Enterprise
4100,Alex,Nguyen,alex.nguyen.4100@example.com,2026-04-11,2026-08-07 18:52:57,1312.39,false,Free
4101,Jordan,Lopez,jordan.lopez.4101@example.com,2025-07-19,2026-06-11 16:16:59,3213.57,true,Pro
4102,Taylor,Kim,taylor.kim.4102@example.com,2023-08-17,2024-05-09 10:17:59,9021.73,true,Team
4103,Casey,Smith,casey.smith.4103@example.com,2024-02-07,2024-02-28 10:08:33,6010.15,false,Enterprise
4104,Morgan,Singh,morgan.singh.4104@example.com,2024-03-31,2024-12-14 04:27:51,5218.07,true,Free
4105,Riley,Müller,riley.müller.4105@example.com,2025-09-22,2026-06-22 14:44:38,7065.72,true,Pro
4106,Avery,Patel,avery.patel.4106@example.com,2024-11-02,2025-01-14 04:44:13,19.10,true,Team
4107,Quinn,Brown,quinn.brown.4107@example.com,2024-09-13,2024-10-01 02:22:56,4334.34,true,Enterprise
4108,Sasha,Johnson,sasha.johnson.4108@example.com,2024-08-04,2024-08-21 03:15:40,887.99,true,Free
4109,Drew,Garcia,drew.garcia.4109@example.com,2023-02-21,2023-06-17 18:00:31,2588.09,true,Pro
4110,Alex,Nguyen,alex.nguyen.4110@example.com,2024-06-11,2024-07-02 05:48:17,514.53,true,Team
4111,Jordan,Lopez,jordan.lopez.4111@example.com,2025-05-01,2026-04-24 20:09:15,2381.67,true,Enterprise
4112,Taylor,Kim,taylor.kim.4112@example.com,2026-01-23,2026-05-14 11:51:48,463.36,true,Free
4113,Casey,Smith,casey.smith.4113@example.com,2025-04-23,2025-09-23 14:50:36,5373.22,true,Pro
4114,Morgan,Singh,morgan.singh.4114@example.com,2024-02-13,2024-05-11 03:11:31,8204.82,true,Team
4115,Riley,Müller,riley.müller.4115@example.com,2024-11-04,2025-06-22 14:20:10,6613.30,false,Enterprise
4116,Avery,Patel,avery.patel.4116@example.com,2025-06-13,2026-01-01 10:49:25,7283.10,true,Free
4117,Quinn,Brown,quinn.brown.4117@example.com,2024-06-20,2025-04-05 22:18:16,9794.88,true,Pro
4118,Sasha,Johnson,sasha.johnson.4118@example.com,2025-07-27,2026-02-22 16:08:42,4371.06,true,Team
4119,Drew,Garcia,drew.garcia.4119@example.com,2024-07-17,2024-10-04 23:54:15,8316.06,false,Enterprise
4120,Alex,Nguyen,alex.nguyen.4120@example.com,2024-06-10,2024-06-23 13:43:16,1318.92,true,Free
4121,Jordan,Lopez,jordan.lopez.4121@example.com,2023-12-06,2024-10-14 02:22:53,2376.32,true,Pro
4122,Taylor,Kim,taylor.kim.4122@example.com,2023-12-18,2024-08-31 14:20:05,6496.04,false,Team
4123,Casey,Smith,casey.smith.4123@example.com,2024-02-27,2024-06-01 01:48:59,3130.60,false,Enterprise
4124,Morgan,Singh,morgan.singh.4124@example.com,2025-04-10,2026-01-09 04:21:07,1190.09,true,Free
4125,Riley,Müller,riley.müller.4125@example.com,2025-05-27,2025-11-17 07:46:45,527.40,true,Pro
4126,Avery,Patel,avery.patel.4126@example.com,2025-05-23,2025-10-22 20:58:16,9963.79,true,Team
4127,Quinn,Brown,quinn.brown.4127@example.com,2025-01-14,2025-12-12 21:47:17,270.00,true,Enterprise
4128,Sasha,Johnson,sasha.johnson.4128@example.com,2024-07-17,2025-01-24 12:05:25,3503.00,true,Free
4129,Drew,Garcia,drew.garcia.4129@example.com,2026-02-26,2026-12-30 13:28:58,9922.48,true,Pro
4130,Alex,Nguyen,alex.nguyen.4130@example.com,2025-05-31,2025-08-22 23:25:10,7179.95,true,Team
4131,Jordan,Lopez,jordan.lopez.4131@example.com,2024-03-21,2025-01-21 20:37:36,3264.60,true,Enterprise
4132,Taylor,Kim,taylor.kim.4132@example.com,2025-07-09,2026-03-08 17:34:08,1687.11,true,Free
4133,Casey,Smith,casey.smith.4133@example.com,2023-05-03,2023-07-20 09:00:24,32.67,true,Pro
4134,Morgan,Singh,morgan.singh.4134@example.com,2025-03-23,2026-03-03 07:04:34,6638.73,true,Team
4135,Riley,Müller,riley.müller.4135@example.com,2023-04-26,2023-11-20 00:52:46,8235.09,true,Enterprise
4136,Avery,Patel,avery.patel.4136@example.com,2023-03-10,2023-03-26 04:35:39,187.21,true,Free
4137,Quinn,Brown,quinn.brown.4137@example.com,2023-07-25,2023-11-04 07:58:24,9408.86,true,Pro
4138,Sasha,Johnson,sasha.johnson.4138@example.com,2025-04-19,2025-08-05 12:35:01,9731.07,false,Team
4139,Drew,Garcia,drew.garcia.4139@example.com,2025-12-22,2026-05-19 01:33:59,4768.43,true,Enterprise
4140,Alex,Nguyen,alex.nguyen.4140@example.com,2023-09-14,2024-03-20 19:44:20,1828.72,true,Free
4141,Jordan,Lopez,jordan.lopez.4141@example.com,2025-08-04,2026-01-30 22:30:58,2455.36,true,Pro
4142,Taylor,Kim,taylor.kim.4142@example.com,2026-01-28,2026-06-04 15:10:44,4221.51,true,Team
4143,Casey,Smith,casey.smith.4143@example.com,2026-01-29,2026-04-24 16:16:45,17.93,true,Enterprise
4144,Morgan,Singh,morgan.singh.4144@example.com,2025-06-04,2025-08-25 03:37:33,822.95,true,Free
4145,Riley,Müller,riley.müller.4145@example.com,2025-04-07,2026-04-01 13:10:19,619.35,true,Pro
4146,Avery,Patel,avery.patel.4146@example.com,2024-10-08,2025-04-15 15:18:58,5944.87,true,Team
4147,Quinn,Brown,quinn.brown.4147@example.com,2023-10-03,2024-02-20 01:23:29,2372.11,true,Enterprise
4148,Sasha,Johnson,sasha.johnson.4148@example.com,2024-12-29,2025-02-02 16:47:06,7389.48,true,Free
4149,Drew,Garcia,drew.garcia.4149@example.com,2025-04-17,2025-07-06 18:09:13,6376.97,true,Pro
4150,Alex,Nguyen,alex.nguyen.4150@example.com,2026-02-19,2026-06-06 12:37:11,5084.59,false,Team
4151,Jordan,Lopez,jordan.lopez.4151@example.com,2026-02-18,2026-07-09 19:11:15,6951.58,true,Enterprise
4152,Taylor,Kim,taylor.kim.4152@example.com,2025-07-10,2025-12-12 00:24:15,9134.10,true,Free
4153,Casey,Smith,casey.smith.4153@example.com,2023-07-16,2024-02-11 12:48:32,8056.69,true,Pro
4154,Morgan,Singh,morgan.singh.4154@example.com,2026-04-11,2027-01-05 09:18:04,6541.90,false,Team
4155,Riley,Müller,riley.müller.4155@example.com,2025-08-26,2026-02-02 15:46:36,3488.64,false,Enterprise
4156,Avery,Patel,avery.patel.4156@example.com,2025-01-06,2025-06-05 10:46:24,7072.57,true,Free
4157,Quinn,Brown,quinn.brown.4157@example.com,2025-08-18,2025-11-20 13:17:28,9784.22,true,Pro
4158,Sasha,Johnson,sasha.johnson.4158@example.com,2023-10-31,2024-01-11 11:36:00,6020.07,true,Team
4159,Drew,Garcia,drew.garcia.4159@example.com,2025-06-16,2026-04-04 15:29:33,6086.47,false,Enterprise
4160,Alex,Nguyen,alex.nguyen.4160@example.com,2024-05-17,2025-04-10 12:06:11,4641.15,true,Free
4161,Jordan,Lopez,jordan.lopez.4161@example.com,2025-02-07,2025-12-02 23:07:50,3609.56,true,Pro
4162,Taylor,Kim,taylor.kim.4162@example.com,2024-11-08,2024-12-05 02:46:56,6821.05,true,Team
4163,Casey,Smith,casey.smith.4163@example.com,2025-07-14,2025-08-08 18:10:30,5028.48,true,Enterprise
4164,Morgan,Singh,morgan.singh.4164@example.com,2026-04-10,2026-04-18 03:20:05,8488.48,true,Free
4165,Riley,Müller,riley.müller.4165@example.com,2023-02-26,2023-07-13 11:24:19,7016.81,true,Pro
4166,Avery,Patel,avery.patel.4166@example.com,2024-05-13,2025-02-01 16:52:28,1.88,true,Team
4167,Quinn,Brown,quinn.brown.4167@example.com,2025-10-30,2026-03-11 22:54:38,2820.16,true,Enterprise
4168,Sasha,Johnson,sasha.johnson.4168@example.com,2024-08-31,2025-01-26 03:57:52,1904.81,false,Free
4169,Drew,Garcia,drew.garcia.4169@example.com,2024-10-21,2025-05-25 22:11:32,5167.78,true,Pro
4170,Alex,Nguyen,alex.nguyen.4170@example.com,2026-01-16,2026-07-24 17:47:49,5296.57,false,Team
4171,Jordan,Lopez,jordan.lopez.4171@example.com,2023-09-09,2023-09-17 20:14:44,865.11,true,Enterprise
4172,Taylor,Kim,taylor.kim.4172@example.com,2023-07-09,2024-04-15 15:35:45,313.59,true,Free
4173,Casey,Smith,casey.smith.4173@example.com,2023-03-02,2023-12-15 07:16:02,3324.89,true,Pro
4174,Morgan,Singh,morgan.singh.4174@example.com,2023-10-31,2024-01-21 10:13:04,8218.31,true,Team
4175,Riley,Müller,riley.müller.4175@example.com,2024-01-03,2024-08-24 14:08:16,1919.93,true,Enterprise
4176,Avery,Patel,avery.patel.4176@example.com,2024-02-16,2025-02-10 06:00:56,5507.35,true,Free
4177,Quinn,Brown,quinn.brown.4177@example.com,2023-11-22,2024-04-30 21:48:08,5662.67,true,Pro
4178,Sasha,Johnson,sasha.johnson.4178@example.com,2025-02-09,2025-05-02 08:05:01,6524.30,false,Team
4179,Drew,Garcia,drew.garcia.4179@example.com,2025-01-21,2025-11-24 11:07:14,7358.62,true,Enterprise
4180,Alex,Nguyen,alex.nguyen.4180@example.com,2025-11-29,2026-07-05 08:07:44,5274.27,true,Free
4181,Jordan,Lopez,jordan.lopez.4181@example.com,2024-06-11,2024-06-20 20:30:08,6516.96,true,Pro
4182,Taylor,Kim,taylor.kim.4182@example.com,2024-06-13,2024-08-14 16:02:42,7869.34,true,Team
4183,Casey,Smith,casey.smith.4183@example.com,2023-07-31,2024-07-20 01:12:23,8876.48,true,Enterprise
4184,Morgan,Singh,morgan.singh.4184@example.com,2025-04-20,2026-03-09 02:25:08,5377.60,false,Free
4185,Riley,Müller,riley.müller.4185@example.com,2023-08-28,2024-06-22 19:53:22,274.44,true,Pro
4186,Avery,Patel,avery.patel.4186@example.com,2024-06-19,2024-06-27 09:07:15,5435.77,true,Team
4187,Quinn,Brown,quinn.brown.4187@example.com,2026-01-21,2026-02-12 15:02:42,3600.97,true,Enterprise
4188,Sasha,Johnson,sasha.johnson.4188@example.com,2024-07-14,2025-02-03 03:31:19,9419.18,true,Free
4189,Drew,Garcia,drew.garcia.4189@example.com,2024-09-13,2025-01-20 04:31:06,7615.57,true,Pro
4190,Alex,Nguyen,alex.nguyen.4190@example.com,2026-04-20,2026-07-11 10:28:26,8891.66,true,Team
4191,Jordan,Lopez,jordan.lopez.4191@example.com,2025-05-27,2025-08-07 06:26:20,5667.52,true,Enterprise
4192,Taylor,Kim,taylor.kim.4192@example.com,2026-03-05,2026-05-14 09:51:48,5953.30,true,Free
4193,Casey,Smith,casey.smith.4193@example.com,2025-08-12,2026-06-10 19:42:20,572.60,true,Pro
4194,Morgan,Singh,morgan.singh.4194@example.com,2023-01-05,2023-07-27 14:59:20,5105.41,false,Team
4195,Riley,Müller,riley.müller.4195@example.com,2026-02-02,2026-02-16 22:07:30,6992.42,false,Enterprise
4196,Avery,Patel,avery.patel.4196@example.com,2023-02-08,2023-08-09 13:49:47,3665.82,true,Free
4197,Quinn,Brown,quinn.brown.4197@example.com,2024-10-03,2025-01-07 21:22:11,631.01,true,Pro
4198,Sasha,Johnson,sasha.johnson.4198@example.com,2024-08-08,2024-11-30 18:38:41,8485.95,false,Team
4199,Drew,Garcia,drew.garcia.4199@example.com,2023-08-27,2024-08-06 06:16:24,6614.62,true,Enterprise
4200,Alex,Nguyen,alex.nguyen.4200@example.com,2025-02-11,2025-06-02 00:13:09,173.71,false,Free
4201,Jordan,Lopez,jordan.lopez.4201@example.com,2026-04-03,2026-05-03 10:34:05,2787.73,true,Pro
4202,Taylor,Kim,taylor.kim.4202@example.com,2025-11-16,2026-11-08 18:44:11,1587.86,true,Team
4203,Casey,Smith,casey.smith.4203@example.com,2025-03-25,2026-01-16 01:54:22,316.59,true,Enterprise
4204,Morgan,Singh,morgan.singh.4204@example.com,2023-06-29,2023-10-22 20:31:09,8840.68,false,Free
4205,Riley,Müller,riley.müller.4205@example.com,2024-01-13,2024-05-14 18:01:25,4212.46,false,Pro
4206,Avery,Patel,avery.patel.4206@example.com,2024-05-22,2025-02-23 17:50:24,2598.44,true,Team
4207,Quinn,Brown,quinn.brown.4207@example.com,2024-08-12,2024-10-24 14:03:26,5506.54,true,Enterprise
4208,Sasha,Johnson,sasha.johnson.4208@example.com,2023-09-19,2024-05-03 03:57:14,7266.66,true,Free
4209,Drew,Garcia,drew.garcia.4209@example.com,2025-06-19,2025-10-08 02:50:40,7340.56,true,Pro
4210,Alex,Nguyen,alex.nguyen.4210@example.com,2024-02-12,2024-09-20 15:09:26,3451.88,true,Team
4211,Jordan,Lopez,jordan.lopez.4211@example.com,2023-11-06,2024-03-25 12:40:03,8138.33,true,Enterprise
4212,Taylor,Kim,taylor.kim.4212@example.com,2026-03-11,2026-06-18 18:51:09,8122.29,true,Free
4213,Casey,Smith,casey.smith.4213@example.com,2024-12-11,2025-08-31 19:03:22,7353.85,true,Pro
4214,Morgan,Singh,morgan.singh.4214@example.com,2024-08-15,2024-10-19 01:24:42,8295.48,false,Team
4215,Riley,Müller,riley.müller.4215@example.com,2025-03-14,2026-01-22 15:05:47,7057.02,false,Enterprise
4216,Avery,Patel,avery.patel.4216@example.com,2025-02-28,2025-09-18 22:42:34,8631.87,false,Free
4217,Quinn,Brown,quinn.brown.4217@example.com,2024-04-08,2024-08-22 11:34:04,2257.24,true,Pro
4218,Sasha,Johnson,sasha.johnson.4218@example.com,2023-04-25,2023-05-06 01:02:24,2266.94,true,Team
4219,Drew,Garcia,drew.garcia.4219@example.com,2023-05-06,2023-05-17 18:23:33,6198.11,false,Enterprise
4220,Alex,Nguyen,alex.nguyen.4220@example.com,2024-05-03,2024-09-24 14:02:04,5332.63,true,Free
4221,Jordan,Lopez,jordan.lopez.4221@example.com,2024-04-25,2024-11-18 15:26:55,1668.05,false,Pro
4222,Taylor,Kim,taylor.kim.4222@example.com,2024-08-09,2025-03-28 07:03:51,8221.25,true,Team
4223,Casey,Smith,casey.smith.4223@example.com,2025-03-18,2025-07-31 02:55:15,2584.83,false,Enterprise
4224,Morgan,Singh,morgan.singh.4224@example.com,2024-09-02,2025-07-26 23:05:49,6447.71,true,Free
4225,Riley,Müller,riley.müller.4225@example.com,2024-03-13,2024-03-31 01:47:57,1181.27,true,Pro
4226,Avery,Patel,avery.patel.4226@example.com,2025-02-22,2026-01-13 18:41:16,3306.59,true,Team
4227,Quinn,Brown,quinn.brown.4227@example.com,2024-10-14,2025-06-19 06:00:28,2551.89,true,Enterprise
4228,Sasha,Johnson,sasha.johnson.4228@example.com,2025-02-20,2025-11-09 01:11:23,7477.11,false,Free
4229,Drew,Garcia,drew.garcia.4229@example.com,2024-11-03,2025-04-20 16:11:41,7000.78,true,Pro
4230,Alex,Nguyen,alex.nguyen.4230@example.com,2025-01-20,2025-08-10 17:04:57,9168.13,true,Team
4231,Jordan,Lopez,jordan.lopez.4231@example.com,2025-07-12,2025-09-14 21:10:35,2613.73,true,Enterprise
4232,Taylor,Kim,taylor.kim.4232@example.com,2024-03-22,2024-11-27 00:56:32,2148.97,true,Free
4233,Casey,Smith,casey.smith.4233@example.com,2025-10-13,2026-08-09 08:59:58,6023.41,true,Pro
4234,Morgan,Singh,morgan.singh.4234@example.com,2025-11-12,2026-02-19 00:12:31,4974.19,false,Team
4235,Riley,Müller,riley.müller.4235@example.com,2024-05-09,2024-06-28 02:29:57,6888.92,true,Enterprise
4236,Avery,Patel,avery.patel.4236@example.com,2023-05-25,2024-01-20 01:51:00,2802.15,false,Free
4237,Quinn,Brown,quinn.brown.4237@example.com,2024-05-05,2025-04-28 07:16:00,4695.36,true,Pro
4238,Sasha,Johnson,sasha.johnson.4238@example.com,2023-08-11,2023-08-14 01:09:41,1684.45,true,Team
4239,Drew,Garcia,drew.garcia.4239@example.com,2024-03-28,2024-09-21 20:14:45,2153.64,true,Enterprise
4240,Alex,Nguyen,alex.nguyen.4240@example.com,2025-05-25,2025-09-11 06:29:06,2636.38,true,Free
4241,Jordan,Lopez,jordan.lopez.4241@example.com,2024-01-28,2024-11-15 05:38:20,7324.81,true,Pro
4242,Taylor,Kim,taylor.kim.4242@example.com,2024-12-02,2025-11-16 03:24:27,4190.72,true,Team
4243,Casey,Smith,casey.smith.4243@example.com,2025-05-12,2026-05-10 13:35:19,7054.23,false,Enterprise
4244,Morgan,Singh,morgan.singh.4244@example.com,2024-05-09,2024-08-22 08:21:37,5118.83,false,Free
4245,Riley,Müller,riley.müller.4245@example.com,2023-01-29,2023-09-11 06:17:35,6816.39,true,Pro
4246,Avery,Patel,avery.patel.4246@example.com,2023-10-12,2024-01-04 02:15:45,6492.73,true,Team
4247,Quinn,Brown,quinn.brown.4247@example.com,2025-03-24,2025-12-18 23:06:51,9225.64,true,Enterprise
4248,Sasha,Johnson,sasha.johnson.4248@example.com,2024-05-30,2024-06-30 13:41:33,4139.57,true,Free
4249,Drew,Garcia,drew.garcia.4249@example.com,2023-10-25,2024-01-20 21:32:48,9621.20,true,Pro
4250,Alex,Nguyen,alex.nguyen.4250@example.com,2023-10-02,2024-02-08 18:25:47,8594.99,true,Team
4251,Jordan,Lopez,jordan.lopez.4251@example.com,2025-12-18,2026-11-08 06:56:14,672.67,false,Enterprise
4252,Taylor,Kim,taylor.kim.4252@example.com,2025-05-25,2025-07-08 01:48:38,4019.83,true,Free
4253,Casey,Smith,casey.smith.4253@example.com,2025-04-06,2025-09-22 16:20:16,8375.14,true,Pro
4254,Morgan,Singh,morgan.singh.4254@example.com,2025-10-23,2025-12-31 04:30:58,9045.50,false,Team
4255,Riley,Müller,riley.müller.4255@example.com,2024-10-28,2025-03-20 08:42:29,727.42,false,Enterprise
4256,Avery,Patel,avery.patel.4256@example.com,2024-07-07,2024-08-01 05:23:54,3722.72,true,Free
4257,Quinn,Brown,quinn.brown.4257@example.com,2025-06-18,2025-07-12 02:44:15,9457.93,true,Pro
4258,Sasha,Johnson,sasha.johnson.4258@example.com,2023-05-14,2023-08-01 03:54:37,4768.47,true,Team
4259,Drew,Garcia,drew.garcia.4259@example.com,2024-01-17,2024-10-19 04:32:15,9831.34,false,Enterprise
4260,Alex,Nguyen,alex.nguyen.4260@example.com,2023-07-27,2023-12-08 19:47:46,2958.19,true,Free
4261,Jordan,Lopez,jordan.lopez.4261@example.com,2024-12-19,2025-08-29 05:43:19,5508.14,true,Pro
4262,Taylor,Kim,taylor.kim.4262@example.com,2025-11-14,2025-11-22 05:20:31,7152.05,true,Team
4263,Casey,Smith,casey.smith.4263@example.com,2026-03-01,2026-09-12 15:04:53,2519.46,true,Enterprise
4264,Morgan,Singh,morgan.singh.4264@example.com,2026-03-16,2026-07-12 15:57:28,7254.42,true,Free
4265,Riley,Müller,riley.müller.4265@example.com,2025-07-18,2026-03-16 11:49:50,6023.38,true,Pro
4266,Avery,Patel,avery.patel.4266@example.com,2025-02-06,2025-08-27 09:48:39,8712.74,true,Team
4267,Quinn,Brown,quinn.brown.4267@example.com,2023-04-27,2023-11-27 12:32:56,4707.88,true,Enterprise
4268,Sasha,Johnson,sasha.johnson.4268@example.com,2023-12-26,2024-03-14 07:15:37,5004.71,true,Free
4269,Drew,Garcia,drew.garcia.4269@example.com,2024-02-29,2024-04-21 21:11:33,3417.79,true,Pro
4270,Alex,Nguyen,alex.nguyen.4270@example.com,2023-06-21,2024-06-19 23:07:06,9198.30,true,Team
4271,Jordan,Lopez,jordan.lopez.4271@example.com,2025-09-04,2026-08-29 04:50:32,56.55,true,Enterprise
4272,Taylor,Kim,taylor.kim.4272@example.com,2023-10-01,2024-04-28 07:15:05,9409.45,true,Free
4273,Casey,Smith,casey.smith.4273@example.com,2025-09-16,2026-04-29 17:20:01,5040.80,true,Pro
4274,Morgan,Singh,morgan.singh.4274@example.com,2024-12-10,2025-08-26 13:22:03,4372.58,true,Team
4275,Riley,Müller,riley.müller.4275@example.com,2025-12-31,2026-11-12 04:40:22,6922.47,true,Enterprise
4276,Avery,Patel,avery.patel.4276@example.com,2025-10-11,2026-01-13 16:25:29,6263.11,true,Free
4277,Quinn,Brown,quinn.brown.4277@example.com,2023-02-25,2023-09-15 20:16:49,4191.95,true,Pro
4278,Sasha,Johnson,sasha.johnson.4278@example.com,2023-10-01,2024-05-13 07:36:15,5088.92,false,Team
4279,Drew,Garcia,drew.garcia.4279@example.com,2023-12-06,2023-12-23 04:55:16,9968.08,false,Enterprise
4280,Alex,Nguyen,alex.nguyen.4280@example.com,2023-05-13,2024-02-13 12:51:41,2852.82,true,Free
4281,Jordan,Lopez,jordan.lopez.4281@example.com,2025-07-24,2025-09-04 21:12:25,8422.91,true,Pro
4282,Taylor,Kim,taylor.kim.4282@example.com,2025-12-22,2026-12-05 08:30:46,6404.88,true,Team
4283,Casey,Smith,casey.smith.4283@example.com,2024-01-04,2024-04-04 07:06:16,2167.12,true,Enterprise
4284,Morgan,Singh,morgan.singh.4284@example.com,2023-09-08,2024-02-21 22:10:32,4755.53,true,Free
4285,Riley,Müller,riley.müller.4285@example.com,2024-10-21,2024-10-24 00:01:54,8347.10,true,Pro
4286,Avery,Patel,avery.patel.4286@example.com,2023-07-17,2024-01-24 22:53:11,7662.28,true,Team
4287,Quinn,Brown,quinn.brown.4287@example.com,2025-12-04,2026-10-28 06:36:41,7118.83,true,Enterprise
4288,Sasha,Johnson,sasha.johnson.4288@example.com,2023-02-02,2023-10-26 12:25:23,1710.86,true,Free
4289,Drew,Garcia,drew.garcia.4289@example.com,2025-07-24,2026-02-05 22:29:29,2491.46,false,Pro
4290,Alex,Nguyen,alex.nguyen.4290@example.com,2026-02-19,2026-10-22 09:55:48,9836.51,false,Team
4291,Jordan,Lopez,jordan.lopez.4291@example.com,2025-11-07,2025-12-24 13:41:00,4208.55,true,Enterprise
4292,Taylor,Kim,taylor.kim.4292@example.com,2025-02-02,2025-09-04 21:05:23,9038.93,true,Free
4293,Casey,Smith,casey.smith.4293@example.com,2024-04-26,2025-02-26 08:27:16,3427.18,true,Pro
4294,Morgan,Singh,morgan.singh.4294@example.com,2025-07-27,2026-01-20 16:56:32,4574.13,true,Team
4295,Riley,Müller,riley.müller.4295@example.com,2023-07-08,2023-09-26 15:50:17,2488.71,true,Enterprise
4296,Avery,Patel,avery.patel.4296@example.com,2025-05-28,2025-12-22 05:26:20,1455.12,true,Free
4297,Quinn,Brown,quinn.brown.4297@example.com,2023-06-09,2024-05-10 03:01:15,8403.35,true,Pro
4298,Sasha,Johnson,sasha.johnson.4298@example.com,2024-09-06,2024-12-29 16:46:56,7670.44,true,Team
4299,Drew,Garcia,drew.garcia.4299@example.com,2023-08-16,2023-12-05 08:25:15,318.48,true,Enterprise
4300,Alex,Nguyen,alex.nguyen.4300@example.com,2024-03-21,2024-11-19 19:19:54,7017.00,false,Free
4301,Jordan,Lopez,jordan.lopez.4301@example.com,2026-03-27,2026-07-29 14:46:34,8186.85,true,Pro
4302,Taylor,Kim,taylor.kim.4302@example.com,2023-01-23,2023-02-10 16:52:48,3814.08,true,Team
4303,Casey,Smith,casey.smith.4303@example.com,2025-12-04,2026-05-15 08:39:47,9249.96,false,Enterprise
4304,Morgan,Singh,morgan.singh.4304@example.com,2023-11-29,2024-01-19 00:26:21,772.55,true,Free
4305,Riley,Müller,riley.müller.4305@example.com,2024-10-16,2025-01-20 06:54:06,8402.04,true,Pro
4306,Avery,Patel,avery.patel.4306@example.com,2023-10-20,2024-09-01 16:44:26,7492.23,true,Team
4307,Quinn,Brown,quinn.brown.4307@example.com,2025-06-25,2025-07-01 03:45:03,6659.14,true,Enterprise
4308,Sasha,Johnson,sasha.johnson.4308@example.com,2024-03-20,2024-03-21 22:09:32,3238.54,false,Free
4309,Drew,Garcia,drew.garcia.4309@example.com,2026-02-27,2026-07-18 17:43:40,1480.58,true,Pro
4310,Alex,Nguyen,alex.nguyen.4310@example.com,2025-11-16,2025-12-17 12:53:07,7944.78,true,Team
4311,Jordan,Lopez,jordan.lopez.4311@example.com,2024-08-22,2025-04-03 06:26:58,2135.96,true,Enterprise
4312,Taylor,Kim,taylor.kim.4312@example.com,2023-12-26,2024-02-23 14:47:04,7960.55,true,Free
4313,Casey,Smith,casey.smith.4313@example.com,2025-09-29,2026-08-16 13:04:02,5041.24,true,Pro
4314,Morgan,Singh,morgan.singh.4314@example.com,2025-11-06,2026-03-08 00:42:23,30.59,true,Team
4315,Riley,Müller,riley.müller.4315@example.com,2023-12-28,2024-07-24 17:31:50,296.16,true,Enterprise
4316,Avery,Patel,avery.patel.4316@example.com,2024-10-15,2024-12-18 05:08:53,2401.51,true,Free
4317,Quinn,Brown,quinn.brown.4317@example.com,2024-08-02,2025-03-08 02:15:18,694.15,true,Pro
4318,Sasha,Johnson,sasha.johnson.4318@example.com,2024-06-05,2024-11-18 19:08:31,7429.97,false,Team
4319,Drew,Garcia,drew.garcia.4319@example.com,2024-12-12,2025-10-18 08:30:55,1026.33,true,Enterprise
4320,Alex,Nguyen,alex.nguyen.4320@example.com,2024-01-26,2024-08-18 23:12:04,1901.54,true,Free
4321,Jordan,Lopez,jordan.lopez.4321@example.com,2025-06-04,2026-03-01 18:40:39,7527.01,true,Pro
4322,Taylor,Kim,taylor.kim.4322@example.com,2024-12-03,2025-04-14 12:27:13,1336.98,true,Team
4323,Casey,Smith,casey.smith.4323@example.com,2024-05-26,2024-10-21 18:55:30,2062.61,false,Enterprise
4324,Morgan,Singh,morgan.singh.4324@example.com,2024-04-12,2024-07-09 00:25:10,9620.11,true,Free
4325,Riley,Müller,riley.müller.4325@example.com,2023-10-05,2024-08-12 11:28:53,8807.57,true,Pro
4326,Avery,Patel,avery.patel.4326@example.com,2023-01-09,2023-08-31 22:07:55,2378.01,true,Team
4327,Quinn,Brown,quinn.brown.4327@example.com,2025-10-09,2026-09-28 23:25:22,5569.24,true,Enterprise
4328,Sasha,Johnson,sasha.johnson.4328@example.com,2025-04-23,2025-11-22 17:30:17,9263.44,true,Free
4329,Drew,Garcia,drew.garcia.4329@example.com,2024-08-23,2024-09-29 16:20:35,7269.02,true,Pro
4330,Alex,Nguyen,alex.nguyen.4330@example.com,2024-02-11,2024-03-23 03:16:53,5396.34,true,Team
4331,Jordan,Lopez,jordan.lopez.4331@example.com,2023-01-20,2023-05-27 09:03:39,3154.66,false,Enterprise
4332,Taylor,Kim,taylor.kim.4332@example.com,2023-11-08,2024-04-05 10:03:36,92.72,true,Free
4333,Casey,Smith,casey.smith.4333@example.com,2026-04-20,2027-04-17 09:09:10,6120.80,true,Pro
4334,Morgan,Singh,morgan.singh.4334@example.com,2023-09-02,2024-02-04 22:16:37,2527.90,true,Team
4335,Riley,Müller,riley.müller.4335@example.com,2026-04-08,2026-09-21 03:06:13,3921.80,true,Enterprise
4336,Avery,Patel,avery.patel.4336@example.com,2024-05-01,2024-06-23 06:37:14,415.52,true,Free
4337,Quinn,Brown,quinn.brown.4337@example.com,2023-12-25,2024-03-13 17:28:20,9985.25,false,Pro
4338,Sasha,Johnson,sasha.johnson.4338@example.com,2024-03-04,2024-12-09 20:15:50,1751.74,true,Team
4339,Drew,Garcia,drew.garcia.4339@example.com,2024-07-17,2024-12-19 19:34:21,1185.67,true,Enterprise
4340,Alex,Nguyen,alex.nguyen.4340@example.com,2024-09-14,2025-07-12 02:56:57,461.30,true,Free
4341,Jordan,Lopez,jordan.lopez.4341@example.com,2024-07-05,2025-06-05 05:42:54,9878.50,true,Pro
4342,Taylor,Kim,taylor.kim.4342@example.com,2024-08-24,2025-03-06 21:20:03,5540.25,true,Team
4343,Casey,Smith,casey.smith.4343@example.com,2025-05-04,2025-11-10 02:27:58,4.01,true,Enterprise
4344,Morgan,Singh,morgan.singh.4344@example.com,2023-04-24,2023-10-31 14:35:18,5031.09,true,Free
4345,Riley,Müller,riley.müller.4345@example.com,2024-11-15,2025-04-15 19:35:11,9966.16,true,Pro
4346,Avery,Patel,avery.patel.4346@example.com,2025-04-10,2025-08-22 15:41:39,2317.45,false,Team
4347,Quinn,Brown,quinn.brown.4347@example.com,2025-01-05,2025-02-11 02:03:10,1154.20,false,Enterprise
4348,Sasha,Johnson,sasha.johnson.4348@example.com,2025-07-29,2026-07-18 00:52:10,3111.16,false,Free
4349,Drew,Garcia,drew.garcia.4349@example.com,2024-11-11,2025-07-30 23:38:01,9734.41,false,Pro
4350,Alex,Nguyen,alex.nguyen.4350@example.com,2023-07-18,2023-12-18 07:45:49,5034.82,true,Team
4351,Jordan,Lopez,jordan.lopez.4351@example.com,2025-08-09,2026-05-30 08:33:07,9389.75,true,Enterprise
4352,Taylor,Kim,taylor.kim.4352@example.com,2025-12-11,2026-05-25 17:10:12,4695.22,true,Free
4353,Casey,Smith,casey.smith.4353@example.com,2023-11-02,2024-08-04 12:01:15,331.43,true,Pro
4354,Morgan,Singh,morgan.singh.4354@example.com,2025-08-31,2025-09-27 03:18:25,5285.05,true,Team
4355,Riley,Müller,riley.müller.4355@example.com,2023-04-21,2023-08-14 04:19:09,9826.81,false,Enterprise
4356,Avery,Patel,avery.patel.4356@example.com,2024-01-10,2024-10-28 07:05:15,9018.08,true,Free
4357,Quinn,Brown,quinn.brown.4357@example.com,2024-10-28,2024-12-28 13:03:11,6968.88,true,Pro
4358,Sasha,Johnson,sasha.johnson.4358@example.com,2025-04-20,2025-10-14 14:59:56,2125.25,true,Team
4359,Drew,Garcia,drew.garcia.4359@example.com,2025-09-15,2025-10-31 17:23:25,1888.78,true,Enterprise
4360,Alex,Nguyen,alex.nguyen.4360@example.com,2025-04-06,2025-09-03 18:48:49,7483.35,true,Free
4361,Jordan,Lopez,jordan.lopez.4361@example.com,2025-09-29,2026-07-11 17:19:50,8879.74,false,Pro
4362,Taylor,Kim,taylor.kim.4362@example.com,2024-08-09,2025-06-23 00:10:12,9029.21,true,Team
4363,Casey,Smith,casey.smith.4363@example.com,2023-09-18,2023-12-07 11:09:34,6793.18,true,Enterprise
4364,Morgan,Singh,morgan.singh.4364@example.com,2023-06-22,2024-05-25 19:52:00,8247.98,true,Free
4365,Riley,Müller,riley.müller.4365@example.com,2024-03-03,2024-08-03 10:21:24,1588.95,false,Pro
4366,Avery,Patel,avery.patel.4366@example.com,2024-10-04,2025-01-05 14:52:55,6281.37,true,Team
4367,Quinn,Brown,quinn.brown.4367@example.com,2025-01-08,2025-10-20 14:08:17,2378.63,true,Enterprise
4368,Sasha,Johnson,sasha.johnson.4368@example.com,2025-09-13,2026-02-02 00:47:54,9168.01,true,Free
4369,Drew,Garcia,drew.garcia.4369@example.com,2023-09-23,2024-08-15 06:59:53,642.12,false,Pro
4370,Alex,Nguyen,alex.nguyen.4370@example.com,2023-08-19,2024-07-28 07:39:23,5713.86,true,Team
4371,Jordan,Lopez,jordan.lopez.4371@example.com,2025-02-11,2025-02-27 11:13:03,4473.65,false,Enterprise
4372,Taylor,Kim,taylor.kim.4372@example.com,2025-11-09,2026-04-24 14:15:11,4227.63,true,Free
4373,Casey,Smith,casey.smith.4373@example.com,2025-11-08,2026-05-11 16:22:24,3446.99,true,Pro
4374,Morgan,Singh,morgan.singh.4374@example.com,2026-03-21,2026-05-19 17:56:09,4420.48,false,Team
4375,Riley,Müller,riley.müller.4375@example.com,2023-04-25,2023-09-18 09:34:09,8774.01,true,Enterprise
4376,Avery,Patel,avery.patel.4376@example.com,2026-03-11,2026-09-18 05:30:03,4487.06,true,Free
4377,Quinn,Brown,quinn.brown.4377@example.com,2024-03-14,2024-09-29 05:19:10,3436.31,false,Pro
4378,Sasha,Johnson,sasha.johnson.4378@example.com,2023-04-06,2023-06-04 21:10:52,5924.66,true,Team
4379,Drew,Garcia,drew.garcia.4379@example.com,2023-03-15,2023-08-30 07:43:09,6072.76,true,Enterprise
4380,Alex,Nguyen,alex.nguyen.4380@example.com,2024-10-24,2025-04-04 22:19:12,1522.44,true,Free
4381,Jordan,Lopez,jordan.lopez.4381@example.com,2024-05-11,2025-02-18 10:00:54,5224.35,false,Pro
4382,Taylor,Kim,taylor.kim.4382@example.com,2025-01-11,2025-04-11 12:36:59,1295.34,true,Team
4383,Casey,Smith,casey.smith.4383@example.com,2024-03-30,2024-12-11 13:07:24,7309.29,true,Enterprise
4384,Morgan,Singh,morgan.singh.4384@example.com,2023-04-19,2023-08-03 16:12:58,7180.83,true,Free
4385,Riley,Müller,riley.müller.4385@example.com,2024-05-11,2024-11-11 01:23:42,8107.71,true,Pro
4386,Avery,Patel,avery.patel.4386@example.com,2026-03-26,2026-12-03 04:07:37,765.35,true,Team
4387,Quinn,Brown,quinn.brown.4387@example.com,2023-08-14,2023-11-13 00:38:24,4931.70,true,Enterprise
4388,Sasha,Johnson,sasha.johnson.4388@example.com,2023-11-28,2024-08-21 21:51:16,7717.69,false,Free
4389,Drew,Garcia,drew.garcia.4389@example.com,2026-02-26,2026-10-16 13:52:56,2232.81,true,Pro
4390,Alex,Nguyen,alex.nguyen.4390@example.com,2025-10-03,2025-12-23 07:29:54,6300.70,true,Team
4391,Jordan,Lopez,jordan.lopez.4391@example.com,2024-04-16,2024-11-29 19:03:23,8428.79,true,Enterprise
4392,Taylor,Kim,taylor.kim.4392@example.com,2026-04-08,2026-11-03 17:43:31,9789.36,true,Free
4393,Casey,Smith,casey.smith.4393@example.com,2025-01-07,2025-03-27 01:29:00,3589.05,true,Pro
4394,Morgan,Singh,morgan.singh.4394@example.com,2023-01-05,2023-11-05 19:45:41,1607.17,true,Team
4395,Riley,Müller,riley.müller.4395@example.com,2024-12-03,2025-01-24 08:50:19,6304.60,true,Enterprise
4396,Avery,Patel,avery.patel.4396@example.com,2023-09-05,2024-02-16 02:42:51,9404.22,true,Free
4397,Quinn,Brown,quinn.brown.4397@example.com,2023-12-17,2024-08-26 16:35:18,5858.82,false,Pro
4398,Sasha,Johnson,sasha.johnson.4398@example.com,2023-05-28,2024-03-28 11:48:22,2883.86,true,Team
4399,Drew,Garcia,drew.garcia.4399@example.com,2023-11-09,2024-09-24 09:11:57,7439.21,true,Enterprise
4400,Alex,Nguyen,alex.nguyen.4400@example.com,2026-01-20,2026-04-19 12:16:22,7509.79,true,Free
4401,Jordan,Lopez,jordan.lopez.4401@example.com,2024-06-05,2025-03-06 08:21:05,8982.18,true,Pro
4402,Taylor,Kim,taylor.kim.4402@example.com,2023-12-12,2023-12-26 11:50:46,8909.75,false,Team
4403,Casey,Smith,casey.smith.4403@example.com,2024-03-29,2024-09-06 02:32:11,5764.53,true,Enterprise
4404,Morgan,Singh,morgan.singh.4404@example.com,2023-03-19,2023-08-31 00:44:37,7285.64,true,Free
4405,Riley,Müller,riley.müller.4405@example.com,2026-04-19,2026-04-25 01:43:21,6271.09,true,Pro
4406,Avery,Patel,avery.patel.4406@example.com,2024-12-06,2025-03-31 10:26:39,2237.52,true,Team
4407,Quinn,Brown,quinn.brown.4407@example.com,2023-02-03,2023-02-27 00:55:09,4622.32,true,Enterprise
4408,Sasha,Johnson,sasha.johnson.4408@example.com,2025-04-15,2025-06-14 07:49:31,5763.27,true,Free
4409,Drew,Garcia,drew.garcia.4409@example.com,2023-06-19,2023-07-16 09:34:14,395.98,true,Pro
4410,Alex,Nguyen,alex.nguyen.4410@example.com,2024-02-17,2024-08-11 18:48:58,6114.29,true,Team
4411,Jordan,Lopez,jordan.lopez.4411@example.com,2023-03-22,2023-04-28 01:24:16,1847.20,true,Enterprise
4412,Taylor,Kim,taylor.kim.4412@example.com,2023-07-07,2023-07-23 23:39:16,6925.20,true,Free
4413,Casey,Smith,casey.smith.4413@example.com,2025-01-22,2025-12-19 16:22:52,323.94,true,Pro
4414,Morgan,Singh,morgan.singh.4414@example.com,2025-11-01,2026-10-24 15:36:11,636.13,true,Team
4415,Riley,Müller,riley.müller.4415@example.com,2025-09-20,2026-02-26 22:41:23,9771.73,true,Enterprise
4416,Avery,Patel,avery.patel.4416@example.com,2025-03-02,2025-05-10 15:01:29,2160.09,true,Free
4417,Quinn,Brown,quinn.brown.4417@example.com,2024-07-27,2024-10-31 22:48:16,269.27,true,Pro
4418,Sasha,Johnson,sasha.johnson.4418@example.com,2025-01-24,2025-06-13 09:49:34,9122.79,true,Team
4419,Drew,Garcia,drew.garcia.4419@example.com,2023-06-03,2023-07-21 12:13:30,8351.93,true,Enterprise
4420,Alex,Nguyen,alex.nguyen.4420@example.com,2024-07-15,2024-10-13 20:01:48,5750.38,true,Free
4421,Jordan,Lopez,jordan.lopez.4421@example.com,2025-03-12,2026-03-04 06:18:21,9091.93,true,Pro
4422,Taylor,Kim,taylor.kim.4422@example.com,2023-07-31,2024-07-11 08:18:33,8211.08,true,Team
4423,Casey,Smith,casey.smith.4423@example.com,2023-03-01,2023-07-13 03:34:27,1178.71,true,Enterprise
4424,Morgan,Singh,morgan.singh.4424@example.com,2023-04-10,2023-04-14 00:25:13,3662.96,false,Free
4425,Riley,Müller,riley.müller.4425@example.com,2025-03-19,2025-09-20 06:38:23,5772.15,false,Pro
4426,Avery,Patel,avery.patel.4426@example.com,2023-05-01,2023-07-31 11:29:30,5252.23,true,Team
4427,Quinn,Brown,quinn.brown.4427@example.com,2026-01-01,2026-10-20 06:56:53,1127.27,true,Enterprise
4428,Sasha,Johnson,sasha.johnson.4428@example.com,2024-08-11,2025-06-21 05:35:55,2693.94,true,Free
4429,Drew,Garcia,drew.garcia.4429@example.com,2024-11-16,2025-05-05 06:20:35,4285.84,true,Pro
4430,Alex,Nguyen,alex.nguyen.4430@example.com,2023-06-02,2023-07-10 20:25:50,3408.32,true,Team
4431,Jordan,Lopez,jordan.lopez.4431@example.com,2025-02-05,2025-07-04 05:43:36,5750.42,true,Enterprise
4432,Taylor,Kim,taylor.kim.4432@example.com,2023-05-10,2023-09-10 10:50:04,2614.02,true,Free
4433,Casey,Smith,casey.smith.4433@example.com,2024-08-22,2024-10-30 00:57:02,7439.04,true,Pro
4434,Morgan,Singh,morgan.singh.4434@example.com,2024-09-05,2025-08-17 11:39:07,1174.71,false,Team
4435,Riley,Müller,riley.müller.4435@example.com,2024-08-26,2025-08-09 07:03:21,5644.00,true,Enterprise
4436,Avery,Patel,avery.patel.4436@example.com,2023-05-03,2024-04-29 13:50:27,6313.37,true,Free
4437,Quinn,Brown,quinn.brown.4437@example.com,2023-06-11,2023-07-26 13:49:32,4117.70,false,Pro
4438,Sasha,Johnson,sasha.johnson.4438@example.com,2026-02-25,2026-10-31 19:34:34,8063.48,true,Team
4439,Drew,Garcia,drew.garcia.4439@example.com,2023-07-21,2024-03-02 18:40:56,5607.24,true,Enterprise
4440,Alex,Nguyen,alex.nguyen.4440@example.com,2025-10-15,2025-12-26 12:02:46,9754.68,true,Free
4441,Jordan,Lopez,jordan.lopez.4441@example.com,2023-07-19,2024-04-16 19:22:14,6077.52,false,Pro
4442,Taylor,Kim,taylor.kim.4442@example.com,2024-12-23,2025-09-17 08:09:02,7774.52,true,Team
4443,Casey,Smith,casey.smith.4443@example.com,2023-02-28,2023-12-26 01:18:43,5464.17,true,Enterprise
4444,Morgan,Singh,morgan.singh.4444@example.com,2026-03-08,2026-03-19 09:06:22,9735.13,true,Free
4445,Riley,Müller,riley.müller.4445@example.com,2024-03-02,2024-06-21 12:44:00,6664.75,true,Pro
4446,Avery,Patel,avery.patel.4446@example.com,2023-05-17,2023-07-10 07:55:24,4431.04,true,Team
4447,Quinn,Brown,quinn.brown.4447@example.com,2024-01-02,2024-12-11 02:17:51,6749.25,false,Enterprise
4448,Sasha,Johnson,sasha.johnson.4448@example.com,2025-08-21,2026-07-12 23:54:27,2364.10,true,Free
4449,Drew,Garcia,drew.garcia.4449@example.com,2023-06-11,2023-11-05 19:16:57,8388.05,true,Pro
4450,Alex,Nguyen,alex.nguyen.4450@example.com,2024-08-08,2024-09-15 10:59:09,1389.76,true,Team
4451,Jordan,Lopez,jordan.lopez.4451@example.com,2023-09-29,2023-12-03 19:16:49,9375.61,true,Enterprise
4452,Taylor,Kim,taylor.kim.4452@example.com,2023-12-30,2024-01-07 15:07:15,9188.69,true,Free
4453,Casey,Smith,casey.smith.4453@example.com,2025-02-02,2025-12-31 03:43:31,3944.70,false,Pro
4454,Morgan,Singh,morgan.singh.4454@example.com,2025-01-27,2025-10-11 22:17:08,5404.81,false,Team
4455,Riley,Müller,riley.müller.4455@example.com,2024-02-18,2024-08-21 16:22:02,1924.91,true,Enterprise
4456,Avery,Patel,avery.patel.4456@example.com,2025-02-18,2025-09-17 14:39:57,9115.76,true,Free
4457,Quinn,Brown,quinn.brown.4457@example.com,2025-12-13,2026-08-07 06:55:38,2057.36,true,Pro
4458,Sasha,Johnson,sasha.johnson.4458@example.com,2023-11-26,2024-10-10 22:29:04,4744.96,false,Team
4459,Drew,Garcia,drew.garcia.4459@example.com,2025-08-28,2026-02-14 19:56:56,3515.22,true,Enterprise
4460,Alex,Nguyen,alex.nguyen.4460@example.com,2025-09-19,2025-10-04 20:14:56,6449.92,true,Free
4461,Jordan,Lopez,jordan.lopez.4461@example.com,2025-06-08,2026-02-28 14:30:06,4537.85,true,Pro
4462,Taylor,Kim,taylor.kim.4462@example.com,2026-03-22,2026-08-05 18:16:48,1845.12,true,Team
4463,Casey,Smith,casey.smith.4463@example.com,2024-04-01,2025-01-10 11:18:39,7890.37,true,Enterprise
4464,Morgan,Singh,morgan.singh.4464@example.com,2024-08-11,2025-06-14 04:46:17,4536.40,false,Free
4465,Riley,Müller,riley.müller.4465@example.com,2025-01-03,2025-12-26 13:32:06,4899.61,true,Pro
4466,Avery,Patel,avery.patel.4466@example.com,2025-05-27,2025-12-09 03:14:52,3022.07,false,Team
4467,Quinn,Brown,quinn.brown.4467@example.com,2026-03-28,2026-05-08 19:36:04,1337.25,false,Enterprise
4468,Sasha,Johnson,sasha.johnson.4468@example.com,2023-06-09,2023-10-08 02:41:25,8399.42,true,Free
4469,Drew,Garcia,drew.garcia.4469@example.com,2024-03-07,2024-07-21 05:06:39,9585.60,true,Pro
4470,Alex,Nguyen,alex.nguyen.4470@example.com,2024-08-09,2024-10-27 08:38:24,9889.87,false,Team
4471,Jordan,Lopez,jordan.lopez.4471@example.com,2025-11-07,2026-07-11 01:21:39,7685.54,true,Enterprise
4472,Taylor,Kim,taylor.kim.4472@example.com,2023-11-16,2024-04-17 20:46:47,3744.70,true,Free
4473,Casey,Smith,casey.smith.4473@example.com,2025-10-13,2026-06-02 04:46:14,6916.20,true,Pro
4474,Morgan,Singh,morgan.singh.4474@example.com,2023-04-16,2024-03-03 19:26:10,3853.10,true,Team
4475,Riley,Müller,riley.müller.4475@example.com,2023-12-26,2024-07-26 14:34:50,8674.89,true,Enterprise
4476,Avery,Patel,avery.patel.4476@example.com,2024-07-08,2024-10-05 21:09:16,3597.23,true,Free
4477,Quinn,Brown,quinn.brown.4477@example.com,2024-09-13,2025-04-15 13:56:12,2527.75,true,Pro
4478,Sasha,Johnson,sasha.johnson.4478@example.com,2023-06-07,2024-03-11 03:01:04,1283.45,true,Team
4479,Drew,Garcia,drew.garcia.4479@example.com,2025-06-10,2025-11-24 18:03:16,6940.22,true,Enterprise
4480,Alex,Nguyen,alex.nguyen.4480@example.com,2023-05-10,2024-02-07 17:40:24,607.78,true,Free
4481,Jordan,Lopez,jordan.lopez.4481@example.com,2025-01-01,2025-10-29 21:59:03,7395.78,true,Pro
4482,Taylor,Kim,taylor.kim.4482@example.com,2025-12-20,2026-07-01 15:10:34,7199.13,true,Team
4483,Casey,Smith,casey.smith.4483@example.com,2025-07-06,2026-04-05 15:10:55,6838.13,true,Enterprise
4484,Morgan,Singh,morgan.singh.4484@example.com,2023-02-16,2023-12-18 00:19:55,5961.51,true,Free
4485,Riley,Müller,riley.müller.4485@example.com,2023-01-30,2023-06-08 15:40:10,4449.86,true,Pro
4486,Avery,Patel,avery.patel.4486@example.com,2026-01-30,2026-11-12 03:39:52,5474.58,false,Team
4487,Quinn,Brown,quinn.brown.4487@example.com,2026-03-13,2026-08-13 23:00:31,1598.45,true,Enterprise
4488,Sasha,Johnson,sasha.johnson.4488@example.com,2025-02-09,2025-05-13 00:12:06,2639.29,true,Free
4489,Drew,Garcia,drew.garcia.4489@example.com,2025-04-20,2025-06-18 12:44:41,8580.86,true,Pro
4490,Alex,Nguyen,alex.nguyen.4490@example.com,2024-11-30,2025-05-23 21:34:16,5873.03,false,Team
4491,Jordan,Lopez,jordan.lopez.4491@example.com,2023-08-14,2023-12-30 18:04:01,4655.57,true,Enterprise
4492,Taylor,Kim,taylor.kim.4492@example.com,2024-04-05,2025-03-17 04:45:25,8369.26,true,Free
4493,Casey,Smith,casey.smith.4493@example.com,2026-03-06,2026-11-19 01:57:06,3116.23,true,Pro
4494,Morgan,Singh,morgan.singh.4494@example.com,2024-09-20,2025-07-26 15:04:00,8573.56,false,Team
4495,Riley,Müller,riley.müller.4495@example.com,2024-02-03,2024-06-02 19:32:10,1075.52,true,Enterprise
4496,Avery,Patel,avery.patel.4496@example.com,2025-01-21,2025-02-08 07:33:11,3454.55,true,Free
4497,Quinn,Brown,quinn.brown.4497@example.com,2024-07-10,2024-09-16 08:52:16,2898.90,false,Pro
4498,Sasha,Johnson,sasha.johnson.4498@example.com,2023-03-10,2023-09-29 01:26:46,1375.01,true,Team
4499,Drew,Garcia,drew.garcia.4499@example.com,2026-02-15,2026-02-28 00:05:34,1432.13,true,Enterprise
4500,Alex,Nguyen,alex.nguyen.4500@example.com,2026-04-04,2026-08-11 11:36:42,6119.71,true,Free
4501,Jordan,Lopez,jordan.lopez.4501@example.com,2024-04-16,2025-04-14 17:06:55,4658.65,false,Pro
4502,Taylor,Kim,taylor.kim.4502@example.com,2024-07-04,2024-07-07 02:05:33,9786.20,false,Team
4503,Casey,Smith,casey.smith.4503@example.com,2024-07-23,2025-05-18 13:44:35,6699.69,true,Enterprise
4504,Morgan,Singh,morgan.singh.4504@example.com,2024-06-24,2025-01-07 04:46:18,3552.61,true,Free
4505,Riley,Müller,riley.müller.4505@example.com,2025-01-23,2025-10-04 07:49:20,3193.39,true,Pro
4506,Avery,Patel,avery.patel.4506@example.com,2023-03-23,2023-08-21 01:22:09,6103.17,true,Team
4507,Quinn,Brown,quinn.brown.4507@example.com,2023-06-20,2023-07-15 07:52:32,6552.54,true,Enterprise
4508,Sasha,Johnson,sasha.johnson.4508@example.com,2026-04-09,2026-10-13 18:24:56,1338.68,true,Free
4509,Drew,Garcia,drew.garcia.4509@example.com,2024-03-08,2024-07-05 20:58:33,4508.07,true,Pro
4510,Alex,Nguyen,alex.nguyen.4510@example.com,2025-12-29,2026-07-13 17:02:17,6841.35,true,Team
4511,Jordan,Lopez,jordan.lopez.4511@example.com,2024-04-15,2024-06-26 17:01:52,6245.64,true,Enterprise
4512,Taylor,Kim,taylor.kim.4512@example.com,2024-04-30,2024-06-14 00:41:48,1627.32,false,Free
4513,Casey,Smith,casey.smith.4513@example.com,2023-01-17,2023-10-03 20:21:27,923.45,true,Pro
4514,Morgan,Singh,morgan.singh.4514@example.com,2023-03-16,2023-03-25 15:29:12,8925.83,false,Team
4515,Riley,Müller,riley.müller.4515@example.com,2026-01-08,2026-05-24 02:24:01,3765.59,false,Enterprise
4516,Avery,Patel,avery.patel.4516@example.com,2024-02-26,2024-05-08 13:31:56,1423.07,false,Free
4517,Quinn,Brown,quinn.brown.4517@example.com,2025-04-01,2025-10-20 23:35:49,2023.07,false,Pro
4518,Sasha,Johnson,sasha.johnson.4518@example.com,2024-07-02,2024-10-02 07:34:20,7268.58,true,Team
4519,Drew,Garcia,drew.garcia.4519@example.com,2026-04-14,2026-06-02 06:30:47,5617.32,true,Enterprise
4520,Alex,Nguyen,alex.nguyen.4520@example.com,2025-04-04,2025-11-23 19:46:21,1668.88,true,Free
4521,Jordan,Lopez,jordan.lopez.4521@example.com,2023-09-23,2024-05-10 07:41:30,3997.86,true,Pro
4522,Taylor,Kim,taylor.kim.4522@example.com,2025-08-07,2026-01-17 09:27:14,316.25,true,Team
4523,Casey,Smith,casey.smith.4523@example.com,2023-09-29,2024-08-15 12:47:22,3222.97,true,Enterprise
4524,Morgan,Singh,morgan.singh.4524@example.com,2024-04-17,2024-12-07 18:03:52,6590.76,true,Free
4525,Riley,Müller,riley.müller.4525@example.com,2025-10-27,2026-07-09 23:25:33,9968.09,true,Pro
4526,Avery,Patel,avery.patel.4526@example.com,2024-10-12,2025-09-12 23:30:35,8106.00,true,Team
4527,Quinn,Brown,quinn.brown.4527@example.com,2023-07-03,2023-08-26 03:58:20,8123.45,true,Enterprise
4528,Sasha,Johnson,sasha.johnson.4528@example.com,2025-12-29,2026-02-01 15:05:58,9162.74,true,Free
4529,Drew,Garcia,drew.garcia.4529@example.com,2023-02-16,2023-04-14 19:30:41,6826.80,true,Pro
4530,Alex,Nguyen,alex.nguyen.4530@example.com,2023-07-03,2023-07-07 13:06:56,2560.98,true,Team
4531,Jordan,Lopez,jordan.lopez.4531@example.com,2025-07-01,2025-11-07 17:05:06,2671.97,false,Enterprise
4532,Taylor,Kim,taylor.kim.4532@example.com,2024-02-14,2024-11-24 06:11:40,6463.51,true,Free
4533,Casey,Smith,casey.smith.4533@example.com,2025-06-06,2025-08-28 12:30:32,6499.93,true,Pro
4534,Morgan,Singh,morgan.singh.4534@example.com,2025-11-10,2025-12-28 14:13:49,6189.58,true,Team
4535,Riley,Müller,riley.müller.4535@example.com,2024-11-18,2025-05-17 20:39:28,7672.64,false,Enterprise
4536,Avery,Patel,avery.patel.4536@example.com,2023-09-05,2023-10-25 03:31:35,4858.17,true,Free
4537,Quinn,Brown,quinn.brown.4537@example.com,2025-04-08,2026-02-03 18:06:44,8787.93,false,Pro
4538,Sasha,Johnson,sasha.johnson.4538@example.com,2024-11-19,2025-06-13 09:52:43,7107.54,true,Team
4539,Drew,Garcia,drew.garcia.4539@example.com,2025-12-09,2026-03-08 16:17:36,7631.88,true,Enterprise
4540,Alex,Nguyen,alex.nguyen.4540@example.com,2025-10-13,2026-07-17 16:28:06,7705.82,true,Free
4541,Jordan,Lopez,jordan.lopez.4541@example.com,2025-12-07,2026-02-23 04:07:08,9009.05,true,Pro
4542,Taylor,Kim,taylor.kim.4542@example.com,2026-04-08,2026-07-30 08:58:24,9943.06,true,Team
4543,Casey,Smith,casey.smith.4543@example.com,2024-12-23,2025-06-22 21:56:41,3074.80,true,Enterprise
4544,Morgan,Singh,morgan.singh.4544@example.com,2023-06-15,2024-04-30 21:49:18,8969.34,true,Free
4545,Riley,Müller,riley.müller.4545@example.com,2024-02-28,2024-11-14 04:01:45,5628.13,false,Pro
4546,Avery,Patel,avery.patel.4546@example.com,2026-04-12,2026-07-11 21:10:15,375.44,true,Team
4547,Quinn,Brown,quinn.brown.4547@example.com,2025-11-08,2026-09-14 02:39:31,4114.22,true,Enterprise
4548,Sasha,Johnson,sasha.johnson.4548@example.com,2024-05-01,2024-07-16 08:24:50,9371.20,true,Free
4549,Drew,Garcia,drew.garcia.4549@example.com,2026-03-05,2026-09-22 22:03:47,7998.48,true,Pro
4550,Alex,Nguyen,alex.nguyen.4550@example.com,2023-08-02,2024-07-25 23:54:20,9541.49,true,Team
4551,Jordan,Lopez,jordan.lopez.4551@example.com,2025-11-19,2025-12-10 08:02:02,454.88,true,Enterprise
4552,Taylor,Kim,taylor.kim.4552@example.com,2024-01-20,2024-02-28 04:36:00,5101.65,true,Free
4553,Casey,Smith,casey.smith.4553@example.com,2026-03-20,2026-12-14 02:39:42,4744.41,true,Pro
4554,Morgan,Singh,morgan.singh.4554@example.com,2024-02-06,2024-05-08 09:27:05,7457.91,true,Team
4555,Riley,Müller,riley.müller.4555@example.com,2024-07-26,2024-08-12 22:54:29,7052.99,true,Enterprise
4556,Avery,Patel,avery.patel.4556@example.com,2026-03-27,2026-09-18 15:13:29,518.83,true,Free
4557,Quinn,Brown,quinn.brown.4557@example.com,2025-05-09,2025-10-01 11:15:06,6679.85,true,Pro
4558,Sasha,Johnson,sasha.johnson.4558@example.com,2025-01-06,2025-02-26 22:33:45,2614.70,true,Team
4559,Drew,Garcia,drew.garcia.4559@example.com,2025-01-22,2025-10-31 05:43:26,7155.68,true,Enterprise
4560,Alex,Nguyen,alex.nguyen.4560@example.com,2023-11-07,2024-04-10 17:55:42,4951.39,true,Free
4561,Jordan,Lopez,jordan.lopez.4561@example.com,2023-11-01,2024-08-28 23:35:37,5097.49,true,Pro
4562,Taylor,Kim,taylor.kim.4562@example.com,2025-06-26,2025-12-17 03:19:14,760.59,true,Team
4563,Casey,Smith,casey.smith.4563@example.com,2023-06-17,2023-09-29 00:51:16,504.70,true,Enterprise
4564,Morgan,Singh,morgan.singh.4564@example.com,2026-01-15,2026-10-02 09:35:14,3568.66,true,Free
4565,Riley,Müller,riley.müller.4565@example.com,2024-04-12,2024-04-26 18:21:57,2903.46,true,Pro
4566,Avery,Patel,avery.patel.4566@example.com,2024-05-11,2024-12-09 03:20:14,741.47,true,Team
4567,Quinn,Brown,quinn.brown.4567@example.com,2025-05-13,2026-01-06 20:20:37,4949.29,true,Enterprise
4568,Sasha,Johnson,sasha.johnson.4568@example.com,2024-02-06,2024-06-20 06:38:55,1662.02,false,Free
4569,Drew,Garcia,drew.garcia.4569@example.com,2025-04-17,2026-03-25 06:07:07,2123.44,true,Pro
4570,Alex,Nguyen,alex.nguyen.4570@example.com,2024-10-29,2025-01-31 04:08:24,1773.13,true,Team
4571,Jordan,Lopez,jordan.lopez.4571@example.com,2024-06-21,2025-03-07 12:32:47,8417.90,true,Enterprise
4572,Taylor,Kim,taylor.kim.4572@example.com,2023-01-21,2023-08-23 19:24:08,8877.75,true,Free
4573,Casey,Smith,casey.smith.4573@example.com,2024-08-11,2024-09-30 21:36:09,6570.98,true,Pro
4574,Morgan,Singh,morgan.singh.4574@example.com,2024-12-31,2025-04-30 17:12:53,485.30,false,Team
4575,Riley,Müller,riley.müller.4575@example.com,2023-10-30,2024-01-18 22:18:55,4266.06,true,Enterprise
4576,Avery,Patel,avery.patel.4576@example.com,2023-06-14,2023-10-07 19:14:54,792.56,false,Free
4577,Quinn,Brown,quinn.brown.4577@example.com,2023-02-04,2023-12-29 00:39:58,5160.67,true,Pro
4578,Sasha,Johnson,sasha.johnson.4578@example.com,2023-07-11,2024-03-26 16:23:27,6670.46,true,Team
4579,Drew,Garcia,drew.garcia.4579@example.com,2025-02-13,2025-11-05 06:04:56,288.03,true,Enterprise
4580,Alex,Nguyen,alex.nguyen.4580@example.com,2023-11-05,2024-08-25 11:24:50,8392.21,true,Free
4581,Jordan,Lopez,jordan.lopez.4581@example.com,2026-03-19,2027-03-14 20:40:42,2906.99,true,Pro
4582,Taylor,Kim,taylor.kim.4582@example.com,2026-02-15,2026-08-01 12:26:35,55.30,true,Team
4583,Casey,Smith,casey.smith.4583@example.com,2025-02-27,2025-08-30 09:58:06,5367.36,false,Enterprise
4584,Morgan,Singh,morgan.singh.4584@example.com,2023-10-30,2024-02-04 22:46:18,9936.90,true,Free
4585,Riley,Müller,riley.müller.4585@example.com,2025-03-04,2026-01-16 14:30:31,9163.40,true,Pro
4586,Avery,Patel,avery.patel.4586@example.com,2023-09-27,2023-10-20 10:53:07,5687.26,true,Team
4587,Quinn,Brown,quinn.brown.4587@example.com,2024-11-17,2025-10-21 10:06:17,6433.16,true,Enterprise
4588,Sasha,Johnson,sasha.johnson.4588@example.com,2023-10-16,2024-05-14 12:14:11,1461.65,true,Free
4589,Drew,Garcia,drew.garcia.4589@example.com,2025-09-11,2026-01-25 00:28:07,7899.96,true,Pro
4590,Alex,Nguyen,alex.nguyen.4590@example.com,2025-05-17,2025-11-22 02:23:05,6638.26,true,Team
4591,Jordan,Lopez,jordan.lopez.4591@example.com,2024-03-30,2025-03-10 04:53:04,9682.73,true,Enterprise
4592,Taylor,Kim,taylor.kim.4592@example.com,2023-02-01,2023-06-07 17:07:56,3290.27,true,Free
4593,Casey,Smith,casey.smith.4593@example.com,2026-03-16,2027-02-03 04:11:06,5828.85,true,Pro
4594,Morgan,Singh,morgan.singh.4594@example.com,2023-04-05,2023-05-19 21:32:24,4733.98,true,Team
4595,Riley,Müller,riley.müller.4595@example.com,2025-04-25,2025-12-04 20:22:20,3339.85,true,Enterprise
4596,Avery,Patel,avery.patel.4596@example.com,2026-01-25,2026-03-13 09:43:24,9258.14,true,Free
4597,Quinn,Brown,quinn.brown.4597@example.com,2023-05-27,2023-11-01 01:41:21,8181.99,true,Pro
4598,Sasha,Johnson,sasha.johnson.4598@example.com,2024-07-03,2024-11-05 07:30:24,5446.27,true,Team
4599,Drew,Garcia,drew.garcia.4599@example.com,2023-07-09,2023-11-12 18:12:34,8633.44,true,Enterprise
4600,Alex,Nguyen,alex.nguyen.4600@example.com,2025-04-30,2025-07-04 15:13:21,1510.39,true,Free
4601,Jordan,Lopez,jordan.lopez.4601@example.com,2024-05-18,2025-03-07 13:52:09,7004.61,true,Pro
4602,Taylor,Kim,taylor.kim.4602@example.com,2025-04-04,2025-09-26 02:22:16,9157.07,true,Team
4603,Casey,Smith,casey.smith.4603@example.com,2025-10-03,2026-09-08 14:24:24,6225.62,true,Enterprise
4604,Morgan,Singh,morgan.singh.4604@example.com,2024-08-06,2025-06-17 06:48:13,5743.62,true,Free
4605,Riley,Müller,riley.müller.4605@example.com,2025-11-05,2025-11-08 04:14:35,6165.40,false,Pro
4606,Avery,Patel,avery.patel.4606@example.com,2025-08-04,2026-04-18 09:24:37,7825.14,true,Team
4607,Quinn,Brown,quinn.brown.4607@example.com,2025-06-09,2025-09-15 07:46:52,4286.63,true,Enterprise
4608,Sasha,Johnson,sasha.johnson.4608@example.com,2024-05-09,2024-06-25 18:02:20,185.17,false,Free
4609,Drew,Garcia,drew.garcia.4609@example.com,2026-03-30,2026-05-10 07:15:43,8919.08,true,Pro
4610,Alex,Nguyen,alex.nguyen.4610@example.com,2025-09-28,2026-08-29 17:36:43,1677.90,true,Team
4611,Jordan,Lopez,jordan.lopez.4611@example.com,2024-06-20,2024-08-16 20:41:48,949.37,true,Enterprise
4612,Taylor,Kim,taylor.kim.4612@example.com,2023-02-09,2024-01-20 20:34:54,230.17,true,Free
4613,Casey,Smith,casey.smith.4613@example.com,2024-03-15,2024-04-22 11:08:59,5963.29,true,Pro
4614,Morgan,Singh,morgan.singh.4614@example.com,2023-06-17,2023-10-23 07:07:00,701.16,true,Team
4615,Riley,Müller,riley.müller.4615@example.com,2025-02-04,2025-11-19 07:52:22,5932.66,true,Enterprise
4616,Avery,Patel,avery.patel.4616@example.com,2025-07-09,2026-01-31 09:48:32,5516.35,true,Free
4617,Quinn,Brown,quinn.brown.4617@example.com,2023-03-07,2023-09-16 05:45:40,7856.82,false,Pro
4618,Sasha,Johnson,sasha.johnson.4618@example.com,2024-04-20,2024-09-12 05:08:26,981.95,false,Team
4619,Drew,Garcia,drew.garcia.4619@example.com,2025-08-01,2026-02-07 00:34:25,1380.10,true,Enterprise
4620,Alex,Nguyen,alex.nguyen.4620@example.com,2024-10-23,2025-06-24 11:01:53,9368.31,true,Free
4621,Jordan,Lopez,jordan.lopez.4621@example.com,2025-11-06,2026-04-12 22:36:03,7614.70,true,Pro
4622,Taylor,Kim,taylor.kim.4622@example.com,2023-05-24,2023-06-22 01:22:33,7879.90,true,Team
4623,Casey,Smith,casey.smith.4623@example.com,2026-01-24,2026-08-03 15:41:24,8418.78,false,Enterprise
4624,Morgan,Singh,morgan.singh.4624@example.com,2023-08-02,2023-09-10 17:46:46,8858.24,false,Free
4625,Riley,Müller,riley.müller.4625@example.com,2025-06-19,2026-06-07 12:56:11,9678.20,true,Pro
4626,Avery,Patel,avery.patel.4626@example.com,2023-09-17,2024-07-07 22:36:52,7319.61,true,Team
4627,Quinn,Brown,quinn.brown.4627@example.com,2025-07-20,2025-09-22 18:59:15,8046.93,false,Enterprise
4628,Sasha,Johnson,sasha.johnson.4628@example.com,2024-11-07,2025-08-08 02:30:52,4327.06,true,Free
4629,Drew,Garcia,drew.garcia.4629@example.com,2023-12-21,2024-12-15 14:41:52,4289.49,false,Pro
4630,Alex,Nguyen,alex.nguyen.4630@example.com,2023-12-24,2024-10-29 16:01:18,8342.06,true,Team
4631,Jordan,Lopez,jordan.lopez.4631@example.com,2023-03-14,2023-11-25 13:10:36,3688.98,true,Enterprise
4632,Taylor,Kim,taylor.kim.4632@example.com,2025-10-15,2026-03-07 15:02:57,1735.58,true,Free
4633,Casey,Smith,casey.smith.4633@example.com,2024-09-02,2024-12-03 01:38:07,347.82,true,Pro
4634,Morgan,Singh,morgan.singh.4634@example.com,2023-09-01,2024-02-28 07:35:18,3037.09,true,Team
4635,Riley,Müller,riley.müller.4635@example.com,2023-09-05,2024-03-11 01:46:45,7335.56,true,Enterprise
4636,Avery,Patel,avery.patel.4636@example.com,2025-01-10,2025-01-14 03:08:19,6337.07,false,Free
4637,Quinn,Brown,quinn.brown.4637@example.com,2026-03-13,2027-01-05 14:21:17,1817.11,false,Pro
4638,Sasha,Johnson,sasha.johnson.4638@example.com,2023-07-30,2023-11-30 02:15:16,4863.17,false,Team
4639,Drew,Garcia,drew.garcia.4639@example.com,2025-09-16,2026-05-08 10:05:42,808.20,true,Enterprise
4640,Alex,Nguyen,alex.nguyen.4640@example.com,2023-01-25,2023-01-31 01:36:47,671.65,true,Free
4641,Jordan,Lopez,jordan.lopez.4641@example.com,2023-06-27,2023-07-07 15:28:49,8972.43,true,Pro
4642,Taylor,Kim,taylor.kim.4642@example.com,2025-07-01,2025-11-18 15:32:52,5051.81,true,Team
4643,Casey,Smith,casey.smith.4643@example.com,2023-03-12,2023-08-18 03:47:47,3579.51,true,Enterprise
4644,Morgan,Singh,morgan.singh.4644@example.com,2023-02-01,2023-09-30 04:06:23,5472.13,true,Free
4645,Riley,Müller,riley.müller.4645@example.com,2023-05-05,2023-11-19 23:57:35,9380.08,false,Pro
4646,Avery,Patel,avery.patel.4646@example.com,2025-05-11,2025-10-05 01:28:41,8745.51,true,Team
4647,Quinn,Brown,quinn.brown.4647@example.com,2023-08-29,2024-02-25 08:08:38,7061.58,true,Enterprise
4648,Sasha,Johnson,sasha.johnson.4648@example.com,2024-09-22,2025-06-21 02:05:40,9474.56,false,Free
4649,Drew,Garcia,drew.garcia.4649@example.com,2024-08-02,2025-05-28 04:03:47,5115.22,false,Pro
4650,Alex,Nguyen,alex.nguyen.4650@example.com,2023-08-15,2024-04-26 23:01:59,5600.80,true,Team
4651,Jordan,Lopez,jordan.lopez.4651@example.com,2025-06-12,2025-12-15 21:47:37,6006.17,false,Enterprise
4652,Taylor,Kim,taylor.kim.4652@example.com,2024-01-17,2024-09-23 00:54:57,7975.42,false,Free
4653,Casey,Smith,casey.smith.4653@example.com,2023-02-15,2023-12-23 00:10:14,2270.91,true,Pro
4654,Morgan,Singh,morgan.singh.4654@example.com,2024-02-15,2024-08-17 12:16:50,3086.72,true,Team
4655,Riley,Müller,riley.müller.4655@example.com,2025-10-30,2026-07-19 19:51:20,5802.25,true,Enterprise
4656,Avery,Patel,avery.patel.4656@example.com,2024-04-19,2024-06-22 09:07:59,9874.86,true,Free
4657,Quinn,Brown,quinn.brown.4657@example.com,2023-03-02,2023-03-28 17:46:12,5290.44,true,Pro
4658,Sasha,Johnson,sasha.johnson.4658@example.com,2025-01-17,2025-10-03 01:38:17,9293.84,true,Team
4659,Drew,Garcia,drew.garcia.4659@example.com,2024-09-01,2025-07-26 16:01:14,4488.81,false,Enterprise
4660,Alex,Nguyen,alex.nguyen.4660@example.com,2024-01-19,2024-04-10 08:29:50,3249.73,true,Free
4661,Jordan,Lopez,jordan.lopez.4661@example.com,2024-11-25,2025-08-31 05:58:47,6271.98,true,Pro
4662,Taylor,Kim,taylor.kim.4662@example.com,2023-04-20,2024-03-26 23:03:35,2514.71,true,Team
4663,Casey,Smith,casey.smith.4663@example.com,2026-03-27,2026-12-01 07:47:45,9195.51,false,Enterprise
4664,Morgan,Singh,morgan.singh.4664@example.com,2025-05-16,2025-11-25 07:19:03,9759.10,true,Free
4665,Riley,Müller,riley.müller.4665@example.com,2023-12-28,2024-02-02 23:43:44,3955.45,false,Pro
4666,Avery,Patel,avery.patel.4666@example.com,2024-09-05,2024-09-28 03:33:55,656.72,false,Team
4667,Quinn,Brown,quinn.brown.4667@example.com,2023-06-06,2023-10-07 20:51:48,9640.62,true,Enterprise
4668,Sasha,Johnson,sasha.johnson.4668@example.com,2023-08-06,2024-01-27 23:26:13,7057.54,true,Free
4669,Drew,Garcia,drew.garcia.4669@example.com,2023-12-11,2024-05-01 11:16:56,35.37,true,Pro
4670,Alex,Nguyen,alex.nguyen.4670@example.com,2023-09-08,2024-08-24 11:49:05,8939.97,true,Team
4671,Jordan,Lopez,jordan.lopez.4671@example.com,2024-04-15,2025-02-13 19:16:25,860.99,true,Enterprise
4672,Taylor,Kim,taylor.kim.4672@example.com,2024-04-05,2024-11-20 08:35:00,2579.07,true,Free
4673,Casey,Smith,casey.smith.4673@example.com,2024-06-19,2025-05-08 17:59:11,9260.49,true,Pro
4674,Morgan,Singh,morgan.singh.4674@example.com,2026-01-17,2026-12-09 09:38:22,9695.70,true,Team
4675,Riley,Müller,riley.müller.4675@example.com,2024-10-08,2025-02-06 17:29:05,2247.16,true,Enterprise
4676,Avery,Patel,avery.patel.4676@example.com,2023-08-22,2024-07-13 19:31:29,2580.80,true,Free
4677,Quinn,Brown,quinn.brown.4677@example.com,2023-05-22,2023-10-25 17:10:12,6190.79,true,Pro
4678,Sasha,Johnson,sasha.johnson.4678@example.com,2024-02-17,2024-11-13 15:41:24,2110.65,true,Team
4679,Drew,Garcia,drew.garcia.4679@example.com,2025-10-17,2026-09-23 09:57:21,2102.21,true,Enterprise
4680,Alex,Nguyen,alex.nguyen.4680@example.com,2024-09-02,2025-04-15 10:30:12,1446.37,true,Free
4681,Jordan,Lopez,jordan.lopez.4681@example.com,2023-03-04,2023-03-19 16:50:48,1426.28,true,Pro
4682,Taylor,Kim,taylor.kim.4682@example.com,2025-08-10,2026-01-05 01:42:15,4492.49,true,Team
4683,Casey,Smith,casey.smith.4683@example.com,2026-04-18,2026-12-12 03:24:55,1121.38,true,Enterprise
4684,Morgan,Singh,morgan.singh.4684@example.com,2025-11-29,2026-08-21 14:43:57,863.94,true,Free
4685,Riley,Müller,riley.müller.4685@example.com,2023-09-07,2024-02-21 15:32:56,5406.80,true,Pro
4686,Avery,Patel,avery.patel.4686@example.com,2023-02-28,2023-07-02 06:10:00,5105.37,true,Team
4687,Quinn,Brown,quinn.brown.4687@example.com,2023-04-04,2023-09-11 23:03:47,4696.44,false,Enterprise
4688,Sasha,Johnson,sasha.johnson.4688@example.com,2024-10-16,2025-08-30 05:12:35,8633.94,true,Free
4689,Drew,Garcia,drew.garcia.4689@example.com,2023-01-07,2023-06-18 13:35:11,399.46,true,Pro
4690,Alex,Nguyen,alex.nguyen.4690@example.com,2024-03-07,2025-01-01 07:59:55,4446.63,true,Team
4691,Jordan,Lopez,jordan.lopez.4691@example.com,2024-10-15,2025-04-14 18:11:42,8576.21,false,Enterprise
4692,Taylor,Kim,taylor.kim.4692@example.com,2025-06-02,2026-04-29 12:47:24,2525.04,true,Free
4693,Casey,Smith,casey.smith.4693@example.com,2024-03-10,2024-06-05 20:26:21,7293.76,false,Pro
4694,Morgan,Singh,morgan.singh.4694@example.com,2025-11-23,2026-08-30 02:06:28,7201.92,true,Team
4695,Riley,Müller,riley.müller.4695@example.com,2024-12-01,2025-01-29 06:08:05,7224.99,true,Enterprise
4696,Avery,Patel,avery.patel.4696@example.com,2025-09-13,2026-06-17 21:28:47,6285.43,true,Free
4697,Quinn,Brown,quinn.brown.4697@example.com,2026-03-18,2026-08-26 05:02:05,4183.40,true,Pro
4698,Sasha,Johnson,sasha.johnson.4698@example.com,2025-02-16,2025-12-04 14:48:46,1630.00,true,Team
4699,Drew,Garcia,drew.garcia.4699@example.com,2024-01-26,2024-12-21 00:24:35,9046.69,true,Enterprise
4700,Alex,Nguyen,alex.nguyen.4700@example.com,2023-07-26,2023-09-23 15:31:20,6206.22,true,Free
4701,Jordan,Lopez,jordan.lopez.4701@example.com,2025-10-11,2026-01-12 03:26:48,7274.42,true,Pro
4702,Taylor,Kim,taylor.kim.4702@example.com,2023-10-07,2023-12-14 22:08:36,4503.29,false,Team
4703,Casey,Smith,casey.smith.4703@example.com,2025-04-10,2025-11-11 01:09:27,8728.24,true,Enterprise
4704,Morgan,Singh,morgan.singh.4704@example.com,2026-04-23,2026-06-19 14:33:25,9084.51,true,Free
4705,Riley,Müller,riley.müller.4705@example.com,2024-07-05,2025-01-14 20:10:56,6241.23,true,Pro
4706,Avery,Patel,avery.patel.4706@example.com,2024-08-12,2025-06-03 05:35:00,5069.47,true,Team
4707,Quinn,Brown,quinn.brown.4707@example.com,2024-08-14,2024-11-11 11:37:38,731.45,false,Enterprise
4708,Sasha,Johnson,sasha.johnson.4708@example.com,2026-04-16,2026-09-16 07:55:29,6764.39,true,Free
4709,Drew,Garcia,drew.garcia.4709@example.com,2025-06-01,2025-08-30 18:58:04,0.71,true,Pro
4710,Alex,Nguyen,alex.nguyen.4710@example.com,2024-10-07,2025-04-29 17:50:11,3245.97,true,Team
4711,Jordan,Lopez,jordan.lopez.4711@example.com,2024-12-29,2025-12-26 05:04:12,6898.67,true,Enterprise
4712,Taylor,Kim,taylor.kim.4712@example.com,2026-01-28,2026-09-24 18:24:08,929.35,true,Free
4713,Casey,Smith,casey.smith.4713@example.com,2026-02-11,2026-09-11 07:41:41,8524.23,true,Pro
4714,Morgan,Singh,morgan.singh.4714@example.com,2023-10-15,2024-02-15 21:08:08,4840.35,false,Team
4715,Riley,Müller,riley.müller.4715@example.com,2025-03-26,2025-10-13 14:48:35,6035.98,true,Enterprise
4716,Avery,Patel,avery.patel.4716@example.com,2024-08-12,2024-12-03 06:39:35,5248.81,true,Free
4717,Quinn,Brown,quinn.brown.4717@example.com,2025-11-28,2026-01-23 08:05:53,6625.19,true,Pro
4718,Sasha,Johnson,sasha.johnson.4718@example.com,2023-03-03,2023-03-21 23:43:13,5185.70,true,Team
4719,Drew,Garcia,drew.garcia.4719@example.com,2024-07-18,2024-10-23 08:56:21,1861.15,true,Enterprise
4720,Alex,Nguyen,alex.nguyen.4720@example.com,2026-04-25,2027-01-02 04:44:22,8052.20,false,Free
4721,Jordan,Lopez,jordan.lopez.4721@example.com,2025-04-11,2025-11-27 16:01:35,3277.59,true,Pro
4722,Taylor,Kim,taylor.kim.4722@example.com,2026-02-17,2026-09-25 13:15:56,5183.84,true,Team
4723,Casey,Smith,casey.smith.4723@example.com,2025-12-27,2026-11-06 03:42:34,783.35,true,Enterprise
4724,Morgan,Singh,morgan.singh.4724@example.com,2025-02-19,2025-10-28 20:14:12,9210.43,false,Free
4725,Riley,Müller,riley.müller.4725@example.com,2024-01-19,2024-11-10 13:57:30,5788.35,true,Pro
4726,Avery,Patel,avery.patel.4726@example.com,2026-04-05,2027-03-24 12:41:49,2790.37,true,Team
4727,Quinn,Brown,quinn.brown.4727@example.com,2026-04-13,2026-11-07 01:58:16,5319.76,false,Enterprise
4728,Sasha,Johnson,sasha.johnson.4728@example.com,2025-08-25,2026-04-16 10:28:29,691.51,true,Free
4729,Drew,Garcia,drew.garcia.4729@example.com,2024-04-13,2024-05-13 18:32:11,2336.61,true,Pro
4730,Alex,Nguyen,alex.nguyen.4730@example.com,2024-04-04,2024-04-10 20:42:31,4208.93,true,Team
4731,Jordan,Lopez,jordan.lopez.4731@example.com,2026-03-28,2026-10-30 02:54:39,286.59,true,Enterprise
4732,Taylor,Kim,taylor.kim.4732@example.com,2024-12-18,2025-11-21 05:01:55,1961.12,true,Free
4733,Casey,Smith,casey.smith.4733@example.com,2026-04-13,2026-08-11 13:54:42,7862.20,true,Pro
4734,Morgan,Singh,morgan.singh.4734@example.com,2024-10-14,2025-02-24 04:17:17,7864.75,true,Team
4735,Riley,Müller,riley.müller.4735@example.com,2024-07-20,2024-11-01 06:15:07,3035.83,true,Enterprise
4736,Avery,Patel,avery.patel.4736@example.com,2025-08-22,2026-07-31 01:31:07,2148.22,true,Free
4737,Quinn,Brown,quinn.brown.4737@example.com,2025-02-07,2025-12-04 14:29:12,6594.77,false,Pro
4738,Sasha,Johnson,sasha.johnson.4738@example.com,2024-06-25,2025-01-25 15:54:28,121.58,false,Team
4739,Drew,Garcia,drew.garcia.4739@example.com,2026-02-19,2026-08-30 21:38:05,6761.08,true,Enterprise
4740,Alex,Nguyen,alex.nguyen.4740@example.com,2026-01-05,2026-07-07 18:50:59,8893.36,true,Free
4741,Jordan,Lopez,jordan.lopez.4741@example.com,2023-05-16,2024-03-30 11:41:14,751.04,true,Pro
4742,Taylor,Kim,taylor.kim.4742@example.com,2025-03-12,2025-08-16 05:52:02,2550.96,true,Team
4743,Casey,Smith,casey.smith.4743@example.com,2025-08-17,2026-06-15 04:47:00,6798.75,true,Enterprise
4744,Morgan,Singh,morgan.singh.4744@example.com,2023-03-23,2023-08-25 21:59:03,5215.07,false,Free
4745,Riley,Müller,riley.müller.4745@example.com,2023-02-15,2023-07-04 20:45:54,6828.35,true,Pro
4746,Avery,Patel,avery.patel.4746@example.com,2023-06-13,2024-05-09 03:38:08,10.08,true,Team
4747,Quinn,Brown,quinn.brown.4747@example.com,2023-09-15,2024-07-20 08:26:51,743.65,true,Enterprise
4748,Sasha,Johnson,sasha.johnson.4748@example.com,2025-12-31,2026-04-27 14:54:22,1083.38,true,Free
4749,Drew,Garcia,drew.garcia.4749@example.com,2023-06-07,2023-09-16 07:15:37,8126.47,true,Pro
4750,Alex,Nguyen,alex.nguyen.4750@example.com,2024-03-17,2024-11-12 04:24:23,2775.75,true,Team
4751,Jordan,Lopez,jordan.lopez.4751@example.com,2023-06-19,2024-05-23 02:25:31,9918.47,true,Enterprise
4752,Taylor,Kim,taylor.kim.4752@example.com,2023-08-22,2024-05-10 00:35:34,9507.17,true,Free
4753,Casey,Smith,casey.smith.4753@example.com,2024-04-05,2024-10-28 18:29:55,1757.89,true,Pro
4754,Morgan,Singh,morgan.singh.4754@example.com,2025-11-26,2026-07-22 02:49:32,2838.28,true,Team
4755,Riley,Müller,riley.müller.4755@example.com,2024-10-29,2024-10-31 07:53:12,5758.80,true,Enterprise
4756,Avery,Patel,avery.patel.4756@example.com,2024-12-11,2025-01-21 07:22:46,793.11,true,Free
4757,Quinn,Brown,quinn.brown.4757@example.com,2025-06-10,2025-07-13 04:30:42,3060.03,false,Pro
4758,Sasha,Johnson,sasha.johnson.4758@example.com,2025-03-01,2025-06-07 02:53:49,6770.41,true,Team
4759,Drew,Garcia,drew.garcia.4759@example.com,2023-09-12,2024-02-08 00:24:53,6554.79,true,Enterprise
4760,Alex,Nguyen,alex.nguyen.4760@example.com,2025-01-12,2025-09-14 02:45:10,7954.51,true,Free
4761,Jordan,Lopez,jordan.lopez.4761@example.com,2026-03-02,2026-07-09 19:18:24,4499.91,true,Pro
4762,Taylor,Kim,taylor.kim.4762@example.com,2025-06-26,2026-02-11 13:48:35,2137.29,false,Team
4763,Casey,Smith,casey.smith.4763@example.com,2025-08-23,2026-06-24 11:07:23,8908.62,true,Enterprise
4764,Morgan,Singh,morgan.singh.4764@example.com,2025-12-26,2026-06-30 08:11:26,7647.10,true,Free
4765,Riley,Müller,riley.müller.4765@example.com,2024-11-11,2025-09-07 07:48:27,7261.01,true,Pro
4766,Avery,Patel,avery.patel.4766@example.com,2024-03-01,2024-11-17 21:46:53,8764.55,true,Team
4767,Quinn,Brown,quinn.brown.4767@example.com,2023-12-28,2024-10-04 15:46:51,9173.30,false,Enterprise
4768,Sasha,Johnson,sasha.johnson.4768@example.com,2026-04-20,2027-04-15 12:21:41,7952.60,true,Free
4769,Drew,Garcia,drew.garcia.4769@example.com,2026-03-22,2026-09-09 07:55:06,947.49,true,Pro
4770,Alex,Nguyen,alex.nguyen.4770@example.com,2023-04-14,2023-06-12 23:54:54,1359.36,true,Team
4771,Jordan,Lopez,jordan.lopez.4771@example.com,2025-01-29,2025-10-30 20:13:47,4384.96,true,Enterprise
4772,Taylor,Kim,taylor.kim.4772@example.com,2023-01-04,2023-01-06 00:26:58,3815.60,true,Free
4773,Casey,Smith,casey.smith.4773@example.com,2023-07-26,2024-06-02 13:21:53,6817.40,false,Pro
4774,Morgan,Singh,morgan.singh.4774@example.com,2025-12-28,2026-06-20 07:08:17,9635.71,true,Team
4775,Riley,Müller,riley.müller.4775@example.com,2025-07-20,2025-12-08 18:58:58,7552.31,true,Enterprise
4776,Avery,Patel,avery.patel.4776@example.com,2025-05-07,2025-06-26 23:44:50,9232.94,true,Free
4777,Quinn,Brown,quinn.brown.4777@example.com,2023-10-16,2024-08-18 12:09:56,8616.57,true,Pro
4778,Sasha,Johnson,sasha.johnson.4778@example.com,2024-06-12,2024-12-17 14:19:34,9691.13,true,Team
4779,Drew,Garcia,drew.garcia.4779@example.com,2023-10-26,2024-07-28 15:48:48,9847.56,true,Enterprise
4780,Alex,Nguyen,alex.nguyen.4780@example.com,2023-06-29,2024-01-27 13:06:40,830.95,true,Free
4781,Jordan,Lopez,jordan.lopez.4781@example.com,2026-04-24,2026-12-18 19:17:47,1344.06,true,Pro
4782,Taylor,Kim,taylor.kim.4782@example.com,2026-03-09,2026-03-22 11:22:10,5253.25,true,Team
4783,Casey,Smith,casey.smith.4783@example.com,2023-01-06,2023-01-29 12:26:53,5179.56,true,Enterprise
4784,Morgan,Singh,morgan.singh.4784@example.com,2023-01-26,2023-03-13 14:15:42,8641.86,true,Free
4785,Riley,Müller,riley.müller.4785@example.com,2023-05-14,2023-09-11 03:39:35,9644.06,false,Pro
4786,Avery,Patel,avery.patel.4786@example.com,2023-07-04,2023-09-24 19:18:52,4047.28,true,Team
4787,Quinn,Brown,quinn.brown.4787@example.com,2025-09-03,2025-12-11 08:23:09,1288.44,true,Enterprise
4788,Sasha,Johnson,sasha.johnson.4788@example.com,2024-06-05,2025-05-04 15:05:20,9944.85,true,Free
4789,Drew,Garcia,drew.garcia.4789@example.com,2025-09-23,2026-09-22 05:18:55,3584.40,true,Pro
4790,Alex,Nguyen,alex.nguyen.4790@example.com,2025-07-31,2025-11-11 06:42:22,5944.99,true,Team
4791,Jordan,Lopez,jordan.lopez.4791@example.com,2024-05-13,2024-11-04 07:19:20,6262.01,true,Enterprise
4792,Taylor,Kim,taylor.kim.4792@example.com,2024-03-10,2024-10-11 03:07:36,8456.34,true,Free
4793,Casey,Smith,casey.smith.4793@example.com,2026-04-16,2027-02-12 18:31:05,1825.12,true,Pro
4794,Morgan,Singh,morgan.singh.4794@example.com,2024-02-08,2024-07-25 14:39:05,2419.61,false,Team
4795,Riley,Müller,riley.müller.4795@example.com,2024-05-14,2025-04-30 08:32:04,3926.87,true,Enterprise
4796,Avery,Patel,avery.patel.4796@example.com,2023-12-18,2024-02-29 13:33:40,4463.60,true,Free
4797,Quinn,Brown,quinn.brown.4797@example.com,2026-04-24,2026-06-19 04:56:38,2318.86,true,Pro
4798,Sasha,Johnson,sasha.johnson.4798@example.com,2023-02-02,2023-07-22 17:17:02,5362.53,true,Team
4799,Drew,Garcia,drew.garcia.4799@example.com,2023-07-22,2023-07-28 11:00:43,7441.64,true,Enterprise
4800,Alex,Nguyen,alex.nguyen.4800@example.com,2025-01-27,2025-08-15 09:22:39,107.06,true,Free
4801,Jordan,Lopez,jordan.lopez.4801@example.com,2023-08-19,2024-03-25 00:27:59,3038.96,false,Pro
4802,Taylor,Kim,taylor.kim.4802@example.com,2023-10-24,2024-07-26 15:34:48,5335.31,false,Team
4803,Casey,Smith,casey.smith.4803@example.com,2024-11-23,2025-02-21 23:40:22,419.95,true,Enterprise
4804,Morgan,Singh,morgan.singh.4804@example.com,2023-02-12,2023-12-08 01:26:22,8951.61,true,Free
4805,Riley,Müller,riley.müller.4805@example.com,2026-04-24,2027-01-20 14:07:13,2120.13,true,Pro
4806,Avery,Patel,avery.patel.4806@example.com,2025-08-02,2026-01-11 08:35:29,3689.79,true,Team
4807,Quinn,Brown,quinn.brown.4807@example.com,2025-11-02,2026-10-26 16:50:29,2820.25,true,Enterprise
4808,Sasha,Johnson,sasha.johnson.4808@example.com,2023-04-02,2023-08-23 02:08:48,7009.41,true,Free
4809,Drew,Garcia,drew.garcia.4809@example.com,2023-12-14,2024-04-26 03:11:40,5322.12,false,Pro
4810,Alex,Nguyen,alex.nguyen.4810@example.com,2025-02-27,2026-01-24 00:26:09,2051.96,true,Team
4811,Jordan,Lopez,jordan.lopez.4811@example.com,2025-12-07,2026-11-04 11:11:46,7190.73,true,Enterprise
4812,Taylor,Kim,taylor.kim.4812@example.com,2025-08-14,2026-04-20 15:34:13,6594.01,false,Free
4813,Casey,Smith,casey.smith.4813@example.com,2025-08-07,2026-03-18 17:00:48,3376.98,true,Pro
4814,Morgan,Singh,morgan.singh.4814@example.com,2024-04-30,2024-08-26 08:01:00,3088.32,true,Team
4815,Riley,Müller,riley.müller.4815@example.com,2026-03-16,2026-07-24 00:06:22,8949.61,true,Enterprise
4816,Avery,Patel,avery.patel.4816@example.com,2025-10-27,2026-01-14 09:21:32,2992.17,true,Free
4817,Quinn,Brown,quinn.brown.4817@example.com,2025-08-02,2026-02-08 04:23:34,9434.00,true,Pro
4818,Sasha,Johnson,sasha.johnson.4818@example.com,2024-08-10,2024-08-19 09:52:25,1685.34,true,Team
4819,Drew,Garcia,drew.garcia.4819@example.com,2024-04-05,2025-03-27 00:45:14,1530.13,true,Enterprise
4820,Alex,Nguyen,alex.nguyen.4820@example.com,2023-02-27,2023-07-11 19:38:52,948.50,true,Free
4821,Jordan,Lopez,jordan.lopez.4821@example.com,2023-07-24,2024-02-15 21:21:17,7474.18,false,Pro
4822,Taylor,Kim,taylor.kim.4822@example.com,2025-09-16,2025-10-03 06:49:31,518.10,true,Team
4823,Casey,Smith,casey.smith.4823@example.com,2024-01-05,2024-12-03 03:31:11,1521.62,true,Enterprise
4824,Morgan,Singh,morgan.singh.4824@example.com,2026-02-04,2027-01-30 12:28:50,4599.09,true,Free
4825,Riley,Müller,riley.müller.4825@example.com,2023-03-23,2023-04-27 10:05:46,4176.81,true,Pro
4826,Avery,Patel,avery.patel.4826@example.com,2025-04-16,2025-06-11 12:52:43,2779.25,true,Team
4827,Quinn,Brown,quinn.brown.4827@example.com,2023-03-28,2024-02-08 19:38:26,6644.68,true,Enterprise
4828,Sasha,Johnson,sasha.johnson.4828@example.com,2025-02-05,2025-07-25 22:33:05,5519.36,true,Free
4829,Drew,Garcia,drew.garcia.4829@example.com,2026-04-20,2026-08-17 16:17:32,4519.72,true,Pro
4830,Alex,Nguyen,alex.nguyen.4830@example.com,2025-07-10,2026-01-20 02:08:02,8909.69,false,Team
4831,Jordan,Lopez,jordan.lopez.4831@example.com,2025-01-05,2025-11-20 12:18:38,1842.93,false,Enterprise
4832,Taylor,Kim,taylor.kim.4832@example.com,2023-02-19,2023-09-26 11:50:17,2974.89,true,Free
4833,Casey,Smith,casey.smith.4833@example.com,2024-07-24,2025-01-16 06:34:39,442.58,true,Pro
4834,Morgan,Singh,morgan.singh.4834@example.com,2023-01-12,2023-01-28 04:31:47,1128.88,true,Team
4835,Riley,Müller,riley.müller.4835@example.com,2024-05-02,2025-03-07 11:18:08,1433.68,true,Enterprise
4836,Avery,Patel,avery.patel.4836@example.com,2023-01-05,2023-01-30 04:40:55,808.76,false,Free
4837,Quinn,Brown,quinn.brown.4837@example.com,2025-06-09,2026-03-07 03:48:29,5646.21,true,Pro
4838,Sasha,Johnson,sasha.johnson.4838@example.com,2025-12-09,2026-10-18 16:48:54,9118.98,true,Team
4839,Drew,Garcia,drew.garcia.4839@example.com,2024-10-28,2025-06-15 03:16:39,8228.19,true,Enterprise
4840,Alex,Nguyen,alex.nguyen.4840@example.com,2023-04-03,2023-07-21 05:45:10,4067.81,true,Free
4841,Jordan,Lopez,jordan.lopez.4841@example.com,2024-03-09,2024-06-16 05:28:20,6308.83,true,Pro
4842,Taylor,Kim,taylor.kim.4842@example.com,2024-06-11,2024-12-06 12:23:43,1840.41,true,Team
4843,Casey,Smith,casey.smith.4843@example.com,2024-04-19,2024-06-01 15:22:30,8610.65,true,Enterprise
4844,Morgan,Singh,morgan.singh.4844@example.com,2023-10-11,2024-10-04 11:01:07,6080.49,true,Free
4845,Riley,Müller,riley.müller.4845@example.com,2025-10-13,2026-08-25 02:57:29,2178.49,true,Pro
4846,Avery,Patel,avery.patel.4846@example.com,2024-09-04,2024-11-11 18:58:46,6455.73,false,Team
4847,Quinn,Brown,quinn.brown.4847@example.com,2025-01-02,2025-04-09 00:35:35,125.13,true,Enterprise
4848,Sasha,Johnson,sasha.johnson.4848@example.com,2023-07-24,2024-01-31 20:30:01,2146.71,true,Free
4849,Drew,Garcia,drew.garcia.4849@example.com,2023-04-12,2023-08-19 11:39:21,6954.98,false,Pro
4850,Alex,Nguyen,alex.nguyen.4850@example.com,2023-01-10,2023-01-23 17:52:23,7004.06,false,Team
4851,Jordan,Lopez,jordan.lopez.4851@example.com,2026-04-05,2026-06-06 14:11:48,7044.91,false,Enterprise
4852,Taylor,Kim,taylor.kim.4852@example.com,2025-01-21,2025-10-17 20:57:35,4323.06,true,Free
4853,Casey,Smith,casey.smith.4853@example.com,2025-04-13,2025-06-13 13:46:17,5347.92,true,Pro
4854,Morgan,Singh,morgan.singh.4854@example.com,2024-07-26,2024-09-20 12:24:30,5350.02,false,Team
4855,Riley,Müller,riley.müller.4855@example.com,2024-10-05,2025-01-23 01:35:48,1961.39,true,Enterprise
4856,Avery,Patel,avery.patel.4856@example.com,2025-08-17,2025-12-07 13:47:17,1707.09,true,Free
4857,Quinn,Brown,quinn.brown.4857@example.com,2025-11-06,2025-12-03 05:47:09,6944.17,true,Pro
4858,Sasha,Johnson,sasha.johnson.4858@example.com,2023-07-18,2023-08-17 16:44:49,8465.79,true,Team
4859,Drew,Garcia,drew.garcia.4859@example.com,2025-10-21,2025-12-07 22:24:31,6967.24,true,Enterprise
4860,Alex,Nguyen,alex.nguyen.4860@example.com,2025-04-18,2025-10-13 04:20:37,7115.82,true,Free
4861,Jordan,Lopez,jordan.lopez.4861@example.com,2025-07-27,2026-04-01 17:27:41,262.09,true,Pro
4862,Taylor,Kim,taylor.kim.4862@example.com,2026-03-23,2026-04-20 00:34:13,5788.09,true,Team
4863,Casey,Smith,casey.smith.4863@example.com,2026-02-04,2026-05-13 16:30:37,1418.96,true,Enterprise
4864,Morgan,Singh,morgan.singh.4864@example.com,2023-07-14,2023-10-28 10:47:46,2373.62,true,Free
4865,Riley,Müller,riley.müller.4865@example.com,2024-01-10,2025-01-07 06:52:58,1106.25,true,Pro
4866,Avery,Patel,avery.patel.4866@example.com,2023-11-20,2024-02-17 11:37:07,3237.38,true,Team
4867,Quinn,Brown,quinn.brown.4867@example.com,2026-02-06,2027-01-18 23:16:01,8219.90,true,Enterprise
4868,Sasha,Johnson,sasha.johnson.4868@example.com,2024-08-22,2025-06-20 03:08:16,4.31,true,Free
4869,Drew,Garcia,drew.garcia.4869@example.com,2024-11-16,2025-10-22 06:52:37,7354.31,true,Pro
4870,Alex,Nguyen,alex.nguyen.4870@example.com,2023-02-09,2023-11-25 06:19:57,774.08,true,Team
4871,Jordan,Lopez,jordan.lopez.4871@example.com,2023-01-11,2023-07-24 16:23:59,2733.39,true,Enterprise
4872,Taylor,Kim,taylor.kim.4872@example.com,2023-04-18,2023-12-17 00:25:23,5741.54,false,Free
4873,Casey,Smith,casey.smith.4873@example.com,2023-06-30,2023-08-06 20:52:31,334.63,true,Pro
4874,Morgan,Singh,morgan.singh.4874@example.com,2023-02-15,2023-08-05 04:50:49,6904.21,true,Team
4875,Riley,Müller,riley.müller.4875@example.com,2025-09-24,2025-11-15 04:54:23,7008.13,true,Enterprise
4876,Avery,Patel,avery.patel.4876@example.com,2024-10-19,2024-11-30 22:43:08,5882.91,true,Free
4877,Quinn,Brown,quinn.brown.4877@example.com,2023-03-29,2023-08-26 10:24:40,6026.86,true,Pro
4878,Sasha,Johnson,sasha.johnson.4878@example.com,2024-07-05,2025-05-03 11:20:22,9059.41,true,Team
4879,Drew,Garcia,drew.garcia.4879@example.com,2023-06-05,2023-09-08 05:38:47,9198.77,true,Enterprise
4880,Alex,Nguyen,alex.nguyen.4880@example.com,2025-01-12,2025-05-22 02:47:21,4358.14,false,Free
4881,Jordan,Lopez,jordan.lopez.4881@example.com,2025-10-04,2026-06-07 20:21:33,5434.24,true,Pro
4882,Taylor,Kim,taylor.kim.4882@example.com,2023-02-21,2023-04-14 00:03:07,4933.43,true,Team
4883,Casey,Smith,casey.smith.4883@example.com,2025-12-13,2026-11-24 21:19:05,702.43,false,Enterprise
4884,Morgan,Singh,morgan.singh.4884@example.com,2025-11-09,2025-12-14 17:32:15,2538.28,true,Free
4885,Riley,Müller,riley.müller.4885@example.com,2025-04-09,2025-10-29 22:14:27,8177.83,true,Pro
4886,Avery,Patel,avery.patel.4886@example.com,2023-06-05,2023-08-29 05:40:50,9078.95,true,Team
4887,Quinn,Brown,quinn.brown.4887@example.com,2026-02-02,2026-09-02 18:56:39,9407.50,true,Enterprise
4888,Sasha,Johnson,sasha.johnson.4888@example.com,2024-12-11,2025-09-13 07:31:31,4648.06,true,Free
4889,Drew,Garcia,drew.garcia.4889@example.com,2024-11-20,2025-02-07 09:58:54,353.50,true,Pro
4890,Alex,Nguyen,alex.nguyen.4890@example.com,2025-03-05,2026-02-16 16:41:02,9366.39,false,Team
4891,Jordan,Lopez,jordan.lopez.4891@example.com,2025-06-23,2026-06-22 11:20:24,6241.40,true,Enterprise
4892,Taylor,Kim,taylor.kim.4892@example.com,2024-06-14,2024-11-22 13:37:42,6928.14,true,Free
4893,Casey,Smith,casey.smith.4893@example.com,2024-03-01,2024-04-25 22:33:14,4807.43,true,Pro
4894,Morgan,Singh,morgan.singh.4894@example.com,2024-12-07,2025-11-11 23:08:34,3666.62,true,Team
4895,Riley,Müller,riley.müller.4895@example.com,2023-04-29,2023-11-29 18:54:48,5142.28,true,Enterprise
4896,Avery,Patel,avery.patel.4896@example.com,2023-02-03,2023-11-20 23:14:45,1053.38,true,Free
4897,Quinn,Brown,quinn.brown.4897@example.com,2023-03-18,2023-10-12 02:32:51,1948.67,true,Pro
4898,Sasha,Johnson,sasha.johnson.4898@example.com,2023-03-01,2023-10-25 20:54:24,7340.63,true,Team
4899,Drew,Garcia,drew.garcia.4899@example.com,2024-08-16,2024-11-19 03:30:20,8941.39,true,Enterprise
4900,Alex,Nguyen,alex.nguyen.4900@example.com,2023-02-23,2023-10-20 17:17:33,7064.93,true,Free
4901,Jordan,Lopez,jordan.lopez.4901@example.com,2025-04-14,2025-11-17 19:13:34,4946.98,true,Pro
4902,Taylor,Kim,taylor.kim.4902@example.com,2024-05-20,2024-08-03 05:30:41,8146.46,true,Team
4903,Casey,Smith,casey.smith.4903@example.com,2023-10-27,2024-09-20 14:46:26,4936.62,true,Enterprise
4904,Morgan,Singh,morgan.singh.4904@example.com,2024-05-21,2025-05-19 00:57:05,238.80,true,Free
4905,Riley,Müller,riley.müller.4905@example.com,2024-09-15,2025-01-04 11:05:01,7413.00,true,Pro
4906,Avery,Patel,avery.patel.4906@example.com,2025-11-01,2026-05-27 19:01:53,7784.64,true,Team
4907,Quinn,Brown,quinn.brown.4907@example.com,2024-08-24,2024-09-25 19:12:17,1481.49,false,Enterprise
4908,Sasha,Johnson,sasha.johnson.4908@example.com,2023-04-01,2024-03-16 05:31:45,2593.71,true,Free
4909,Drew,Garcia,drew.garcia.4909@example.com,2024-07-19,2025-03-17 07:56:39,3395.08,true,Pro
4910,Alex,Nguyen,alex.nguyen.4910@example.com,2025-08-16,2026-06-04 09:41:05,9790.49,true,Team
4911,Jordan,Lopez,jordan.lopez.4911@example.com,2023-10-27,2024-06-28 19:38:26,7850.55,false,Enterprise
4912,Taylor,Kim,taylor.kim.4912@example.com,2023-05-07,2023-11-06 15:37:39,3834.93,true,Free
4913,Casey,Smith,casey.smith.4913@example.com,2023-11-27,2024-04-12 02:24:49,9793.69,true,Pro
4914,Morgan,Singh,morgan.singh.4914@example.com,2026-04-15,2026-09-08 04:52:10,5515.54,false,Team
4915,Riley,Müller,riley.müller.4915@example.com,2024-09-23,2024-10-02 18:01:41,7969.85,true,Enterprise
4916,Avery,Patel,avery.patel.4916@example.com,2024-10-25,2025-03-14 08:54:53,2988.93,false,Free
4917,Quinn,Brown,quinn.brown.4917@example.com,2024-07-27,2025-02-14 12:31:53,3147.68,true,Pro
4918,Sasha,Johnson,sasha.johnson.4918@example.com,2023-03-02,2023-11-27 22:57:36,4081.45,false,Team
4919,Drew,Garcia,drew.garcia.4919@example.com,2025-04-13,2026-03-15 22:38:56,8463.37,true,Enterprise
4920,Alex,Nguyen,alex.nguyen.4920@example.com,2025-09-03,2026-08-01 08:12:05,4078.16,true,Free
4921,Jordan,Lopez,jordan.lopez.4921@example.com,2023-12-07,2024-05-14 18:41:10,2239.18,true,Pro
4922,Taylor,Kim,taylor.kim.4922@example.com,2025-10-05,2025-12-29 13:01:07,8917.99,true,Team
4923,Casey,Smith,casey.smith.4923@example.com,2024-12-24,2025-05-11 01:45:20,1899.39,true,Enterprise
4924,Morgan,Singh,morgan.singh.4924@example.com,2024-08-10,2025-06-28 09:36:32,5115.14,false,Free
4925,Riley,Müller,riley.müller.4925@example.com,2024-03-10,2024-10-20 05:38:55,1752.63,true,Pro
4926,Avery,Patel,avery.patel.4926@example.com,2024-07-29,2024-12-09 04:14:21,6070.71,true,Team
4927,Quinn,Brown,quinn.brown.4927@example.com,2026-04-18,2027-04-06 13:01:19,7751.12,true,Enterprise
4928,Sasha,Johnson,sasha.johnson.4928@example.com,2023-11-18,2024-05-10 13:04:19,5415.44,true,Free
4929,Drew,Garcia,drew.garcia.4929@example.com,2023-03-04,2023-12-15 03:50:57,5120.73,true,Pro
4930,Alex,Nguyen,alex.nguyen.4930@example.com,2023-05-17,2023-09-12 06:25:02,2965.15,false,Team
4931,Jordan,Lopez,jordan.lopez.4931@example.com,2025-03-11,2025-03-15 02:26:26,7854.34,true,Enterprise
4932,Taylor,Kim,taylor.kim.4932@example.com,2024-05-06,2024-07-10 16:19:21,7330.80,false,Free
4933,Casey,Smith,casey.smith.4933@example.com,2026-01-25,2026-09-09 04:22:15,5127.19,true,Pro
4934,Morgan,Singh,morgan.singh.4934@example.com,2025-06-03,2025-06-04 19:31:01,6367.91,true,Team
4935,Riley,Müller,riley.müller.4935@example.com,2023-08-12,2023-08-14 20:27:11,1164.13,false,Enterprise
4936,Avery,Patel,avery.patel.4936@example.com,2024-07-28,2024-12-21 11:39:57,3497.02,true,Free
4937,Quinn,Brown,quinn.brown.4937@example.com,2024-01-30,2024-02-21 18:13:09,6733.09,true,Pro
4938,Sasha,Johnson,sasha.johnson.4938@example.com,2025-10-26,2026-04-12 08:29:25,5946.39,false,Team
4939,Drew,Garcia,drew.garcia.4939@example.com,2023-01-17,2023-02-07 01:28:01,3870.80,true,Enterprise
4940,Alex,Nguyen,alex.nguyen.4940@example.com,2025-01-30,2025-11-11 07:47:53,1815.91,true,Free
4941,Jordan,Lopez,jordan.lopez.4941@example.com,2025-10-31,2026-01-17 09:11:45,6599.25,true,Pro
4942,Taylor,Kim,taylor.kim.4942@example.com,2026-01-05,2026-08-14 08:50:57,1981.18,true,Team
4943,Casey,Smith,casey.smith.4943@example.com,2023-08-02,2024-01-15 15:01:51,7013.54,true,Enterprise
4944,Morgan,Singh,morgan.singh.4944@example.com,2025-09-25,2026-06-12 17:55:19,2909.10,true,Free
4945,Riley,Müller,riley.müller.4945@example.com,2026-01-02,2026-09-05 13:26:34,9775.73,true,Pro
4946,Avery,Patel,avery.patel.4946@example.com,2025-04-13,2025-05-23 20:23:01,8221.89,true,Team
4947,Quinn,Brown,quinn.brown.4947@example.com,2024-01-29,2024-07-10 11:51:39,4593.52,true,Enterprise
4948,Sasha,Johnson,sasha.johnson.4948@example.com,2026-02-14,2026-06-30 18:31:26,3839.45,true,Free
4949,Drew,Garcia,drew.garcia.4949@example.com,2026-02-16,2026-11-06 18:24:47,5298.72,true,Pro
4950,Alex,Nguyen,alex.nguyen.4950@example.com,2024-07-13,2025-01-07 22:10:00,2205.48,true,Team
4951,Jordan,Lopez,jordan.lopez.4951@example.com,2023-08-27,2023-11-01 08:41:33,2479.62,true,Enterprise
4952,Taylor,Kim,taylor.kim.4952@example.com,2026-02-02,2026-10-21 17:27:30,5341.69,true,Free
4953,Casey,Smith,casey.smith.4953@example.com,2024-03-04,2024-03-06 18:17:59,6339.45,true,Pro
4954,Morgan,Singh,morgan.singh.4954@example.com,2023-07-19,2023-11-23 03:58:42,1879.38,true,Team
4955,Riley,Müller,riley.müller.4955@example.com,2024-07-21,2024-11-09 13:13:03,9657.37,true,Enterprise
4956,Avery,Patel,avery.patel.4956@example.com,2023-04-07,2023-07-12 17:55:02,6080.23,false,Free
4957,Quinn,Brown,quinn.brown.4957@example.com,2023-06-02,2024-02-09 07:57:19,3977.88,true,Pro
4958,Sasha,Johnson,sasha.johnson.4958@example.com,2023-11-28,2024-10-12 05:45:55,7189.28,false,Team
4959,Drew,Garcia,drew.garcia.4959@example.com,2025-11-05,2026-04-19 08:13:01,9389.69,true,Enterprise
4960,Alex,Nguyen,alex.nguyen.4960@example.com,2024-01-18,2024-07-22 00:14:44,5052.51,true,Free
4961,Jordan,Lopez,jordan.lopez.4961@example.com,2025-04-27,2025-06-19 22:57:03,2469.16,true,Pro
4962,Taylor,Kim,taylor.kim.4962@example.com,2025-11-18,2026-08-18 00:21:13,6721.49,true,Team
4963,Casey,Smith,casey.smith.4963@example.com,2025-11-11,2026-02-14 15:35:30,8627.16,true,Enterprise
4964,Morgan,Singh,morgan.singh.4964@example.com,2024-01-09,2024-12-05 18:47:05,6798.50,true,Free
4965,Riley,Müller,riley.müller.4965@example.com,2023-05-29,2024-04-07 19:04:17,8970.29,true,Pro
4966,Avery,Patel,avery.patel.4966@example.com,2023-01-26,2023-09-12 10:47:30,9290.72,true,Team
4967,Quinn,Brown,quinn.brown.4967@example.com,2024-03-27,2025-01-21 01:17:44,4012.88,true,Enterprise
4968,Sasha,Johnson,sasha.johnson.4968@example.com,2023-02-01,2023-05-14 04:35:24,5823.92,false,Free
4969,Drew,Garcia,drew.garcia.4969@example.com,2025-10-07,2025-11-18 21:03:15,4480.25,false,Pro
4970,Alex,Nguyen,alex.nguyen.4970@example.com,2023-06-24,2023-08-30 09:26:10,7219.65,true,Team
4971,Jordan,Lopez,jordan.lopez.4971@example.com,2025-03-19,2025-10-15 13:16:59,1872.33,true,Enterprise
4972,Taylor,Kim,taylor.kim.4972@example.com,2025-12-03,2026-07-18 04:39:35,273.59,true,Free
4973,Casey,Smith,casey.smith.4973@example.com,2025-10-02,2026-03-17 02:57:02,476.47,true,Pro
4974,Morgan,Singh,morgan.singh.4974@example.com,2024-11-08,2025-07-01 15:56:22,2574.91,true,Team
4975,Riley,Müller,riley.müller.4975@example.com,2024-08-25,2025-08-11 21:14:04,7095.56,true,Enterprise
4976,Avery,Patel,avery.patel.4976@example.com,2024-05-28,2025-04-24 16:49:47,1459.85,true,Free
4977,Quinn,Brown,quinn.brown.4977@example.com,2026-04-24,2027-02-12 05:55:49,5219.25,false,Pro
4978,Sasha,Johnson,sasha.johnson.4978@example.com,2025-11-20,2026-08-27 08:16:18,885.42,true,Team
4979,Drew,Garcia,drew.garcia.4979@example.com,2023-05-17,2023-11-25 17:48:30,1254.46,true,Enterprise
4980,Alex,Nguyen,alex.nguyen.4980@example.com,2025-01-20,2025-06-24 18:51:18,6253.78,true,Free
4981,Jordan,Lopez,jordan.lopez.4981@example.com,2023-07-21,2024-04-01 19:32:59,2338.36,false,Pro
4982,Taylor,Kim,taylor.kim.4982@example.com,2024-09-17,2025-06-27 14:39:20,593.59,true,Team
4983,Casey,Smith,casey.smith.4983@example.com,2025-09-12,2026-01-06 04:24:31,3293.38,false,Enterprise
4984,Morgan,Singh,morgan.singh.4984@example.com,2024-02-21,2024-10-31 02:09:45,8129.47,false,Free
4985,Riley,Müller,riley.müller.4985@example.com,2026-01-12,2026-08-12 17:32:52,78.40,true,Pro
4986,Avery,Patel,avery.patel.4986@example.com,2023-02-17,2024-02-06 11:43:07,9959.06,false,Team
4987,Quinn,Brown,quinn.brown.4987@example.com,2023-05-04,2023-10-15 16:14:46,9577.04,true,Enterprise
4988,Sasha,Johnson,sasha.johnson.4988@example.com,2023-11-25,2023-12-03 23:39:15,6682.50,true,Free
4989,Drew,Garcia,drew.garcia.4989@example.com,2025-08-28,2026-07-29 00:05:05,3833.28,true,Pro
4990,Alex,Nguyen,alex.nguyen.4990@example.com,2024-02-08,2025-01-04 06:01:13,6936.72,true,Team
4991,Jordan,Lopez,jordan.lopez.4991@example.com,2023-01-02,2023-03-26 11:11:43,4088.00,true,Enterprise
4992,Taylor,Kim,taylor.kim.4992@example.com,2023-08-23,2024-04-07 16:41:50,25.80,true,Free
4993,Casey,Smith,casey.smith.4993@example.com,2023-10-10,2024-07-23 07:55:46,8664.80,true,Pro
4994,Morgan,Singh,morgan.singh.4994@example.com,2024-09-20,2025-02-10 04:41:40,1085.66,false,Team
4995,Riley,Müller,riley.müller.4995@example.com,2024-09-26,2025-08-04 15:28:54,9777.14,true,Enterprise
4996,Avery,Patel,avery.patel.4996@example.com,2023-12-19,2024-08-16 11:42:49,3710.69,true,Free
4997,Quinn,Brown,quinn.brown.4997@example.com,2024-03-08,2024-12-13 05:56:24,4726.33,true,Pro
4998,Sasha,Johnson,sasha.johnson.4998@example.com,2024-06-01,2025-04-03 17:58:51,699.60,true,Team
4999,Drew,Garcia,drew.garcia.4999@example.com,2024-01-19,2024-09-06 13:39:20,7239.09,true,Enterprise
5000,Alex,Nguyen,alex.nguyen.5000@example.com,2025-04-12,2025-09-08 10:23:31,8296.63,false,Free
